fdc_id,food_code,description,wweia_category_number,wweia_category_description,state_hint,kcal_per_100g,protein_g_per_100g,carbs_g_per_100g,fat_g_per_100g,fiber_g_per_100g,sugar_g_per_100g,sodium_mg_per_100g,atwater_kcal,atwater_ratio,publication_date
2706337,26301110,Abalone,2404,Shellfish,,177,21.24,7.46,6.12,0,0,574,169.9,0.960,2022-10-28
2708809,58137300,"Adobo, with noodles",3004,Poultry mixed dishes,,172,16.89,8.14,7.66,0.4,0.03,510,169.1,0.983,2022-10-28
2708958,58150530,"Adobo, with rice",3004,Poultry mixed dishes,,181,17.69,8.86,7.94,0.2,0.03,522,177.7,0.982,2022-10-28
2710282,91302020,Agave liquid sweetener,8802,Sugars and honey,,310,0.09,76.37,0.45,0.2,68.03,4,309.9,1.000,2022-10-28
2710681,93301400,Alcoholic coffee drink,7506,Liquor and cocktails,,88,0.21,2.1,2.38,0,2.04,3,30.7,0.348,2022-10-28
2710620,93106100,Alcoholic malt beverage,7502,Beer,,58,0.9,0.27,0,0,0,4,4.7,0.081,2022-10-28
2710619,93106000,"Alcoholic malt beverage, sweetened",7502,Beer,,68,0,10.07,0,0,9.77,5,40.3,0.592,2022-10-28
2709765,75100500,"Alfalfa sprouts, raw",6420,Other vegetables and combinations,raw,23,3.99,2.1,0.69,1.9,0.2,6,30.6,1.329,2022-10-28
2705809,14650160,Alfredo sauce,8412,"Dips, gravies, other sauces",,150,2.12,1.77,15,0,0.9,552,150.6,1.004,2022-10-28
2705810,14650165,Alfredo sauce with added vegetables,8412,"Dips, gravies, other sauces",,122,2.07,2.65,11.54,0.4,1.44,423,122.7,1.006,2022-10-28
2705811,14650170,Alfredo sauce with meat,8412,"Dips, gravies, other sauces",,171,6.52,1.44,15.34,0,0.73,520,169.9,0.994,2022-10-28
2705812,14650175,Alfredo sauce with meat and added vegetables,8412,"Dips, gravies, other sauces",,148,6.47,2.15,12.53,0.3,1.17,415,147.2,0.995,2022-10-28
2705813,14650180,Alfredo sauce with poultry,8412,"Dips, gravies, other sauces",,156,6.87,1.44,13.6,0,0.73,518,155.6,0.998,2022-10-28
2705814,14650185,Alfredo sauce with poultry and added vegetables,8412,"Dips, gravies, other sauces",,133,6.83,2.15,10.79,0.3,1.17,413,133.0,1.000,2022-10-28
2705815,14650190,Alfredo sauce with seafood,8412,"Dips, gravies, other sauces",,145,5.91,1.99,12.46,0,0.73,541,143.7,0.991,2022-10-28
2705816,14650195,Alfredo sauce with seafood and added vegetables,8412,"Dips, gravies, other sauces",,122,5.87,2.7,9.66,0.3,1.17,436,121.2,0.994,2022-10-28
2707533,42200500,Almond butter,2804,Nuts and seeds,,641,20.67,21.11,52.72,9.6,4.4,232,641.6,1.001,2022-10-28
2707565,42304040,"Almond butter and jelly sandwich, on wheat bread",3722,Peanut butter and jelly sandwiches,,372,12.04,42.86,17.2,5.8,13.19,307,374.4,1.006,2022-10-28
2707564,42304030,"Almond butter and jelly sandwich, on white bread",3722,Peanut butter and jelly sandwiches,,374,10.98,44.88,16.99,4.2,13.26,313,376.4,1.006,2022-10-28
2707563,42304020,"Almond butter sandwich, on wheat bread",3722,Peanut butter and jelly sandwiches,,395,14.62,36.97,20.93,6.9,4.93,368,394.7,0.999,2022-10-28
2707562,42304010,"Almond butter sandwich, on white bread",3722,Peanut butter and jelly sandwiches,,397,13.34,39.43,20.68,4.9,5.01,374,397.2,1.001,2022-10-28
2707534,42200510,"Almond butter, lower sodium",2804,Nuts and seeds,,645,20.79,21.24,53.04,9.7,4.43,1,645.5,1.001,2022-10-28
2706797,27445250,Almond chicken,3404,Stir-fry and soy-based sauce mixtures,,195,15.66,4.46,13.16,1.2,1.42,330,198.9,1.020,2022-10-28
2705408,11350010,"Almond milk, chocolate",1902,Plant-based milk,,43,0.57,7.44,1.2,0.1,6.97,56,42.8,0.996,2022-10-28
2705410,11350040,"Almond milk, NFS",1902,Plant-based milk,,20,0.54,1.53,1.21,0,1.2,59,19.2,0.959,2022-10-28
2705407,11350000,"Almond milk, sweetened",1902,Plant-based milk,,30,0.53,4.31,1.18,0,3.99,58,30.0,0.999,2022-10-28
2705409,11350020,"Almond milk, unsweetened",1902,Plant-based milk,,15,0.55,0.34,1.22,0,0,60,14.5,0.969,2022-10-28
2710181,82101300,Almond oil,8012,Salad dressings and vegetable oils,,884,0,0,100,0,0,0,900.0,1.018,2022-10-28
2707535,42200600,Almond paste,2804,Nuts and seeds,,458,9,47.81,27.74,4.8,36.25,9,476.9,1.041,2022-10-28
2710326,91701010,"Almonds, chocolate covered candy",5702,Candy containing chocolate,,560,12.97,44.04,38.81,6.4,32.84,49,577.3,1.031,2022-10-28
2707490,42101300,"Almonds, flavored",2804,Nuts and seeds,,599,20.07,20.12,53.27,10.4,4.65,500,640.2,1.069,2022-10-28
2707491,42101350,"Almonds, honey roasted",2804,Nuts and seeds,,579,14.11,35.84,45.34,7.3,25.01,385,607.9,1.050,2022-10-28
2707488,42101120,"Almonds, lightly salted",2804,Nuts and seeds,,604,20.23,20.28,53.7,10.5,4.69,195,645.3,1.068,2022-10-28
2707485,42100100,"Almonds, NFS",2804,Nuts and seeds,,598,20.96,21.01,52.54,10.9,4.86,3,640.7,1.071,2022-10-28
2707487,42101110,"Almonds, salted",2804,Nuts and seeds,,601,20.13,20.18,53.43,10.5,4.67,386,642.1,1.068,2022-10-28
2707486,42101000,"Almonds, unroasted",2804,Nuts and seeds,,626,21.45,20.03,51.09,10.8,4.35,0,625.7,1.000,2022-10-28
2707489,42101130,"Almonds, unsalted",2804,Nuts and seeds,,607,20.33,20.38,53.96,10.6,4.71,3,648.5,1.068,2022-10-28
2709833,75200700,Aloe vera juice drink,7006,Other fruit juice,,15,0,3.75,0,0,3.75,8,15.0,1.000,2022-10-28
2709286,63301010,Ambrosia,6018,Other fruits and fruit salads,,75,0.81,16.45,0.98,2,12.81,1,77.9,1.038,2022-10-28
2710165,81201000,Animal fat or drippings,8002,Butter and animal fats,,841,2.23,0,92.18,0,0,604,838.5,0.997,2022-10-28
2707703,51187020,Anisette toast,5504,Cookies and brownies,,373,7.63,66.99,8.38,1.4,28.44,262,373.9,1.002,2022-10-28
2706874,27460510,"Antipasto with ham, fish, cheese, vegetables",3002,Meat mixed dishes,,158,11.62,3.75,10.7,1.1,1.51,854,157.8,0.999,2022-10-28
2709319,64101010,Apple cider,7004,Apple juice,,46,0.1,11.3,0.13,0.2,9.62,4,46.8,1.017,2022-10-28
2710591,92550360,"Apple juice beverage, 40-50% juice, light",7204,Fruit drinks,,22,0,5.1,0.1,0,4.8,13,21.3,0.968,2022-10-28
2709320,64104010,"Apple juice, 100%",7004,Apple juice,,48,0.09,11.34,0.25,0.2,10.13,5,48.0,0.999,2022-10-28
2709321,64104030,"Apple juice, 100%, with calcium added",7004,Apple juice,,48,0.12,11.49,0.17,0.3,9.47,5,48.0,0.999,2022-10-28
2709219,63101210,Apple pie filling,6002,Apples,,100,0.1,26.1,0.1,1,13.8,47,105.7,1.057,2022-10-28
2709293,63401010,Apple salad with dressing,6018,Other fruits and fruit salads,,180,1.45,12.2,14.24,2,9.1,87,182.8,1.015,2022-10-28
2709220,63101310,"Apple, baked",6002,Apples,baked,113,0.32,22.7,3.08,2.5,19.01,4,119.8,1.060,2022-10-28
2709294,63401060,"Apple, candied",6002,Apples,,134,1.34,29.61,2.15,1.8,24.17,62,143.2,1.068,2022-10-28
2709196,62101100,"Apple, dried",6016,Dried fruits,dried,243,0.93,65.89,0.32,8.7,57.19,87,270.2,1.112,2022-10-28
2709215,63101000,"Apple, raw",6002,Apples,raw,61,0.17,14.8,0.15,2.1,12.08,0,61.2,1.004,2022-10-28
2709218,63101150,"Applesauce, flavored",6002,Apples,,75,0.25,17.97,0.17,1,15.56,1,74.4,0.992,2022-10-28
2709216,63101110,"Applesauce, regular",6002,Apples,,75,0.25,17.97,0.17,1,15.56,1,74.4,0.992,2022-10-28
2709217,63101120,"Applesauce, unsweetened",6002,Apples,,52,0.27,12.26,0.16,1.1,9.66,1,51.6,0.992,2022-10-28
2709341,64201010,Apricot nectar,7204,Fruit drinks,,56,0.17,13.63,0.45,0.1,12.79,8,59.2,1.058,2022-10-28
2709222,63103110,"Apricot, canned",6018,Other fruits and fruit salads,,57,0.65,13.85,0.17,1.5,12.39,3,59.5,1.044,2022-10-28
2709197,62104100,"Apricot, dried",6016,Dried fruits,dried,241,3.39,62.64,0.51,7.3,53.44,10,268.7,1.115,2022-10-28
2709221,63103010,"Apricot, raw",6018,Other fruits and fruit salads,raw,48,1.4,11.12,0.39,2,9.24,1,53.6,1.116,2022-10-28
2707828,52220110,Arepa Dominicana,4402,"Biscuits, muffins, quick breads",,267,5.66,30.47,14,2.4,3.25,399,270.5,1.013,2022-10-28
2705926,23340100,Armadillo,2008,"Lamb, goat, game",,159,28.08,0,4.34,0,0,367,151.4,0.952,2022-10-28
2709766,75100750,Artichoke,6420,Other vegetables and combinations,,53,2.89,11.95,0.34,5.7,0.99,60,62.4,1.178,2022-10-28
2705782,14620110,Artichoke dip,8412,"Dips, gravies, other sauces",,331,3.86,5.78,32.67,0.9,2.08,607,332.6,1.005,2022-10-28
2710039,75400500,"Artichokes, stuffed",3104,Vegetable dishes,,160,5.33,22.28,5.94,3.9,2.13,404,163.9,1.024,2022-10-28
2706817,27446355,"Asian chicken or turkey garden salad with crispy noodles, chicken and/or turkey, lettuce, fruit, nuts, crispy noodles, no dressing",3004,Poultry mixed dishes,,116,10.24,8.11,5.26,1.8,3,167,120.7,1.041,2022-10-28
2706816,27446350,"Asian chicken or turkey garden salad, chicken and/or turkey, lettuce, fruit, nuts, no dressing",3004,Poultry mixed dishes,,130,11.44,9.5,5.46,1.9,2.99,176,132.9,1.022,2022-10-28
2710036,75340020,"Asian stir fry vegetables, cooked, fat added",6420,Other vegetables and combinations,,71,2.01,9.65,2.84,2.8,3.53,146,72.2,1.017,2022-10-28
2710035,75340010,"Asian stir fry vegetables, cooked, no added fat",6420,Other vegetables and combinations,,50,2.07,9.93,0.3,2.9,3.63,141,50.7,1.014,2022-10-28
2709846,75202035,"Asparagus, canned, cooked with butter or margarine",6420,Other vegetables and combinations,,38,2.09,2.4,2.82,1.6,1.04,296,43.3,1.141,2022-10-28
2709845,75202034,"Asparagus, canned, cooked with oil",6420,Other vegetables and combinations,,45,2.08,2.39,3.54,1.6,1.03,279,49.7,1.105,2022-10-28
2709840,75202023,"Asparagus, canned, cooked, fat added, NS as to fat type",6420,Other vegetables and combinations,,41,2.09,2.39,3.18,1.6,1.03,287,46.5,1.135,2022-10-28
2709836,75202013,"Asparagus, canned, cooked, no added fat",6420,Other vegetables and combinations,,19,2.14,2.46,0.65,1.6,1.06,287,24.2,1.276,2022-10-28
2709842,75202028,"Asparagus, fresh, cooked with butter or margarine",6420,Other vegetables and combinations,raw,42,2.31,4.05,2.48,2.2,1.97,141,47.8,1.137,2022-10-28
2709841,75202027,"Asparagus, fresh, cooked with oil",6420,Other vegetables and combinations,raw,49,2.29,4.04,3.25,2.2,1.96,123,54.6,1.114,2022-10-28
2709838,75202021,"Asparagus, fresh, cooked, fat added, NS as to fat type",6420,Other vegetables and combinations,raw,45,2.3,4.04,2.86,2.2,1.96,132,51.1,1.136,2022-10-28
2709834,75202011,"Asparagus, fresh, cooked, no added fat",6420,Other vegetables and combinations,raw,21,2.36,4.16,0.13,2.3,2.02,127,27.2,1.298,2022-10-28
2709844,75202032,"Asparagus, frozen, cooked with butter or margarine",6420,Other vegetables and combinations,,37,2.87,1.87,2.59,1.5,0.32,132,42.3,1.142,2022-10-28
2709843,75202031,"Asparagus, frozen, cooked with oil",6420,Other vegetables and combinations,,44,2.86,1.86,3.31,1.5,0.31,115,48.7,1.106,2022-10-28
2709839,75202022,"Asparagus, frozen, cooked, fat added, NS as to fat type",6420,Other vegetables and combinations,,40,2.86,1.86,2.95,1.5,0.32,124,45.4,1.136,2022-10-28
2709835,75202012,"Asparagus, frozen, cooked, no added fat",6420,Other vegetables and combinations,,18,2.94,1.91,0.42,1.6,0.32,119,23.2,1.288,2022-10-28
2709837,75202020,"Asparagus, NS as to form, cooked",6420,Other vegetables and combinations,,45,2.3,4.04,2.86,2.2,1.96,132,51.1,1.136,2022-10-28
2709767,75100800,"Asparagus, raw",6420,Other vegetables and combinations,raw,20,2.2,3.88,0.12,2.1,1.88,2,25.4,1.270,2022-10-28
2710607,92613010,Atole,7220,Smoothies and grain drinks,,86,1.69,16.28,1.54,0.2,13.87,18,85.7,0.997,2022-10-28
2710605,92611100,Atole de avena,7220,Smoothies and grain drinks,,83,1.74,15.46,1.58,0.2,13.98,18,83.0,1.000,2022-10-28
2710608,92613510,Atole de chocolate,7220,Smoothies and grain drinks,,103,1.8,20.3,1.78,0.6,17.24,30,104.4,1.014,2022-10-28
2710208,83112000,Avocado dressing,8012,Salad dressings and vegetable oils,,427,1.9,7.36,43.33,0.1,6.67,867,427.0,1.000,2022-10-28
2710248,89902000,"Avocado, for use on a sandwich",6489,Vegetables on a sandwich,,160,2,8.53,14.66,6.7,0.66,7,174.1,1.088,2022-10-28
2709223,63105010,"Avocado, raw",6420,Other vegetables and combinations,raw,160,2,8.53,14.66,6.7,0.66,7,174.1,1.088,2022-10-28
2709363,67102010,"Baby Toddler apples, Stage 1",9004,Baby food: fruit,,41,0.2,10.8,0.2,1.7,9.87,0,45.8,1.117,2022-10-28
2709364,67102030,"Baby Toddler apples, Stage 2",9004,Baby food: fruit,,37,0,10.3,0,1.7,8.48,1,41.2,1.114,2022-10-28
2709365,67105030,"Baby Toddler bananas, Stage 1",9004,Baby food: fruit,,91,1,21.34,0.2,1.6,11.36,2,91.2,1.002,2022-10-28
2709366,67105040,"Baby Toddler bananas, Stage 2",9004,Baby food: fruit,,91,1,21.34,0.2,1.6,11.36,2,91.2,1.002,2022-10-28
2708129,53801000,Baby Toddler bar,9012,Baby food: snacks and sweets,,344,5.43,68.63,5.3,1.7,42,157,343.9,1.000,2022-10-28
2705861,21701010,Baby Toddler beef,9008,Baby food: meat and dinners,,81,12.03,2.43,2.52,0,0,41,80.5,0.994,2022-10-28
2710126,76403010,Baby Toddler beets,9006,Baby food: vegetables,,34,1.3,7.7,0.1,1.9,6.09,83,36.9,1.085,2022-10-28
2708131,53803300,Baby Toddler biscuit,9012,Baby food: snacks and sweets,,395,11.37,80.53,2.97,1.5,15.6,300,394.3,0.998,2022-10-28
2710118,76201010,"Baby Toddler carrots, Stage 1",9006,Baby food: vegetables,,26,0.8,6,0.1,1.7,3.64,69,28.1,1.081,2022-10-28
2710119,76201040,"Baby Toddler carrots, Stage 2",9006,Baby food: vegetables,,32,0.8,7.2,0.2,1.7,3.16,49,33.8,1.056,2022-10-28
2708491,57801000,"Baby Toddler cereal, barley, dry",9002,Baby food: cereals,,376,13.2,69.4,6.6,6.6,13.2,33,389.8,1.037,2022-10-28
2708495,57806000,"Baby Toddler cereal, multigrain with fruit, dry",9002,Baby food: cereals,,404,6.53,80.47,6.43,6.9,27.7,32,405.9,1.005,2022-10-28
2708502,57822000,"Baby Toddler cereal, multigrain with fruit, ready-to-eat",9002,Baby food: cereals,,88,1.46,19.24,0.68,1.2,8.18,2,88.9,1.010,2022-10-28
2708496,57806050,"Baby Toddler cereal, multigrain, dry",9002,Baby food: cereals,,407,6.67,80.06,6.67,6.7,26.67,33,407.0,1.000,2022-10-28
2708501,57820300,"Baby Toddler cereal, multigrain, ready-to-eat",9002,Baby food: cereals,,75,1.87,15,0.89,1.1,1.16,2,75.5,1.007,2022-10-28
2708498,57820000,"Baby Toddler cereal, NFS",9002,Baby food: cereals,,89,1.92,18.4,0.96,1.8,7.82,2,89.9,1.010,2022-10-28
2708497,57806100,"Baby Toddler cereal, oatmeal with fruit, dry",9002,Baby food: cereals,,392,10.64,74.22,6.13,7.4,13.45,20,394.6,1.007,2022-10-28
2708503,57823000,"Baby Toddler cereal, oatmeal with fruit, ready-to-eat",9002,Baby food: cereals,,89,1.92,18.4,0.96,1.8,7.82,2,89.9,1.010,2022-10-28
2708492,57804000,"Baby Toddler cereal, oatmeal, dry",9002,Baby food: cereals,,394,10.99,73.48,6.36,7.3,11.67,21,395.1,1.003,2022-10-28
2708500,57820200,"Baby Toddler cereal, oatmeal, ready-to-eat",9002,Baby food: cereals,,76,2.54,13.77,1.3,1.9,0.62,2,76.9,1.012,2022-10-28
2708494,57805090,"Baby Toddler cereal, rice with fruit, dry",9002,Baby food: cereals,,388,6.51,83.4,2.17,1.7,6.97,31,379.2,0.977,2022-10-28
2708504,57824000,"Baby Toddler cereal, rice with fruit, ready-to-eat",9002,Baby food: cereals,,87,1.12,19.98,0.27,0.6,7.54,2,86.8,0.998,2022-10-28
2708493,57805000,"Baby Toddler cereal, rice, dry",9002,Baby food: cereals,,390,6.65,83.14,2.19,1.3,4.85,32,378.9,0.971,2022-10-28
2708499,57820100,"Baby Toddler cereal, rice, ready-to-eat",9002,Baby food: cereals,,73,1.38,16.09,0.3,0.1,0.21,2,72.6,0.994,2022-10-28
2706151,24701010,Baby Toddler chicken,9008,Baby food: meat and dinners,,130,13.7,0.1,7.9,0,0,49,126.3,0.972,2022-10-28
2708130,53803100,Baby Toddler cookie,9012,Baby food: snacks and sweets,,420,9.88,69.79,11.24,3,24.55,280,419.8,1.000,2022-10-28
2708190,54350000,Baby Toddler crackers,9012,Baby food: snacks and sweets,,391,12.5,83.21,0.87,0,12.5,313,390.7,0.999,2022-10-28
2708193,54360000,Baby Toddler crunchies,9012,Baby food: snacks and sweets,,462,3.2,69.14,19.24,1.2,14,250,462.5,1.001,2022-10-28
2705463,11480000,"Baby Toddler food, NFS",9007,Baby food: mixtures,,75,4.9,9.08,2.15,1.1,4.47,27,75.3,1.004,2022-10-28
2709362,67100480,Baby Toddler fruit and meat,9007,Baby food: mixtures,,82,2.26,16.44,0.99,1.8,9.06,6,83.7,1.021,2022-10-28
2709357,67100350,"Baby Toddler fruit and vegetables, Stage 2",9007,Baby food: mixtures,,59,0.98,13.69,0.23,1.7,7.46,14,60.8,1.030,2022-10-28
2709358,67100360,"Baby Toddler fruit and vegetables, Stage 3",9007,Baby food: mixtures,,59,0.98,13.69,0.23,1.7,7.46,14,60.8,1.030,2022-10-28
2709359,67100450,"Baby Toddler fruit and vegetables, with grain",9007,Baby food: mixtures,,69,1.48,15.31,0.48,2,6.73,16,71.5,1.036,2022-10-28
2709360,67100460,"Baby Toddler fruit and vegetables, with yogurt",9007,Baby food: mixtures,,69,2.1,11.29,1.84,1,6.55,26,70.1,1.016,2022-10-28
2709352,67100000,"Baby Toddler fruit, NFS",9004,Baby food: fruit,,68,0.68,16.44,0.21,1.7,10.49,2,70.4,1.035,2022-10-28
2709361,67100470,"Baby Toddler fruit, vegetables, and meat",9007,Baby food: mixtures,,75,2.63,14.14,1.06,1.8,6.06,19,76.6,1.022,2022-10-28
2709355,67100250,"Baby Toddler fruit, with grain",9007,Baby food: mixtures,,78,1.07,17.96,0.41,2,10.11,2,79.8,1.023,2022-10-28
2709356,67100260,"Baby Toddler fruit, with yogurt",9007,Baby food: mixtures,,76,1.87,13.36,1.83,1.1,8.82,17,77.4,1.018,2022-10-28
2710124,76401010,"Baby Toddler green beans, Stage 1",9006,Baby food: vegetables,,24,1.2,5.8,0.1,1.9,1.08,5,28.9,1.204,2022-10-28
2710125,76401040,"Baby Toddler green beans, Stage 2",9006,Baby food: vegetables,,24,1.2,5.8,0.1,1.9,1.08,5,28.9,1.204,2022-10-28
2705903,22810010,Baby Toddler ham,9008,Baby food: meat and dinners,,97,11.3,3.7,3.8,0,0,44,94.2,0.971,2022-10-28
2709374,67202000,"Baby Toddler juice, apple",9202,Baby juice,,47,0,11.7,0.1,0.1,10.7,8,47.7,1.015,2022-10-28
2709378,67230600,"Baby Toddler juice, fruit and vegetable",9202,Baby juice,,47,0.3,11.4,0.1,0.5,9.6,5,47.7,1.015,2022-10-28
2709379,67250150,"Baby Toddler juice, fruit and yogurt blend",9007,Baby food: mixtures,,69,1.56,12.7,1.48,1,8.59,14,70.4,1.020,2022-10-28
2709375,67203800,"Baby Toddler juice, grape",9202,Baby juice,,62,0,15.38,0,0,15.3,10,61.5,0.992,2022-10-28
2709376,67204000,"Baby Toddler juice, mixed fruit",9202,Baby juice,,47,0,11.7,0.1,0.1,10.7,8,47.7,1.015,2022-10-28
2709373,67201000,"Baby Toddler juice, NFS",9202,Baby juice,,47,0,11.7,0.1,0.1,10.7,8,47.7,1.015,2022-10-28
2709377,67212000,"Baby Toddler juice, pear",9202,Baby juice,,43,0,11.86,0,0.1,7.28,8,47.4,1.103,2022-10-28
2709372,67110100,Baby Toddler mangoes,9004,Baby food: fruit,,60,0.82,14.98,0.38,1.6,13.66,1,66.6,1.110,2022-10-28
2705904,22820000,Baby Toddler meat stick,9008,Baby food: meat and dinners,,188,13.7,1.4,14.2,0.2,1.4,295,188.2,1.001,2022-10-28
2705821,20000300,"Baby Toddler meat, NFS",9008,Baby food: meat and dinners,,112,12.58,1.25,5.99,0,0,47,109.2,0.975,2022-10-28
2709353,67100100,"Baby Toddler multiple fruit, Stage 2",9004,Baby food: fruit,,68,0.68,16.44,0.21,1.7,10.49,2,70.4,1.035,2022-10-28
2709354,67100105,"Baby Toddler multiple fruit, Stage 3",9004,Baby food: fruit,,68,0.68,16.44,0.21,1.7,10.49,2,70.4,1.035,2022-10-28
2710127,76407010,"Baby Toddler multiple vegetables, Stage 2",9006,Baby food: vegetables,,44,1.44,9.56,0.25,1.6,2.92,32,46.2,1.051,2022-10-28
2710128,76407020,"Baby Toddler multiple vegetables, Stage 3",9006,Baby food: vegetables,,44,1.44,9.56,0.25,1.6,2.92,32,46.2,1.051,2022-10-28
2709367,67108010,"Baby Toddler peaches, Stage 1",9004,Baby food: fruit,,65,0.94,14.48,0.33,1.3,11.5,4,64.7,0.995,2022-10-28
2709368,67108040,"Baby Toddler peaches, Stage 2",9004,Baby food: fruit,,65,0.94,14.48,0.33,1.3,11.5,4,64.7,0.995,2022-10-28
2709369,67109010,"Baby Toddler pears, Stage 1",9004,Baby food: fruit,,42,0.3,10.8,0.2,2.8,6.98,1,46.2,1.100,2022-10-28
2709370,67109040,"Baby Toddler pears, Stage 2",9004,Baby food: fruit,,44,0.3,11.6,0.1,2.8,7.34,1,48.5,1.102,2022-10-28
2710131,76409010,"Baby Toddler peas, Stage 1",9006,Baby food: vegetables,,50,3.27,8.36,0.43,2,2.01,5,50.4,1.008,2022-10-28
2710132,76409040,"Baby Toddler peas, Stage 2",9006,Baby food: vegetables,,50,3.27,8.36,0.43,2,2.01,5,50.4,1.008,2022-10-28
2709371,67110000,Baby Toddler prunes,9004,Baby food: fruit,,100,1,23.52,0.2,2.7,14.28,1,99.9,0.999,2022-10-28
2709380,67408010,Baby Toddler pudding,9012,Baby food: snacks and sweets,,86,1.76,17.58,0.98,0.2,12.2,26,86.2,1.002,2022-10-28
2708191,54350100,"Baby Toddler puffs, fruit",9012,Baby food: snacks and sweets,,344,6.19,85.79,2.3,3.8,17.84,13,388.6,1.130,2022-10-28
2708192,54350200,"Baby Toddler puffs, vegetable",9012,Baby food: snacks and sweets,,344,6.19,85.79,2.3,3.8,17.84,13,388.6,1.130,2022-10-28
2708128,53800000,"Baby Toddler snack, NFS",9012,Baby food: snacks and sweets,,359,7.34,83.4,3.29,3.4,18.18,83,392.6,1.094,2022-10-28
2710120,76205010,"Baby Toddler squash, Stage 1",9006,Baby food: vegetables,,28,0.81,5.73,0.2,0.9,3.37,5,28.0,0.999,2022-10-28
2710121,76205040,"Baby Toddler squash, Stage 2",9006,Baby food: vegetables,,24,0.81,5.73,0.2,0.9,3.24,5,28.0,1.165,2022-10-28
2710122,76209010,"Baby Toddler sweet potatoes, Stage 1",9006,Baby food: vegetables,,57,1.1,13.2,0.1,1.5,4.05,22,58.1,1.019,2022-10-28
2710123,76209040,"Baby Toddler sweet potatoes, Stage 2",9006,Baby food: vegetables,,60,1.1,14,0.1,1.5,4.24,18,61.3,1.022,2022-10-28
2706152,24703010,Baby Toddler turkey,9008,Baby food: meat and dinners,,111,11.5,1.4,6.2,0,0,49,107.4,0.968,2022-10-28
2710117,76000000,"Baby Toddler vegetable, NFS",9006,Baby food: vegetables,,44,1.44,9.56,0.25,1.6,2.92,32,46.2,1.051,2022-10-28
2710130,76407080,Baby Toddler vegetables and meat,9007,Baby food: mixtures,,64,2.95,11.18,1.08,1.8,2.81,32,66.2,1.035,2022-10-28
2710129,76407050,"Baby Toddler vegetables, with grain",9007,Baby food: mixtures,,58,1.84,12.01,0.5,1.9,3.1,31,59.9,1.033,2022-10-28
2708194,54360100,Baby Toddler wheels,9012,Baby food: snacks and sweets,,413,10,78.89,6.41,0,10,350,413.2,1.001,2022-10-28
2709381,67430500,Baby Toddler yogurt melts,9012,Baby food: snacks and sweets,,380,14.29,71.82,4,2.3,57.14,286,380.4,1.001,2022-10-28
2705464,11480010,"Baby Toddler yogurt, plain",9010,Baby food: yogurt,,78,3.82,5.57,4.48,0,4.09,42,77.9,0.998,2022-10-28
2705465,11480100,"Baby Toddler yogurt, with fruit",9010,Baby food: yogurt,,98,3.48,11.9,4.04,0.1,8.53,41,97.9,0.999,2022-10-28
2708717,58117410,Bacalaitos fritos,3006,Seafood mixed dishes,,281,14.43,36.1,8.63,1.2,0.12,233,279.8,0.996,2022-10-28
2710198,83101600,Bacon and tomato dressing,8012,Salad dressings and vegetable oils,,326,1.8,2,35,0.2,2,905,330.2,1.013,2022-10-28
2707337,34002110,Bacon biscuit sandwich,3706,Egg/breakfast sandwiches,,382,13.71,29.26,23.2,1.6,3.09,1090,380.7,0.997,2022-10-28
2707466,41810250,Bacon bits,2604,Bacon,,476,32,28.6,25.9,10.2,0,1770,475.5,0.999,2022-10-28
2705890,22601040,"Bacon or side pork, fresh, cooked",2604,Bacon,raw,468,33.92,1.7,35.09,0,0,1684,458.3,0.979,2022-10-28
2707465,41810200,"Bacon strip, meatless",2806,Soy and meat-alternative products,,309,11.69,5.31,29.52,2.6,0,1465,333.7,1.080,2022-10-28
2710256,89902100,"Bacon, for use on a sandwich",9999,Not included in a food category,,494,39.36,2.01,36.19,0,2.45,1798,491.2,0.994,2022-10-28
2710239,89901000,"Bacon, for use with vegetables",9999,Not included in a food category,,468,33.92,1.7,35.09,0,0,1684,458.3,0.979,2022-10-28
2706980,27520620,"Bacon, lettuce, tomato sandwich on wheat",3740,Deli and cured meat sandwiches,,229,12.02,27.53,7.76,3.4,3.59,515,228.0,0.996,2022-10-28
2706979,27520610,"Bacon, lettuce, tomato sandwich on white",3740,Deli and cured meat sandwiches,,231,10.89,29.71,7.54,1.7,3.67,521,230.3,0.997,2022-10-28
2705885,22600100,"Bacon, NS as to type of meat, cooked",2604,Bacon,,484,37.41,1.9,35.8,0,1.57,1757,479.4,0.991,2022-10-28
2705886,22600110,"Bacon, NS as to type of meat, reduced sodium, cooked",2604,Bacon,,253,13.33,4.8,20,0,0,900,252.5,0.998,2022-10-28
2707684,51180010,Bagel,4206,Bagels and English muffins,,264,10.56,52.38,1.32,1.6,8.43,422,263.6,0.999,2022-10-28
2708292,54440010,Bagel chips,5202,"Crackers, excludes saltines",,451,12.34,66.36,15.14,4.1,6.02,233,451.1,1.000,2022-10-28
2707785,51630000,"Bagel, multigrain",4206,Bagels and English muffins,,250,10.2,48.89,1.53,4.1,6.12,439,250.1,1.001,2022-10-28
2707786,51630100,"Bagel, multigrain, with raisins",4206,Bagels and English muffins,,255,9.51,51.93,1.4,4.1,12.03,398,258.4,1.013,2022-10-28
2707772,51501080,"Bagel, oat bran",4206,Bagels and English muffins,,250,10.2,48.89,1.53,4.1,6.12,439,250.1,1.001,2022-10-28
2707762,51404500,"Bagel, pumpernickel",4206,Bagels and English muffins,,250,10.2,48.89,1.53,4.1,6.12,439,250.1,1.001,2022-10-28
2707732,51301700,"Bagel, wheat",4206,Bagels and English muffins,,250,10.2,48.89,1.53,4.1,6.12,439,250.1,1.001,2022-10-28
2707737,51301900,"Bagel, wheat bran",4206,Bagels and English muffins,,250,10.2,48.89,1.53,4.1,6.12,439,250.1,1.001,2022-10-28
2707736,51301820,"Bagel, wheat, with fruit and nuts",4206,Bagels and English muffins,,263,9.52,50.78,2.77,4.4,11.74,389,266.1,1.012,2022-10-28
2707734,51301800,"Bagel, wheat, with raisins",4206,Bagels and English muffins,,255,9.51,51.93,1.4,4.1,12.03,398,258.4,1.013,2022-10-28
2707708,51300100,"Bagel, whole grain white",4206,Bagels and English muffins,,250,10.2,48.89,1.53,4.1,6.12,439,250.1,1.001,2022-10-28
2707733,51301750,"Bagel, whole wheat",4206,Bagels and English muffins,,250,10.2,48.89,1.53,4.1,6.12,439,250.1,1.001,2022-10-28
2707735,51301805,"Bagel, whole wheat, with raisins",4206,Bagels and English muffins,,255,9.51,51.93,1.4,4.1,12.03,398,258.4,1.013,2022-10-28
2707686,51180080,"Bagel, with fruit other than raisins",4206,Bagels and English muffins,,243,9.55,48.36,1.25,1.7,8.43,380,242.9,1.000,2022-10-28
2707685,51180030,"Bagel, with raisins",4206,Bagels and English muffins,,268,9.83,55.07,1.21,1.9,14.1,382,270.5,1.009,2022-10-28
2707390,41201010,Baked beans,2802,"Beans, peas, legumes",,105,4.52,21.57,0.89,4.4,8.23,391,112.4,1.070,2022-10-28
2707392,41201050,Baked beans from fast food / restaurant,2802,"Beans, peas, legumes",,116,4.38,23.29,1.35,4.3,10.38,491,122.8,1.059,2022-10-28
2707410,41221000,"Baked beans, reduced sodium",2802,"Beans, peas, legumes",,104,4.77,20.35,0.4,5.5,7.73,270,104.1,1.001,2022-10-28
2707391,41201020,"Baked beans, vegetarian",2802,"Beans, peas, legumes",,94,4.75,21.14,0.37,4.1,7.96,343,106.9,1.137,2022-10-28
2708044,53441110,Baklava,5502,Cakes and pies,,440,6.58,37.55,29.34,2.5,12.8,311,440.6,1.001,2022-10-28
2709847,75203028,"Bamboo shoots, cooked",6420,Other vegetables and combinations,,41,1.68,3.13,2.94,1.4,1.84,15,45.7,1.115,2022-10-28
2709200,62107200,Banana chips,6016,Dried fruits,,519,2.3,58.4,33.6,7.7,35.34,6,545.2,1.050,2022-10-28
2709342,64201500,Banana nectar,7204,Fruit drinks,,74,0.26,18.01,0.13,0.6,15.51,2,74.3,1.003,2022-10-28
2705697,13241000,Banana pudding,5804,Pudding,,160,2.57,28,4.26,0.7,19.74,128,160.6,1.004,2022-10-28
2705660,13121120,Banana split,5802,Ice cream and frozen dairy desserts,,199,2.42,32.59,6.88,1,24.17,97,202.0,1.015,2022-10-28
2709225,63107410,"Banana, baked",6004,Bananas,baked,161,0.82,32.43,3.21,1.8,24.74,3,161.9,1.006,2022-10-28
2709224,63107010,"Banana, raw",6004,Bananas,raw,97,0.74,22.71,0.28,1.7,15.8,0,96.3,0.993,2022-10-28
2708724,58123110,Bao bun,3406,"Egg rolls, dumplings, sushi",,273,11.17,39.78,7.58,1.2,5.86,354,272.0,0.996,2022-10-28
2708725,58123120,"Bao bun, no meat",3406,"Egg rolls, dumplings, sushi",,268,6.73,54.27,2.94,3.4,22.28,268,270.5,1.009,2022-10-28
2706886,27510135,"Barbecue beef sandwich, on wheat bun",3742,Meat and BBQ sandwiches,,240,17.02,23.3,8.52,2,8.38,544,238.0,0.991,2022-10-28
2706885,27510130,"Barbecue beef sandwich, on white bun",3742,Meat and BBQ sandwiches,,245,16.48,24.86,8.5,0.8,9.07,562,241.9,0.987,2022-10-28
2706391,27116210,"Barbecue beef, no sauce",2002,"Beef, excludes ground",,252,27.97,0,15.15,0,0,411,248.2,0.985,2022-10-28
2706390,27116200,"Barbecue beef, with sauce",3002,Meat mixed dishes,,228,19.83,12.23,10.79,0.3,9.97,596,225.3,0.988,2022-10-28
2706434,27146011,Barbecue chicken,3004,Poultry mixed dishes,,167,19,12.23,4.64,0.3,9.97,550,166.7,0.998,2022-10-28
2706999,27540131,"Barbecue chicken sandwich, on wheat bun",3742,Meat and BBQ sandwiches,,199,16.47,23.3,4.42,2,8.38,513,198.9,0.999,2022-10-28
2706998,27540130,"Barbecue chicken sandwich, on white bun",3742,Meat and BBQ sandwiches,,204,15.92,24.86,4.4,0.8,9.07,531,202.7,0.994,2022-10-28
2706369,27100100,"Barbecue meat, NFS",3002,Meat mixed dishes,,226,18.14,12.23,11.17,0.3,9.97,601,222.0,0.982,2022-10-28
2706976,27520515,"Barbecue pork sandwich, on wheat bun",3742,Meat and BBQ sandwiches,,238,15.52,23.3,8.86,2,8.38,549,235.0,0.987,2022-10-28
2706975,27520510,"Barbecue pork sandwich, on white bun",3742,Meat and BBQ sandwiches,,243,14.97,24.86,8.83,0.8,9.07,567,238.8,0.983,2022-10-28
2706400,27120040,"Barbecue pork, no sauce",2006,Pork,,249,24.75,0,15.87,0,0,422,241.8,0.971,2022-10-28
2706399,27120030,"Barbecue pork, with sauce",3002,Meat mixed dishes,,226,17.57,12.23,11.3,0.3,9.97,603,220.9,0.977,2022-10-28
2706974,27520500,Barbecue rib sandwich,3742,Meat and BBQ sandwiches,,223,13.66,26.5,6.47,0.9,9.05,466,218.9,0.981,2022-10-28
2706882,27500400,"Barbecue sandwich, NFS",3742,Meat and BBQ sandwiches,,238,15.34,24.86,8.12,0.8,9.07,561,233.9,0.983,2022-10-28
2709750,74406010,Barbecue sauce,8402,Tomato-based condiments,,172,0.82,40.77,0.63,0.9,33.24,1027,172.0,1.000,2022-10-28
2705700,13252500,"Barfi or Burfi, Indian dessert",5804,Pudding,,284,5.42,40.43,11.36,0.4,36.97,71,285.6,1.006,2022-10-28
2708361,56200410,Barley,4004,"Pasta, noodles, cooked grains",,139,2.2,27.23,2.74,3.7,0.28,199,142.4,1.024,2022-10-28
2708045,53441210,Basbousa,5502,Cakes and pies,,282,4.81,43.76,9.94,0.8,29.79,81,283.7,1.006,2022-10-28
2709780,75109400,"Basil, raw",9999,Not included in a food category,raw,23,3.15,2.65,0.64,1.6,0.3,4,29.0,1.259,2022-10-28
2707409,41210000,Bean cake,3102,"Bean, pea, legume dishes",,414,5.8,49.88,21.41,3,20.37,186,415.4,1.003,2022-10-28
2707428,41310900,Bean chips,5004,"Tortilla, corn, other chips",,448,14.6,53.12,21.58,9.7,1.08,410,465.1,1.038,2022-10-28
2707400,41205050,"Bean dip, made with refried beans",8412,"Dips, gravies, other sauces",,119,5.44,15.89,3.7,4.9,0.99,443,118.6,0.997,2022-10-28
2710309,91407150,"Bean paste, sweetened",8806,"Jams, syrups, toppings",,226,6.22,49.98,0.47,5.3,33.92,124,229.0,1.013,2022-10-28
2710009,75302080,"Bean salad, yellow and/or green string beans",6432,"Coleslaw, non-lettuce salads",,109,3.52,13,5,3.4,3.48,266,111.1,1.019,2022-10-28
2709871,75207021,"Bean sprouts, cooked",6420,Other vegetables and combinations,,116,9.8,6.08,6.93,3.3,2.83,126,125.9,1.085,2022-10-28
2709768,75101000,"Bean sprouts, raw",6420,Other vegetables and combinations,raw,30,3.04,5.94,0.18,1.8,4.13,6,37.5,1.251,2022-10-28
2709033,58161320,Beans and brown rice,3102,"Bean, pea, legume dishes",,162,6.4,24.29,4.54,3.9,0.28,213,163.6,1.010,2022-10-28
2707405,41206030,Beans and franks,2802,"Beans, peas, legumes",,138,6.74,17.29,5.22,3.3,6.17,438,143.1,1.037,2022-10-28
2708986,58160100,"Beans and rice, from fast food / restaurant",3102,"Bean, pea, legume dishes",,185,6.29,24.41,6.99,3.6,0.2,299,185.7,1.004,2022-10-28
2708992,58160132,"Beans and rice, with meat",3102,"Bean, pea, legume dishes",,162,7.49,23.54,4.24,4.4,0.25,263,162.3,1.002,2022-10-28
2708991,58160120,"Beans and rice, with tomatoes",3102,"Bean, pea, legume dishes",,137,4.7,21.9,3.46,3.8,0.81,309,137.5,1.004,2022-10-28
2707394,41202510,"Beans and tomatoes, fat added",2802,"Beans, peas, legumes",,142,6.05,17.84,5.58,6.1,1.32,351,145.8,1.027,2022-10-28
2707393,41202505,"Beans and tomatoes, no added fat",2802,"Beans, peas, legumes",,101,6.37,18.76,0.51,6.4,1.39,370,105.1,1.041,2022-10-28
2708990,58160110,Beans and white rice,3102,"Bean, pea, legume dishes",,164,6.5,25.19,4.21,3.7,0.21,231,164.7,1.004,2022-10-28
2707407,41208100,"Beans with meat, NS as to type",2802,"Beans, peas, legumes",,184,10.7,20.56,6.88,7.1,0.38,275,187.0,1.016,2022-10-28
2707350,41101060,"Beans, from canned, NS as to type, fat added",2802,"Beans, peas, legumes",,185,7.66,24.1,6.83,8,1.31,311,188.5,1.019,2022-10-28
2707351,41101070,"Beans, from canned, NS as to type, no added fat",2802,"Beans, peas, legumes",,136,7.96,25.04,0.81,8.3,1.36,323,139.3,1.024,2022-10-28
2707348,41101010,"Beans, from dried, NS as to type, fat added",2802,"Beans, peas, legumes",,189,8.34,23.78,7.08,8.3,0.31,217,192.2,1.017,2022-10-28
2707349,41101020,"Beans, from dried, NS as to type, no added fat",2802,"Beans, peas, legumes",,139,8.92,25.44,0.62,8.9,0.33,232,143.0,1.029,2022-10-28
2707352,41101080,"Beans, from fast food / restaurant, NS as to type",2802,"Beans, peas, legumes",,206,8.77,22.6,9.32,5.7,0.31,354,209.4,1.016,2022-10-28
2707347,41100990,"Beans, NFS",2802,"Beans, peas, legumes",,189,8.34,23.78,7.08,8.3,0.31,217,192.2,1.017,2022-10-28
2705918,23323500,Bear,2008,"Lamb, goat, game",,257,32.16,0,13.28,0,0,378,248.2,0.966,2022-10-28
2705924,23334100,Beaver,2008,"Lamb, goat, game",,210,34.57,0,6.9,0,0,366,200.4,0.954,2022-10-28
2706738,27415110,Beef and broccoli,3404,Stir-fry and soy-based sauce mixtures,,160,10.43,5.09,10.63,1.3,1.23,440,157.8,0.986,2022-10-28
2706481,27212050,Beef and macaroni with cheese sauce,3002,Meat mixed dishes,,137,9.12,12.26,5.42,0.5,1.5,394,134.3,0.980,2022-10-28
2706485,27212300,Beef and noodles with cream or white sauce,3002,Meat mixed dishes,,140,7.86,15.02,5.33,0.6,1.56,293,139.5,0.996,2022-10-28
2706484,27212200,Beef and noodles with gravy,3002,Meat mixed dishes,,139,7.7,15.39,5.07,0.7,0.32,304,138.0,0.993,2022-10-28
2706487,27212400,Beef and noodles with mushroom sauce,3002,Meat mixed dishes,,136,7.54,14.96,5.14,0.8,0.8,310,136.3,1.002,2022-10-28
2706488,27212500,Beef and noodles with soy-based sauce,3404,Stir-fry and soy-based sauce mixtures,,173,13.19,7.54,10.05,0.6,0.86,273,173.4,1.002,2022-10-28
2706482,27212100,Beef and noodles with tomato-based sauce,3002,Meat mixed dishes,,115,8.74,10.67,3.93,0.4,2.02,274,113.0,0.983,2022-10-28
2706480,27212000,"Beef and noodles, no sauce",3002,Meat mixed dishes,,189,11.37,16.24,8.41,0.8,0.26,377,186.1,0.985,2022-10-28
2706478,27211500,Beef and potatoes with cheese sauce,3002,Meat mixed dishes,,126,8.15,11.1,5.6,0.9,0.48,316,127.4,1.011,2022-10-28
2706475,27211190,"Beef and potatoes with cream sauce, white sauce or mushroom sauce",3002,Meat mixed dishes,,100,8.04,8.66,3.79,0.7,1.28,337,100.9,1.009,2022-10-28
2706474,27211000,"Beef and potatoes, no sauce",3002,Meat mixed dishes,,133,7.92,14.52,4.93,1.3,0.65,305,134.1,1.008,2022-10-28
2706498,27213600,Beef and rice with cheese sauce,3002,Meat mixed dishes,,142,8.08,14.66,5.35,0.4,0.16,298,139.1,0.980,2022-10-28
2706494,27213300,Beef and rice with cream sauce,3002,Meat mixed dishes,,139,6.7,15.9,5.24,0.2,1.33,303,137.6,0.990,2022-10-28
2706493,27213200,Beef and rice with gravy,3002,Meat mixed dishes,,137,6.28,15.98,5.12,0.2,0.12,315,135.1,0.986,2022-10-28
2706495,27213400,Beef and rice with mushroom sauce,3002,Meat mixed dishes,,135,6.25,15.53,5.18,0.4,0.59,313,133.7,0.991,2022-10-28
2706497,27213500,Beef and rice with soy-based sauce,3404,Stir-fry and soy-based sauce mixtures,,178,13.58,7.96,10.26,0.5,0.88,275,178.5,1.003,2022-10-28
2706491,27213100,Beef and rice with tomato-based sauce,3002,Meat mixed dishes,,136,6.39,15.88,5.15,0.7,1.11,308,135.4,0.996,2022-10-28
2706489,27213000,"Beef and rice, no sauce",3002,Meat mixed dishes,,146,7.27,17.23,5,0.2,0.03,312,143.0,0.979,2022-10-28
2706753,27416500,"Beef and vegetables excluding carrots, broccoli, and dark-green leafy; no potatoes, gravy",3002,Meat mixed dishes,,122,8.11,6.47,7.34,0.9,0.91,312,124.4,1.020,2022-10-28
2706729,27410220,"Beef and vegetables excluding carrots, broccoli, and dark-green leafy; no potatoes, no sauce",3002,Meat mixed dishes,,121,10.03,5.16,7.09,1.1,0.99,324,124.6,1.030,2022-10-28
2706744,27415200,"Beef and vegetables excluding carrots, broccoli, and dark-green leafy; no potatoes, soy-based sauce",3404,Stir-fry and soy-based sauce mixtures,,147,12.13,4.34,9.15,1,1.56,245,148.2,1.008,2022-10-28
2706752,27416450,"Beef and vegetables including carrots, broccoli, and/or dark-green leafy; no potatoes, gravy",3002,Meat mixed dishes,,115,8.06,4.5,7.34,1,1,310,116.3,1.011,2022-10-28
2706728,27410210,"Beef and vegetables including carrots, broccoli, and/or dark-green leafy; no potatoes, no sauce",3002,Meat mixed dishes,,116,11.41,3,6.73,1.4,1.27,316,118.2,1.019,2022-10-28
2706737,27415100,"Beef and vegetables including carrots, broccoli, and/or dark-green leafy; no potatoes, soy-based sauce",3404,Stir-fry and soy-based sauce mixtures,,144,11.72,4.65,8.81,1.2,1.5,249,144.8,1.005,2022-10-28
2706746,27416100,"Beef and vegetables, Hawaiian style",3002,Meat mixed dishes,,93,4.79,14.24,2.24,1.8,5.6,679,96.3,1.035,2022-10-28
2710780,99992100,Beef as ingredient in recipes,9999,Not included in a food category,,261,26.44,0,16.52,0,0,71,254.4,0.975,2022-10-28
2706371,27111200,Beef burgundy,3002,Meat mixed dishes,,148,18.48,4.19,6,0.8,1.45,369,144.7,0.978,2022-10-28
2706607,27313110,Beef chow mein or chop suey with noodles,3402,Fried rice and lo/chow mein,,129,10.78,11.17,4.89,1.5,1.55,328,131.8,1.022,2022-10-28
2706742,27415150,"Beef chow mein or chop suey, no noodles",3402,Fried rice and lo/chow mein,,82,10.76,3.85,2.61,0.8,1.76,253,81.9,0.999,2022-10-28
2706388,27116100,Beef curry,3002,Meat mixed dishes,,113,7.57,6.53,6.57,1.4,2.56,359,115.5,1.022,2022-10-28
2706389,27116110,Beef curry with rice,3002,Meat mixed dishes,,119,5.61,15.12,4.05,1,1.56,314,119.4,1.003,2022-10-28
2707096,28110000,"Beef dinner, NFS, frozen meal",3002,Meat mixed dishes,,146,6.82,10.94,8.4,1.2,1.35,268,146.6,1.004,2022-10-28
2707197,32105240,Beef egg foo yung,3404,Stir-fry and soy-based sauce mixtures,,147,13.82,4.78,8.08,0.3,3.05,321,147.1,1.001,2022-10-28
2705860,21602100,Beef jerky,2602,Cold cuts and cured meats,,410,33.2,11,25.6,1.8,9,1785,407.2,0.993,2022-10-28
2706733,27411150,"Beef rolls, stuffed with vegetables or meat mixture, tomato-based sauce",3002,Meat mixed dishes,,195,20.56,6.61,9.08,0.7,1.23,351,190.4,0.976,2022-10-28
2706749,27416250,Beef salad,3002,Meat mixed dishes,,261,17.85,2.9,19.32,0.4,2.1,338,256.9,0.984,2022-10-28
2706171,25220105,Beef sausage,2608,Sausages,,341,13.3,3.37,28.7,0,1,866,325.0,0.953,2022-10-28
2706172,25220150,Beef sausage with cheese,2608,Sausages,,341,13.65,3.75,28.54,0,1.37,922,326.5,0.957,2022-10-28
2706730,27410250,"Beef shish kabob with vegetables, excluding potatoes",3002,Meat mixed dishes,,122,14.8,5.06,4.88,0.8,2.37,208,123.4,1.011,2022-10-28
2706754,27418410,"Beef steak with onions, Puerto Rican style",3002,Meat mixed dishes,,321,20.92,3.89,24.12,0.7,1.55,999,316.3,0.985,2022-10-28
2706503,27218210,"Beef stew with potatoes, Puerto Rican style",3002,Meat mixed dishes,,220,14.57,6.53,14.85,1,0.93,572,218.1,0.991,2022-10-28
2706382,27113100,Beef stroganoff,3002,Meat mixed dishes,,150,10.06,6.21,9.33,0.7,1.36,458,149.1,0.994,2022-10-28
2706486,27212350,Beef stroganoff with noodles,3002,Meat mixed dishes,,129,7.76,8.99,6.8,0.7,1.01,316,128.2,0.994,2022-10-28
2706750,27416300,"Beef taco filling: beef, cheese, tomato, taco sauce",3502,Burritos and tacos,,181,12.97,6.37,11.32,0.9,4.06,473,179.2,0.990,2022-10-28
2706501,27214300,Beef wellington,3002,Meat mixed dishes,,368,19.16,10.25,27.43,0.4,0.12,182,364.5,0.991,2022-10-28
2706381,27113000,Beef with cream or white sauce,3002,Meat mixed dishes,,185,22.5,2.75,9.31,0,1.38,340,184.8,0.999,2022-10-28
2706379,27112000,Beef with gravy,3002,Meat mixed dishes,,156,21.56,1.58,7.05,0,0.09,360,156.0,1.000,2022-10-28
2706385,27114000,Beef with mushroom sauce,3002,Meat mixed dishes,,163,21.97,1.83,7.54,0.1,0.56,355,163.1,1.000,2022-10-28
2706386,27115000,Beef with soy-based sauce,3404,Stir-fry and soy-based sauce mixtures,,187,15.86,3.35,12.38,0.5,1.05,333,188.3,1.007,2022-10-28
2707104,28113140,"Beef with spaetzle or rice, vegetable, frozen meal",3002,Meat mixed dishes,,118,6.92,12.23,4.37,0.6,1.23,278,115.9,0.982,2022-10-28
2706392,27116300,Beef with sweet and sour sauce,3404,Stir-fry and soy-based sauce mixtures,,211,9.29,14.22,12.81,0.6,8.42,346,209.3,0.992,2022-10-28
2706370,27111000,Beef with tomato-based sauce,3002,Meat mixed dishes,,149,21.72,1.58,6.36,0.4,1.06,363,150.4,1.010,2022-10-28
2707097,28110150,"Beef with vegetable, diet frozen meal",3002,Meat mixed dishes,,125,10.64,4.69,6.95,0.8,2.81,292,123.9,0.991,2022-10-28
2706736,27414200,"Beef with vegetables excluding carrots, broccoli, and dark-green leafy; no potatoes, mushroom sauce",3002,Meat mixed dishes,,121,7.85,6.97,7.16,1,1.51,318,123.7,1.022,2022-10-28
2706734,27411200,"Beef with vegetables excluding carrots, broccoli, and dark-green leafy; no potatoes, tomato-based sauce",3002,Meat mixed dishes,,115,7.67,5.96,7.18,1.4,2.23,301,119.1,1.036,2022-10-28
2706735,27414100,"Beef with vegetables including carrots, broccoli, and/or dark-green leafy; no potatoes, mushroom sauce",3002,Meat mixed dishes,,115,7.8,5.24,7.16,1.1,1.59,307,116.6,1.014,2022-10-28
2706731,27411100,"Beef with vegetables including carrots, broccoli, and/or dark-green leafy; no potatoes, tomato-based sauce",3002,Meat mixed dishes,,110,8.24,4.48,6.99,1.7,2.51,300,113.8,1.034,2022-10-28
2705856,21601000,"Beef, bacon, cooked",2604,Bacon,,449,31.3,1.4,34.4,0,0,1500,440.4,0.981,2022-10-28
2705857,21601010,"Beef, bacon, reduced sodium, cooked",2604,Bacon,,541,37.04,1.43,41.78,0,0,1030,529.9,0.979,2022-10-28
2705851,21417100,"Beef, brisket",2002,"Beef, excludes ground",,231,29.41,0,12.04,0,0,377,226.0,0.978,2022-10-28
2705850,21416000,"Beef, corned",2602,Cold cuts and cured meats,,251,18.17,0.47,18.98,0,0,973,245.4,0.978,2022-10-28
2705846,21305000,"Beef, cow head",2002,"Beef, excludes ground",,257,25.9,0,16.46,0,0,357,251.7,0.980,2022-10-28
2705859,21602010,"Beef, dried, chipped, cooked in fat",2602,Cold cuts and cured meats,dried,225,28.12,2.5,11.32,0,2.44,2523,224.4,0.997,2022-10-28
2705858,21602000,"Beef, dried, chipped, uncooked",2602,Cold cuts and cured meats,dried,153,31.1,2.76,1.94,0,2.7,2790,152.9,0.999,2022-10-28
2706632,27317110,"Beef, dumplings, and vegetables excluding carrots, broccoli, and dark-green leafy; gravy",3002,Meat mixed dishes,,130,6.19,12.85,6.16,0.8,1.07,301,131.6,1.012,2022-10-28
2706631,27317100,"Beef, dumplings, and vegetables including carrots, broccoli, and/or dark-green leafy; gravy",3002,Meat mixed dishes,,127,6.15,11.7,6.36,0.9,1.12,306,128.6,1.013,2022-10-28
2710241,89901004,"Beef, for use with vegetables",9999,Not included in a food category,,191,32.41,0,6.82,0,0,67,191.0,1.000,2022-10-28
2705854,21500100,"Beef, ground",2004,Ground beef,,261,25.55,0,16.82,0,0,381,253.6,0.972,2022-10-28
2705855,21500310,"Beef, ground, patty",2004,Ground beef,,272,25.45,0,18.18,0,0,383,265.4,0.976,2022-10-28
2705853,21500000,"Beef, ground, raw",2004,Ground beef,raw,213,18.44,0,14.88,0,0,373,207.7,0.975,2022-10-28
2706748,27416200,"Beef, ground, with egg and onion",3002,Meat mixed dishes,,228,21.86,1.05,14.54,0.1,0.54,732,222.5,0.976,2022-10-28
2705844,21302000,"Beef, neck bones",2002,"Beef, excludes ground",,257,25.9,0,16.46,0,0,357,251.7,0.980,2022-10-28
2705822,21000100,"Beef, NFS",2002,"Beef, excludes ground",,231,27.13,0,13.04,0,0,372,225.9,0.978,2022-10-28
2706615,27313420,"Beef, noodles, and vegetables excluding carrots, broccoli, and dark-green leafy; gravy",3002,Meat mixed dishes,,131,6.68,14.94,5.05,1,0.7,305,131.9,1.007,2022-10-28
2706613,27313320,"Beef, noodles, and vegetables excluding carrots, broccoli, and dark-green leafy; mushroom sauce",3002,Meat mixed dishes,,129,6.63,14.63,5.03,1.1,1.08,310,130.3,1.010,2022-10-28
2706606,27313020,"Beef, noodles, and vegetables excluding carrots, broccoli, and dark-green leafy; no sauce",3002,Meat mixed dishes,,151,8.78,18.29,4.91,1.4,0.84,300,152.5,1.010,2022-10-28
2706609,27313160,"Beef, noodles, and vegetables excluding carrots, broccoli, and dark-green leafy; soy-based sauce",3404,Stir-fry and soy-based sauce mixtures,,139,10.4,7.44,7.64,1,1.36,206,140.1,1.008,2022-10-28
2706611,27313220,"Beef, noodles, and vegetables excluding carrots, broccoli, and dark-green leafy; tomato-based sauce",3002,Meat mixed dishes,,130,6.77,14.86,5.07,1.4,1.56,306,132.2,1.017,2022-10-28
2706614,27313410,"Beef, noodles, and vegetables including carrots, broccoli, and/or dark-green leafy; gravy",3002,Meat mixed dishes,,127,6.65,13.81,5.04,1.1,0.75,305,127.2,1.002,2022-10-28
2706612,27313310,"Beef, noodles, and vegetables including carrots, broccoli, and/or dark-green leafy; mushroom sauce",3002,Meat mixed dishes,,125,6.6,13.58,5.06,1.2,1.13,303,126.3,1.010,2022-10-28
2706605,27313010,"Beef, noodles, and vegetables including carrots, broccoli, and/or dark-green leafy; no sauce",3002,Meat mixed dishes,,148,8.71,16.71,5.19,1.5,0.91,317,148.4,1.003,2022-10-28
2706608,27313150,"Beef, noodles, and vegetables including carrots, broccoli, and/or dark-green leafy; soy-based sauce",3404,Stir-fry and soy-based sauce mixtures,,139,10.31,7.6,7.58,1.2,1.29,216,139.9,1.006,2022-10-28
2706610,27313210,"Beef, noodles, and vegetables including carrots, broccoli, and/or dark-green leafy; tomato-based sauce",3002,Meat mixed dishes,,126,6.74,13.74,5.06,1.5,1.62,310,127.5,1.012,2022-10-28
2705843,21301000,"Beef, oxtails",2002,"Beef, excludes ground",,257,25.9,0,16.46,0,0,357,251.7,0.980,2022-10-28
2705848,21407000,"Beef, pot roast",2002,"Beef, excludes ground",,251,28.39,0,15.35,0,0,370,251.7,1.003,2022-10-28
2706602,27311640,"Beef, potatoes, and vegetables excluding carrots, broccoli, and dark-green leafy; cheese sauce",3002,Meat mixed dishes,,131,8.17,12.97,5.43,1.3,0.91,305,133.4,1.019,2022-10-28
2706598,27311620,"Beef, potatoes, and vegetables excluding carrots, broccoli, and dark-green leafy; cream sauce, white sauce, or mushroom sauce",3002,Meat mixed dishes,,128,5.33,12.19,6.69,1.3,1.25,303,130.3,1.018,2022-10-28
2706596,27311605,"Beef, potatoes, and vegetables excluding carrots, broccoli, and dark-green leafy; gravy",3002,Meat mixed dishes,,126,5.3,12.36,6.34,1.3,0.9,312,127.7,1.013,2022-10-28
2706604,27311650,"Beef, potatoes, and vegetables excluding carrots, broccoli, and dark-green leafy; soy-based sauce",3404,Stir-fry and soy-based sauce mixtures,,148,11.78,5.8,8.81,1,1.4,236,149.6,1.011,2022-10-28
2706600,27311630,"Beef, potatoes, and vegetables excluding carrots, broccoli, and dark-green leafy; tomato-based sauce",3002,Meat mixed dishes,,126,5.39,12.28,6.56,1.6,1.74,305,129.7,1.030,2022-10-28
2706601,27311635,"Beef, potatoes, and vegetables including carrots, broccoli, and/or dark-green leafy; cheese sauce",3002,Meat mixed dishes,,127,8.14,11.82,5.43,1.4,0.96,304,128.7,1.013,2022-10-28
2706597,27311610,"Beef, potatoes, and vegetables including carrots, broccoli, and/or dark-green leafy; cream sauce, white sauce, or mushroom sauce",3002,Meat mixed dishes,,127,5.28,11.13,7.06,1.4,1.29,307,129.2,1.017,2022-10-28
2706595,27311600,"Beef, potatoes, and vegetables including carrots, broccoli, and/or dark-green leafy; gravy",3002,Meat mixed dishes,,129,5.23,11.17,7.16,1.4,0.94,302,130.0,1.008,2022-10-28
2706587,27311110,"Beef, potatoes, and vegetables including carrots, broccoli, and/or dark-green leafy; no sauce",3002,Meat mixed dishes,,126,6.93,13.46,5.15,1.8,1.19,313,127.9,1.015,2022-10-28
2706603,27311645,"Beef, potatoes, and vegetables including carrots, broccoli, and/or dark-green leafy; soy-based sauce",3404,Stir-fry and soy-based sauce mixtures,,149,11.75,5.96,8.82,1.1,1.34,246,150.2,1.008,2022-10-28
2706599,27311625,"Beef, potatoes, and vegetables including carrots, broccoli, and/or dark-green leafy; tomato-based sauce",3002,Meat mixed dishes,,126,5.33,11.13,6.96,1.7,1.78,310,128.5,1.020,2022-10-28
2706588,27311120,"Beef, potatoes, and vegetables, excluding carrots, broccoli, and dark-green leafy; no sauce",3002,Meat mixed dishes,,131,6.97,14.97,5.1,1.7,1.12,305,133.7,1.020,2022-10-28
2706218,25231110,"Beef, prepackaged or deli, luncheon meat",2602,Cold cuts and cured meats,,115,18.62,0.64,3.69,0,0.29,853,110.2,0.959,2022-10-28
2706219,25231120,"Beef, prepackaged or deli, luncheon meat, reduced sodium",2602,Cold cuts and cured meats,,115,18.62,0.64,3.69,0,0.29,640,110.2,0.959,2022-10-28
2706625,27315340,"Beef, rice, and vegetables excluding carrots, broccoli, and dark-green leafy; cheese sauce",3002,Meat mixed dishes,,143,8.18,15.85,5.24,0.7,0.5,302,143.3,1.002,2022-10-28
2706627,27315420,"Beef, rice, and vegetables excluding carrots, broccoli, and dark-green leafy; gravy",3002,Meat mixed dishes,,135,5.8,16.13,5.18,0.7,0.54,314,134.3,0.995,2022-10-28
2706623,27315320,"Beef, rice, and vegetables excluding carrots, broccoli, and dark-green leafy; mushroom sauce",3002,Meat mixed dishes,,133,5.81,15.73,5.23,0.8,0.92,306,133.2,1.002,2022-10-28
2706617,27315020,"Beef, rice, and vegetables excluding carrots, broccoli, and dark-green leafy; no sauce",3002,Meat mixed dishes,,149,7.62,20,4.29,0.9,0.62,333,149.1,1.001,2022-10-28
2706629,27315520,"Beef, rice, and vegetables excluding carrots, broccoli, and dark-green leafy; soy-based sauce",3404,Stir-fry and soy-based sauce mixtures,,145,10.88,7.75,7.96,0.9,1.36,212,146.2,1.008,2022-10-28
2706619,27315220,"Beef, rice, and vegetables excluding carrots, broccoli, and/or dark-green leafy; tomato-based sauce",3002,Meat mixed dishes,,132,5.91,16.08,4.99,1,1.4,302,132.9,1.007,2022-10-28
2706624,27315330,"Beef, rice, and vegetables including carrots, broccoli, and/or dark-green leafy; cheese sauce",3002,Meat mixed dishes,,147,8.58,15.54,5.51,0.8,0.58,303,146.1,0.994,2022-10-28
2706626,27315410,"Beef, rice, and vegetables including carrots, broccoli, and/or dark-green leafy; gravy",3002,Meat mixed dishes,,131,5.77,15.01,5.18,0.8,0.59,307,129.7,0.990,2022-10-28
2706622,27315310,"Beef, rice, and vegetables including carrots, broccoli, and/or dark-green leafy; mushroom sauce",3002,Meat mixed dishes,,130,5.78,14.69,5.23,0.9,0.97,311,128.9,0.992,2022-10-28
2706616,27315010,"Beef, rice, and vegetables including carrots, broccoli, and/or dark-green leafy; no sauce",3002,Meat mixed dishes,,149,7.54,18.38,4.86,1,0.69,312,147.4,0.989,2022-10-28
2706628,27315510,"Beef, rice, and vegetables including carrots, broccoli, and/or dark-green leafy; soy-based sauce",3404,Stir-fry and soy-based sauce mixtures,,143,10.56,7.9,7.7,1.1,1.31,217,143.1,1.001,2022-10-28
2706618,27315210,"Beef, rice, and vegetables including carrots, broccoli, and/or dark-green leafy; tomato-based sauce",3002,Meat mixed dishes,,131,5.85,14.9,5.4,1.1,1.45,306,131.6,1.005,2022-10-28
2705847,21401000,"Beef, roast",2002,"Beef, excludes ground",roasted,206,29.08,0,9.72,0,0,372,203.8,0.989,2022-10-28
2706476,27211300,"Beef, roast, hash",3002,Meat mixed dishes,roasted,140,13.2,10.74,5.1,1,1.46,486,141.7,1.012,2022-10-28
2705852,21420100,"Beef, sandwich steak",2002,"Beef, excludes ground",,326,18.26,0,27.59,0,0,359,321.4,0.986,2022-10-28
2705845,21304200,"Beef, shortribs",2002,"Beef, excludes ground",,253,18.2,12.13,14.1,0.3,9.89,650,248.2,0.981,2022-10-28
2707102,28110510,"Beef, sliced, with gravy, potatoes, vegetable, frozen meal",3002,Meat mixed dishes,,125,8.12,6.59,7.28,0.7,0.8,296,124.4,0.995,2022-10-28
2705825,21101140,"Beef, steak, chuck",2002,"Beef, excludes ground",,225,25.97,0.21,13.43,0,0,380,225.6,1.003,2022-10-28
2705842,21104110,"Beef, steak, country fried",2002,"Beef, excludes ground",,306,19.9,7.94,21.05,0.3,0.13,432,300.8,0.983,2022-10-28
2705826,21101150,"Beef, steak, cube",2002,"Beef, excludes ground",,187,28.83,0,7.1,0,0,379,179.2,0.958,2022-10-28
2705827,21101160,"Beef, steak, flank",2002,"Beef, excludes ground",,243,29.13,0,14.09,0,0,370,243.3,1.001,2022-10-28
2705824,21101000,"Beef, steak, NFS",2002,"Beef, excludes ground",,229,27,0,12.88,0,0,369,223.9,0.978,2022-10-28
2705829,21101180,"Beef, steak, ribeye, lean and fat eaten",2002,"Beef, excludes ground",,289,23.5,0,21.64,0,0,361,288.8,0.999,2022-10-28
2705830,21101190,"Beef, steak, ribeye, lean only eaten",2002,"Beef, excludes ground",,230,26.47,0,13.83,0,0,364,230.3,1.002,2022-10-28
2705828,21101170,"Beef, steak, ribeye, NS as to fat eaten",2002,"Beef, excludes ground",,260,24.99,0,17.73,0,0,362,259.5,0.998,2022-10-28
2705831,21102140,"Beef, steak, round",2002,"Beef, excludes ground",,166,29.72,0,4.25,0,0,382,157.1,0.947,2022-10-28
2705833,21102160,"Beef, steak, sirloin, lean and fat eaten",2002,"Beef, excludes ground",,262,26.23,0,16.65,0,0,361,254.8,0.972,2022-10-28
2705834,21102170,"Beef, steak, sirloin, lean only eaten",2002,"Beef, excludes ground",,216,28.05,0,11.32,0,0,361,214.1,0.991,2022-10-28
2705832,21102150,"Beef, steak, sirloin, NS as to fat eaten",2002,"Beef, excludes ground",,239,27.14,0,13.98,0,0,361,234.4,0.981,2022-10-28
2705836,21102190,"Beef, steak, strip, lean and fat eaten",2002,"Beef, excludes ground",,262,26.23,0,16.65,0,0,361,254.8,0.972,2022-10-28
2705837,21103140,"Beef, steak, strip, lean only eaten",2002,"Beef, excludes ground",,216,28.05,0,11.32,0,0,361,214.1,0.991,2022-10-28
2705835,21102180,"Beef, steak, strip, NS as to fat eaten",2002,"Beef, excludes ground",,239,27.14,0,13.98,0,0,361,234.4,0.981,2022-10-28
2705839,21103160,"Beef, steak, T-bone,  lean and fat eaten",2002,"Beef, excludes ground",,274,25.2,0,18.42,0,0,371,266.6,0.973,2022-10-28
2705840,21103170,"Beef, steak, T-bone, lean only eaten",2002,"Beef, excludes ground",,230,27.12,0,12.69,0,0,373,222.7,0.968,2022-10-28
2705838,21103150,"Beef, steak, T-bone, NS as to fat eaten",2002,"Beef, excludes ground",,252,26.16,0,15.56,0,0,372,244.7,0.971,2022-10-28
2705841,21103180,"Beef, steak, tenderloin",2002,"Beef, excludes ground",,196,30.46,0,8.25,0,0,366,196.1,1.000,2022-10-28
2705849,21410000,"Beef, stew meat",2002,"Beef, excludes ground",,251,28.39,0,15.35,0,0,370,251.7,1.003,2022-10-28
2706745,27415220,"Beef, tofu, and vegetables excluding carrots, broccoli,  and dark-green leafy; no potatoes, soy-based sauce",3404,Stir-fry and soy-based sauce mixtures,,117,7.52,4.45,7.96,1,1.66,230,119.5,1.022,2022-10-28
2706739,27415120,"Beef, tofu, and vegetables including carrots, broccoli, and/or dark-green leafy; no potatoes, soy-based sauce",3404,Stir-fry and soy-based sauce mixtures,,115,7.3,4.75,7.68,1.2,1.6,235,117.3,1.020,2022-10-28
2710616,93101000,Beer,7502,Beer,,43,0.46,3.55,0,0,0,4,16.0,0.373,2022-10-28
2710618,93102300,"Beer, higher alcohol",7502,Beer,,58,0.9,0.27,0,0,0,4,4.7,0.081,2022-10-28
2710617,93102000,"Beer, light",7502,Beer,,29,0.24,1.64,0,0,0.09,4,7.5,0.259,2022-10-28
2710610,92803000,"Beer, nonalcoholic",7204,Fruit drinks,,37,0.21,8.05,0.12,0,8.05,13,34.1,0.922,2022-10-28
2709571,72101220,"Beet greens, cooked",6411,Other dark green vegetables,,48,2.3,4.51,2.87,3.9,0.53,365,53.1,1.106,2022-10-28
2709570,72101100,"Beet greens, raw",6411,Other dark green vegetables,raw,22,2.2,4.33,0.13,3.7,0.5,226,27.3,1.240,2022-10-28
2709682,73105000,Beet juice,7008,Vegetable juice,,25,0.72,5.91,0.06,1.1,4.84,19,27.1,1.082,2022-10-28
2709876,75208023,"Beets, canned, cooked, fat added",6420,Other vegetables and combinations,,53,0.89,7,2.69,1.7,5.36,197,55.8,1.052,2022-10-28
2709873,75208013,"Beets, canned, cooked, no added fat",6420,Other vegetables and combinations,,31,0.91,7.21,0.14,1.8,5.51,194,33.7,1.088,2022-10-28
2709877,75208110,"Beets, canned, reduced sodium, cooked",6420,Other vegetables and combinations,,53,0.84,6.79,2.79,1.2,5.56,31,55.6,1.050,2022-10-28
2709875,75208021,"Beets, fresh, cooked, fat added",6420,Other vegetables and combinations,raw,67,1.63,9.65,2.82,2.8,6.82,205,70.5,1.052,2022-10-28
2709872,75208011,"Beets, fresh, cooked, no added fat",6420,Other vegetables and combinations,raw,45,1.67,9.93,0.18,2.9,7.02,202,48.0,1.067,2022-10-28
2709874,75208020,"Beets, NS as to form, cooked",6420,Other vegetables and combinations,,53,0.89,7,2.69,1.7,5.36,197,55.8,1.052,2022-10-28
2710071,75500210,"Beets, pickled",8408,"Olives, pickles, pickled vegetables",,65,0.8,16.28,0.08,0.8,11.05,149,69.0,1.062,2022-10-28
2709770,75102500,"Beets, raw",6420,Other vegetables and combinations,raw,43,1.61,9.56,0.17,2.8,6.76,78,46.2,1.075,2022-10-28
2708071,53520510,Beignet,5506,"Doughnuts, sweet rolls, pastries",,417,5.46,53.69,20.18,1.9,31.09,281,418.2,1.003,2022-10-28
2709272,63200110,"Berries, frozen",6011,Blueberries and other berries,,52,0.76,12.47,0.34,4.1,6.59,1,56.0,1.077,2022-10-28
2709271,63200100,"Berries, NFS",6011,Blueberries and other berries,,44,0.66,9.94,0.25,2,6.21,0,44.6,1.015,2022-10-28
2708950,58150100,"Bibimbap, Korean",3202,Rice mixed dishes,,76,5.5,8.11,2.44,1.1,1.52,435,76.4,1.005,2022-10-28
2706916,27510389,Big Mac (McDonalds),3702,Burgers,,261,11.94,21.53,14.1,1.4,3.26,485,260.8,0.999,2022-10-28
2706538,27243100,Biryani with chicken,3202,Rice mixed dishes,,104,7.15,13.55,2.38,1.1,1.88,161,104.2,1.002,2022-10-28
2706490,27213010,Biryani with meat,3202,Rice mixed dishes,,145,8.5,12.19,6.79,1,1.69,98,143.9,0.992,2022-10-28
2708985,58160000,Biryani with vegetables,3202,Rice mixed dishes,,109,1.93,17.91,3.2,1.2,1.18,177,108.2,0.992,2022-10-28
2706720,27351040,"Biscayne codfish, Puerto Rican style",3006,Seafood mixed dishes,,190,9.2,11.06,12.24,1.9,1.85,300,191.2,1.006,2022-10-28
2707807,52104200,Biscuit with fruit,4402,"Biscuits, muffins, quick breads",,363,6.7,46.47,17.05,2.7,10.01,884,366.1,1.009,2022-10-28
2708744,58128000,Biscuit with gravy,3706,Egg/breakfast sandwiches,,224,6.2,16.98,14.68,0.8,3.88,451,224.8,1.004,2022-10-28
2707806,52104100,"Biscuit, cheese",4402,"Biscuits, muffins, quick breads",,374,8.7,38.78,20.43,2.2,3.52,946,373.8,0.999,2022-10-28
2707803,52103000,"Biscuit, from fast food / restaurant",4402,"Biscuits, muffins, quick breads",,370,7.08,42.82,18.92,2.5,3.88,979,369.9,1.000,2022-10-28
2707802,52102040,"Biscuit, from refrigerated dough",4402,"Biscuits, muffins, quick breads",,324,6.79,49.05,11.22,2.8,8.19,1002,324.3,1.001,2022-10-28
2707804,52104010,"Biscuit, home recipe",4402,"Biscuits, muffins, quick breads",,350,7.03,44.89,15.97,1.4,4.57,801,351.4,1.004,2022-10-28
2707801,52101000,"Biscuit, NFS",4402,"Biscuits, muffins, quick breads",,370,7.08,42.82,18.92,2.5,3.88,979,369.9,1.000,2022-10-28
2707805,52104040,"Biscuit, wheat",4402,"Biscuits, muffins, quick breads",,362,7.5,43.9,18.19,4.5,3.71,930,369.3,1.020,2022-10-28
2705920,23326100,Bison,2008,"Lamb, goat, game",,178,25.25,0,8.55,0,0,383,177.9,1.000,2022-10-28
2709878,75208310,"Bitter melon, cooked",6420,Other vegetables and combinations,,41,0.82,4.19,2.72,1.9,1.89,127,44.5,1.086,2022-10-28
2709641,72132201,"Bitter melon, horseradish, jute, or radish leaves, cooked",6411,Other dark green vegetables,,56,3.49,6.47,2.74,1.8,1.01,134,64.5,1.152,2022-10-28
2707395,41203030,Black bean salad,3102,"Bean, pea, legume dishes",,94,3.08,12.61,3.85,3.4,3.53,350,97.4,1.036,2022-10-28
2707404,41205100,Black bean sauce,8412,"Dips, gravies, other sauces",,168,6.28,17.36,8.45,2.6,9.26,5843,170.6,1.016,2022-10-28
2709035,58161322,Black beans and brown rice,3102,"Bean, pea, legume dishes",,158,5.91,23.52,4.65,5.3,0.27,211,159.6,1.010,2022-10-28
2708988,58160104,"Black beans and rice, from fast food / restaurant",3102,"Bean, pea, legume dishes",,182,5.82,23.66,7.09,4.9,0.19,296,181.7,0.999,2022-10-28
2708994,58160154,Black beans and white rice,3102,"Bean, pea, legume dishes",,160,6.01,24.42,4.32,5,0.2,228,160.6,1.004,2022-10-28
2707366,41102170,Black beans with meat,2802,"Beans, peas, legumes",,177,10.61,19.06,6.81,7,0.36,275,180.0,1.017,2022-10-28
2707362,41102040,"Black beans, from canned, fat added",2802,"Beans, peas, legumes",,178,8.54,23.43,5.92,9.8,0.33,335,181.2,1.018,2022-10-28
2707363,41102080,"Black beans, from canned, no added fat",2802,"Beans, peas, legumes",,134,8.87,24.34,0.43,10.1,0.34,348,136.7,1.020,2022-10-28
2707364,41102110,"Black beans, from canned, reduced sodium",2802,"Beans, peas, legumes",,178,8.54,23.43,5.92,9.8,0.33,195,181.2,1.018,2022-10-28
2707360,41102010,"Black beans, from dried, fat added",2802,"Beans, peas, legumes",,181,8.23,22.04,7.01,8.1,0.3,217,184.2,1.018,2022-10-28
2707361,41102020,"Black beans, from dried, no added fat",2802,"Beans, peas, legumes",,131,8.81,23.57,0.54,8.6,0.32,232,134.4,1.026,2022-10-28
2707365,41102150,"Black beans, from fast food / restaurant",2802,"Beans, peas, legumes",,200,7.98,21.36,9.49,7.8,0.29,350,202.8,1.014,2022-10-28
2707359,41101990,"Black beans, NFS",2802,"Beans, peas, legumes",,181,8.23,22.04,7.01,8.1,0.3,217,184.2,1.018,2022-10-28
2710672,93301240,Black Russian,7506,Liquor and cocktails,,279,0.04,21.21,0.14,0,17.36,4,86.3,0.309,2022-10-28
2709274,63201600,"Blackberries, frozen",6011,Blueberries and other berries,,64,1.18,15.67,0.43,5,10.67,1,71.3,1.114,2022-10-28
2709273,63201010,"Blackberries, raw",6011,Blueberries and other berries,raw,43,1.39,9.61,0.49,5.3,4.88,1,48.4,1.126,2022-10-28
2709322,64104600,"Blackberry juice, 100%",7006,Other fruit juice,,38,0.3,7.8,0.6,0.1,7.7,1,37.8,0.995,2022-10-28
2709957,75223023,"Blackeyed peas, from canned",6418,Other starchy vegetables,,150,8.19,22.9,3.17,6.2,4.3,312,152.9,1.019,2022-10-28
2707413,41301010,"Blackeyed peas, from dried",2802,"Beans, peas, legumes",,166,7.18,19.29,7,6,3.07,220,168.9,1.017,2022-10-28
2709956,75223022,"Blackeyed peas, from frozen",6418,Other starchy vegetables,,151,8.23,23.01,3.18,6.2,4.32,126,153.6,1.017,2022-10-28
2707412,41300990,"Blackeyed peas, NFS",2802,"Beans, peas, legumes",,166,7.18,19.29,7,6,3.07,220,168.9,1.017,2022-10-28
2706173,25220210,Blood sausage,2608,Sausages,,379,14.6,1.29,34.5,0,1.29,680,374.1,0.987,2022-10-28
2710628,93301030,Bloody Mary,7506,Liquor and cocktails,,73,0.67,3.8,0.23,0.4,2.26,200,19.9,0.273,2022-10-28
2709276,63203110,"Bluberries, canned",6011,Blueberries and other berries,,88,1.04,22.66,0.4,2.6,17.45,3,98.4,1.118,2022-10-28
2710197,83101000,Blue or roquefort cheese dressing,8012,Salad dressings and vegetable oils,,484,1.37,4.77,51.1,0.4,3.48,642,484.5,1.001,2022-10-28
2710229,83300100,"Blue or roquefort cheese dressing, fat free",8012,Salad dressings and vegetable oils,,115,1.52,25.6,1.01,1.8,7.44,814,117.6,1.022,2022-10-28
2710216,83201000,"Blue or roquefort cheese dressing, light",8012,Salad dressings and vegetable oils,,300,1.44,15.18,26.06,1.1,5.46,728,301.0,1.003,2022-10-28
2709198,62105000,"Blueberries, dried",6016,Dried fruits,dried,317,2.5,80,2.5,7.5,67.5,3,352.5,1.112,2022-10-28
2709277,63203600,"Blueberries, frozen",6011,Blueberries and other berries,,51,0.42,12.17,0.64,2.7,8.45,1,56.1,1.100,2022-10-28
2709275,63203010,"Blueberries, raw",6011,Blueberries and other berries,raw,64,0.7,14.57,0.31,2.4,9.36,0,63.9,0.998,2022-10-28
2709323,64104610,Blueberry juice,7006,Other fruit juice,,42,0.46,9.47,0.2,1.6,6.08,1,41.5,0.989,2022-10-28
2709278,63203700,Blueberry pie filling,8806,"Jams, syrups, toppings",,181,0.41,44.38,0.2,2.6,37.75,12,181.0,1.000,2022-10-28
2710275,91301050,Blueberry syrup,8806,"Jams, syrups, toppings",,341,0,85.13,0,0.1,53,0,340.5,0.999,2022-10-28
2706176,25220410,Bologna,2602,Cold cuts and cured meats,,281,10.34,6.31,23.77,0,1.97,1100,280.5,0.998,2022-10-28
2707042,27560150,Bologna sandwich on wheat,3740,Deli and cured meat sandwiches,,272,10.89,26.54,13.53,2.8,3.64,759,271.5,0.998,2022-10-28
2707043,27560160,"Bologna sandwich on wheat, with cheese",3740,Deli and cured meat sandwiches,,285,12.34,23.24,15.82,2.4,3.51,797,284.7,0.999,2022-10-28
2707040,27560130,Bologna sandwich on white,3740,Deli and cured meat sandwiches,,274,9.87,28.49,13.33,1.2,3.71,764,273.4,0.998,2022-10-28
2707041,27560140,"Bologna sandwich on white, with cheese",3740,Deli and cured meat sandwiches,,287,11.48,24.9,15.65,1,3.57,801,286.4,0.998,2022-10-28
2706177,25220425,"Bologna, reduced fat",2602,Cold cuts and cured meats,,204,11.8,5.2,14.8,0,0,821,201.2,0.986,2022-10-28
2706178,25220435,"Bologna, reduced sodium",2602,Cold cuts and cured meats,,281,10.34,6.31,23.77,0,1.97,830,280.5,0.998,2022-10-28
2706159,25150000,Brains,2010,Liver and organ meats,,150,11.58,1.47,10.45,0,0,414,146.2,0.975,2022-10-28
2710699,93501000,Brandy,7506,Liquor and cocktails,,231,0,0,0,0,0,1,0.0,0.000,2022-10-28
2710627,93301010,Brandy Alexander,7506,Liquor and cocktails,,238,1.05,18.94,3.83,0,15.7,23,114.4,0.481,2022-10-28
2710663,93301205,Brandy and cola,7506,Liquor and cocktails,,89,0,7.8,0.19,0,7.48,3,32.9,0.370,2022-10-28
2706174,25220350,Bratwurst,2608,Sausages,,333,13.72,2.85,29.18,0,0,846,328.9,0.988,2022-10-28
2706175,25220360,"Bratwurst, with cheese",2608,Sausages,,334,14.03,3.28,28.98,0,0.47,904,330.1,0.988,2022-10-28
2707492,42102000,Brazil nuts,2804,Nuts and seeds,,659,14.32,11.74,67.1,7.5,2.33,3,708.1,1.075,2022-10-28
2707687,51182010,Bread stuffing,3208,Turnovers and other grain-based items,,177,3.14,21.71,8.51,0.9,2.35,471,176.0,0.994,2022-10-28
2707688,51182020,Bread stuffing made with egg,3208,Turnovers and other grain-based items,,192,3.31,17.77,11.92,0.8,1.93,458,191.6,0.998,2022-10-28
2707788,51801010,"Bread, barley",4202,Yeast breads,,274,10.67,47.54,4.53,4,5.73,450,273.6,0.999,2022-10-28
2707789,51801020,"Bread, barley, toasted",4202,Yeast breads,,301,11.72,52.24,4.98,4.4,6.3,495,300.7,0.999,2022-10-28
2707764,51407010,"Bread, black",4202,Yeast breads,,250,8.7,47.5,3.1,6.5,0.53,596,252.7,1.011,2022-10-28
2707765,51407020,"Bread, black, toasted",4202,Yeast breads,,275,9.56,52.2,3.41,7.1,0.58,655,277.7,1.010,2022-10-28
2707847,52401000,"Bread, Boston Brown",4402,"Biscuits, muffins, quick breads",,274,10.67,47.54,4.53,4,5.73,450,273.6,0.999,2022-10-28
2707713,51300175,"Bread, chappatti or roti",4202,Yeast breads,,299,7.85,46.13,9.2,9.7,2.93,298,298.7,0.999,2022-10-28
2707618,51111010,"Bread, cheese",4202,Yeast breads,,408,10.42,44.83,20.83,2.1,2.08,750,408.5,1.001,2022-10-28
2707619,51111040,"Bread, cheese, toasted",4202,Yeast breads,,448,11.45,49.26,22.89,2.3,2.29,824,448.8,1.002,2022-10-28
2707620,51113010,"Bread, cinnamon",4202,Yeast breads,,253,7.05,44.38,5.29,3.5,14.11,388,253.3,1.001,2022-10-28
2707621,51113100,"Bread, cinnamon, toasted",4202,Yeast breads,,293,10.36,54.07,3.94,2.5,5.87,495,293.2,1.001,2022-10-28
2707622,51115010,"Bread, cornmeal and molasses",4202,Yeast breads,,285,7.91,55.25,3.82,1.6,14.95,314,287.0,1.007,2022-10-28
2707623,51115020,"Bread, cornmeal and molasses, toasted",4202,Yeast breads,,313,8.69,60.72,4.2,1.8,16.43,346,315.4,1.008,2022-10-28
2707604,51105010,"Bread, Cuban",4202,Yeast breads,,272,10.75,51.88,2.42,2.2,4.62,602,272.3,1.001,2022-10-28
2707605,51105040,"Bread, Cuban, toasted",4202,Yeast breads,,299,11.81,57.01,2.66,2.4,5.08,662,299.2,1.001,2022-10-28
2707653,51140100,"Bread, dough, fried",4202,Yeast breads,fried,384,9.36,44.97,18.84,1.5,3.55,177,386.9,1.008,2022-10-28
2707624,51119010,"Bread, egg, Challah",4202,Yeast breads,,287,9.5,47.8,6,2.3,1.78,380,283.2,0.987,2022-10-28
2707625,51119040,"Bread, egg, Challah, toasted",4202,Yeast breads,,315,10.44,52.53,6.59,2.5,1.96,418,311.2,0.988,2022-10-28
2707610,51107010,"Bread, French or Vienna",4202,Yeast breads,,272,10.75,51.88,2.42,2.2,4.62,602,272.3,1.001,2022-10-28
2707611,51107040,"Bread, French or Vienna, toasted",4202,Yeast breads,,299,11.81,57.01,2.66,2.4,5.08,662,299.2,1.001,2022-10-28
2707728,51301540,"Bread, French or Vienna, whole wheat",4202,Yeast breads,,239,8.33,49.1,1.04,4.2,0,375,239.1,1.000,2022-10-28
2707729,51301550,"Bread, French or Vienna, whole wheat, toasted",4202,Yeast breads,,263,9.15,53.96,1.14,4.6,0,412,262.7,0.999,2022-10-28
2707850,52405010,"Bread, fruit",4402,"Biscuits, muffins, quick breads",,374,6.01,47.34,18.1,1.2,25.24,302,376.3,1.006,2022-10-28
2707797,51808000,"Bread, gluten free",4202,Yeast breads,,248,4.31,45.78,5.24,4.3,3.53,447,247.5,0.998,2022-10-28
2707798,51808010,"Bread, gluten free, toasted",4202,Yeast breads,,273,4.74,50.31,5.76,4.7,3.88,491,272.0,0.996,2022-10-28
2707641,51123020,"Bread, high protein, toasted",4202,Yeast breads,,269,13.3,48.13,2.42,3.3,1.58,444,267.5,0.994,2022-10-28
2707852,52408000,"Bread, Irish soda",4402,"Biscuits, muffins, quick breads",,301,6.48,51.07,8.96,2.3,21.86,445,310.8,1.033,2022-10-28
2707614,51109010,"Bread, Italian, Grecian, Armenian",4202,Yeast breads,,259,9.49,48.11,2.73,2.1,4.69,618,255.0,0.984,2022-10-28
2707615,51109040,"Bread, Italian, Grecian, Armenian, toasted",4202,Yeast breads,,285,10.43,52.87,3,2.3,5.15,679,280.2,0.983,2022-10-28
2707608,51106200,"Bread, lard, Puerto Rican style",4202,Yeast breads,,282,7.33,56.1,3.26,2,7.05,433,283.1,1.004,2022-10-28
2707609,51106210,"Bread, lard, toasted, Puerto Rican style",4202,Yeast breads,,314,8.14,62.34,3.62,2.2,7.83,482,314.5,1.002,2022-10-28
2707593,51000180,"Bread, made from home recipe or purchased at a bakery, NS as to major flour",4202,Yeast breads,,272,10.13,50.26,3.44,1.7,3.11,565,272.5,1.002,2022-10-28
2707594,51000190,"Bread, made from home recipe or purchased at a bakery, toasted, NS as to major flour",4202,Yeast breads,,299,11.14,55.23,3.78,1.9,3.42,621,299.5,1.002,2022-10-28
2707757,51401030,"Bread, marble rye and pumpernickel",4202,Yeast breads,,259,8.5,48.3,3.3,5.8,3.85,570,256.9,0.992,2022-10-28
2707758,51401040,"Bread, marble rye and pumpernickel, toasted",4202,Yeast breads,,285,9.34,53.08,3.63,6.4,4.23,626,282.4,0.991,2022-10-28
2707777,51601020,"Bread, multigrain",4202,Yeast breads,,265,13.36,43.34,4.23,7.4,6.39,360,264.9,1.000,2022-10-28
2707780,51602010,"Bread, multigrain, reduced calorie and/or high fiber",4202,Yeast breads,,207,8.91,44.91,2.55,10.7,4.63,465,238.2,1.151,2022-10-28
2707781,51602020,"Bread, multigrain, reduced calorie and/or high fiber, toasted",4202,Yeast breads,,228,9.79,49.35,2.8,11.8,5.09,511,261.8,1.148,2022-10-28
2707776,51601010,"Bread, multigrain, toasted",4202,Yeast breads,,291,14.68,47.63,4.65,8.1,7.02,396,291.1,1.000,2022-10-28
2707778,51601210,"Bread, multigrain, with raisins",4202,Yeast breads,,268,12.35,46.94,3.83,7.1,12.27,327,271.6,1.014,2022-10-28
2707779,51601220,"Bread, multigrain, with raisins, toasted",4202,Yeast breads,,295,13.58,51.58,4.21,7.8,13.48,359,298.5,1.012,2022-10-28
2707613,51108100,"Bread, naan",4202,Yeast breads,,311,11.09,50.23,7.28,5.2,3.7,508,310.8,0.999,2022-10-28
2707606,51106010,"Bread, native, water, Puerto Rican style",4202,Yeast breads,,279,10.39,52.16,3.25,1.8,1.79,544,279.4,1.002,2022-10-28
2707607,51106020,"Bread, native, water, toasted, Puerto Rican style",4202,Yeast breads,,306,11.41,57.32,3.58,2,1.96,598,307.1,1.004,2022-10-28
2707591,51000100,"Bread, NS as to major flour",4202,Yeast breads,,267,9.43,49.2,3.59,2.3,5.34,450,266.8,0.999,2022-10-28
2707592,51000110,"Bread, NS as to major flour, toasted",4202,Yeast breads,,293,10.36,54.07,3.94,2.5,5.87,495,293.2,1.001,2022-10-28
2707848,52403000,"Bread, nut",4402,"Biscuits, muffins, quick breads",,403,6.59,49.66,20.1,1.2,26.01,336,405.9,1.007,2022-10-28
2707770,51501040,"Bread, oat bran",4202,Yeast breads,,299,9.33,53.89,4.89,4.4,9.04,497,296.9,0.993,2022-10-28
2707771,51501050,"Bread, oat bran, toasted",4202,Yeast breads,,296,9.23,53.3,4.84,4.4,8.94,491,293.7,0.992,2022-10-28
2707768,51501010,"Bread, oatmeal",4202,Yeast breads,,269,8.4,48.5,4.4,4,8.14,447,267.2,0.993,2022-10-28
2707769,51501020,"Bread, oatmeal, toasted",4202,Yeast breads,,296,9.23,53.3,4.84,4.4,8.94,491,293.7,0.992,2022-10-28
2707633,51121110,"Bread, onion",4202,Yeast breads,,238,8.81,44.32,2.95,1.7,3.33,482,239.1,1.004,2022-10-28
2707634,51121120,"Bread, onion, toasted",4202,Yeast breads,,262,9.68,48.7,3.24,1.9,3.66,530,262.7,1.003,2022-10-28
2707715,51300185,"Bread, paratha",4202,Yeast breads,,326,6.36,45.35,13.2,9.6,4.15,452,325.6,0.999,2022-10-28
2707616,51109100,"Bread, pita",4202,Yeast breads,,275,9.1,55.7,1.2,2.2,1.3,536,270.0,0.982,2022-10-28
2707617,51109150,"Bread, pita with fruit",4202,Yeast breads,,279,8.16,59.51,1.05,2.6,11.61,454,280.1,1.004,2022-10-28
2707731,51301620,"Bread, pita, wheat or cracked wheat",4202,Yeast breads,,262,9.8,55.89,1.71,6.1,2.87,421,278.1,1.062,2022-10-28
2707730,51301600,"Bread, pita, whole wheat",4202,Yeast breads,,262,9.8,55.89,1.71,6.1,2.87,421,278.1,1.062,2022-10-28
2707642,51127010,"Bread, potato",4202,Yeast breads,,266,12.5,47.07,3.13,6.3,9.38,375,266.4,1.002,2022-10-28
2707643,51127020,"Bread, potato, toasted",4202,Yeast breads,,292,13.74,51.72,3.44,6.9,10.31,412,292.8,1.003,2022-10-28
2707760,51404010,"Bread, pumpernickel",4202,Yeast breads,,250,8.7,47.5,3.1,6.5,0.53,596,252.7,1.011,2022-10-28
2707761,51404020,"Bread, pumpernickel, toasted",4202,Yeast breads,,275,9.56,52.2,3.41,7.1,0.58,655,277.7,1.010,2022-10-28
2707849,52404060,"Bread, pumpkin",4402,"Biscuits, muffins, quick breads",,305,4.97,43.21,12.93,1.4,22.59,285,309.1,1.013,2022-10-28
2707714,51300180,"Bread, puri",4202,Yeast breads,,409,6.84,39.23,24.94,3.5,0.18,170,408.7,0.999,2022-10-28
2707644,51129010,"Bread, raisin",4202,Yeast breads,,270,8.82,52.21,3.26,2.5,11.32,408,273.5,1.013,2022-10-28
2707645,51129020,"Bread, raisin, toasted",4202,Yeast breads,,297,9.69,57.38,3.58,2.8,12.44,448,300.5,1.012,2022-10-28
2707635,51122000,"Bread, reduced calorie and/or high fiber, white or NFS",4202,Yeast breads,,207,8.7,44.3,2.5,9.7,4.76,479,234.5,1.133,2022-10-28
2707636,51122010,"Bread, reduced calorie and/or high fiber, white or NFS, toasted",4202,Yeast breads,,227,9.56,48.68,2.75,10.7,5.23,526,257.7,1.135,2022-10-28
2707637,51122100,"Bread, reduced calorie and/or high fiber, white or NFS, with fruit and/or nuts",4202,Yeast breads,,222,7.83,49.95,2.14,8.9,14.51,406,250.4,1.128,2022-10-28
2707638,51122110,"Bread, reduced calorie and/or high fiber, white or NFS, with fruit and/or nuts, toasted",4202,Yeast breads,,244,8.6,54.89,2.35,9.7,15.94,446,275.1,1.127,2022-10-28
2707794,51806010,"Bread, rice",4202,Yeast breads,,248,4.31,45.78,5.24,4.3,3.53,447,247.5,0.998,2022-10-28
2707795,51806020,"Bread, rice, toasted",4202,Yeast breads,,273,4.74,50.31,5.76,4.7,3.88,491,272.0,0.996,2022-10-28
2707755,51401010,"Bread, rye",4202,Yeast breads,,259,8.5,48.3,3.3,5.8,3.85,570,256.9,0.992,2022-10-28
2707756,51401020,"Bread, rye, toasted",4202,Yeast breads,,285,9.34,53.08,3.63,6.4,4.23,626,282.4,0.991,2022-10-28
2707646,51133010,"Bread, sour dough",4202,Yeast breads,,272,10.75,51.88,2.42,2.2,4.62,602,272.3,1.001,2022-10-28
2707647,51133020,"Bread, sour dough, toasted",4202,Yeast breads,,299,11.81,57.01,2.66,2.4,5.08,662,299.2,1.001,2022-10-28
2707790,51804010,"Bread, soy",4202,Yeast breads,,267,16.4,41.95,3.84,4.4,6.01,589,268.0,1.004,2022-10-28
2707791,51804020,"Bread, soy, toasted",4202,Yeast breads,,293,18.02,46.1,4.22,4.8,6.6,648,294.5,1.005,2022-10-28
2707683,51168000,"Bread, Spanish coffee",5506,"Doughnuts, sweet rolls, pastries",,348,7.93,58.84,9.06,1.9,12.11,15,348.6,1.002,2022-10-28
2707718,51300300,"Bread, sprouted wheat",4202,Yeast breads,,188,13.16,33.88,0,5.3,2.63,474,188.2,1.001,2022-10-28
2707719,51300310,"Bread, sprouted wheat, toasted",4202,Yeast breads,,207,14.46,37.23,0,5.8,2.89,521,206.8,0.999,2022-10-28
2707792,51805010,"Bread, sunflower meal",4202,Yeast breads,,306,11.16,47.98,8.23,2.7,3.1,512,310.6,1.015,2022-10-28
2707793,51805020,"Bread, sunflower meal, toasted",4202,Yeast breads,,336,12.26,52.73,9.05,2.9,3.4,563,341.4,1.016,2022-10-28
2707648,51134000,"Bread, sweet potato",4202,Yeast breads,,241,8.64,45.38,2.87,1.7,3.53,474,241.9,1.004,2022-10-28
2707649,51134010,"Bread, sweet potato, toasted",4202,Yeast breads,,265,9.5,49.87,3.15,1.9,3.88,521,265.8,1.003,2022-10-28
2707650,51135000,"Bread, vegetable",4202,Yeast breads,,259,9.67,47.98,3.26,1.8,3.54,532,259.9,1.004,2022-10-28
2707651,51135010,"Bread, vegetable, toasted",4202,Yeast breads,,284,10.62,52.72,3.58,2,3.9,584,285.6,1.006,2022-10-28
2707720,51301010,"Bread, wheat or cracked wheat",4202,Yeast breads,,274,10.67,47.54,4.53,4,5.73,450,273.6,0.999,2022-10-28
2707722,51301040,"Bread, wheat or cracked wheat, made from home recipe or purchased at bakery",4202,Yeast breads,,271,10.33,49.2,3.72,3.4,3.18,576,271.6,1.002,2022-10-28
2707723,51301050,"Bread, wheat or cracked wheat, made from home recipe or purchased at bakery, toasted",4202,Yeast breads,,297,11.35,54.06,4.09,3.7,3.5,634,298.4,1.005,2022-10-28
2707726,51301510,"Bread, wheat or cracked wheat, reduced calorie and/or high fiber",4202,Yeast breads,,207,8.91,44.91,2.55,10.7,4.63,465,238.2,1.151,2022-10-28
2707727,51301520,"Bread, wheat or cracked wheat, reduced calorie and/or high fiber, toasted",4202,Yeast breads,,228,9.79,49.35,2.8,11.8,5.09,511,261.8,1.148,2022-10-28
2707721,51301020,"Bread, wheat or cracked wheat, toasted",4202,Yeast breads,,301,11.72,52.24,4.98,4.4,6.3,495,300.7,0.999,2022-10-28
2707724,51301120,"Bread, wheat or cracked wheat, with raisins",4202,Yeast breads,,292,8.66,57.73,3.72,3.9,18.7,462,299.0,1.024,2022-10-28
2707725,51301130,"Bread, wheat or cracked wheat, with raisins, toasted",4202,Yeast breads,,321,9.51,63.44,4.08,4.3,20.55,507,328.5,1.023,2022-10-28
2707598,51101000,"Bread, white",4202,Yeast breads,,267,9.43,49.2,3.59,2.3,5.34,450,266.8,0.999,2022-10-28
2707602,51102010,"Bread, white with whole wheat swirl",4202,Yeast breads,,260,10.86,46.15,3.57,4.2,4.88,440,260.2,1.001,2022-10-28
2707603,51102020,"Bread, white with whole wheat swirl, toasted",4202,Yeast breads,,301,12.45,53.39,4.12,4.7,5.65,508,300.4,0.998,2022-10-28
2707600,51101050,"Bread, white, made from home recipe or purchased at a bakery",4202,Yeast breads,,272,10.13,50.26,3.44,1.7,3.11,565,272.5,1.002,2022-10-28
2707601,51101060,"Bread, white, made from home recipe or purchased at a bakery, toasted",4202,Yeast breads,,299,11.14,55.23,3.78,1.9,3.42,621,299.5,1.002,2022-10-28
2707639,51122300,"Bread, white, special formula, added fiber",4202,Yeast breads,,238,10.66,43.91,2.15,9.2,5,450,237.6,0.998,2022-10-28
2707640,51122310,"Bread, white, special formula, added fiber, toasted",4202,Yeast breads,,262,11.71,48.25,2.36,10.1,5.5,495,261.1,0.996,2022-10-28
2707599,51101010,"Bread, white, toasted",4202,Yeast breads,,293,10.36,54.07,3.94,2.5,5.87,495,293.2,1.001,2022-10-28
2707706,51300050,"Bread, whole grain white",4202,Yeast breads,,238,10.66,43.91,2.15,9.2,5,450,237.6,0.998,2022-10-28
2707707,51300060,"Bread, whole grain white, toasted",4202,Yeast breads,,262,11.71,48.25,2.36,10.1,5.5,495,261.1,0.996,2022-10-28
2707709,51300110,"Bread, whole wheat",4202,Yeast breads,,254,12.3,43.1,3.55,6,4.41,430,253.6,0.998,2022-10-28
2707711,51300140,"Bread, whole wheat, made from home recipe or purchased at bakery",4202,Yeast breads,,267,10.38,46.96,4.26,6.8,3.38,607,267.7,1.003,2022-10-28
2707712,51300150,"Bread, whole wheat, made from home recipe or purchased at bakery, toasted",4202,Yeast breads,,293,11.4,51.61,4.68,7.4,3.71,667,294.2,1.004,2022-10-28
2707710,51300120,"Bread, whole wheat, toasted",4202,Yeast breads,,279,13.52,47.36,3.9,6.6,4.85,473,278.6,0.999,2022-10-28
2707716,51300210,"Bread, whole wheat, with raisins",4202,Yeast breads,,290,8.63,56.35,4.14,6.5,19.48,480,297.2,1.025,2022-10-28
2707717,51300220,"Bread, whole wheat, with raisins, toasted",4202,Yeast breads,,319,9.48,61.92,4.55,7.2,21.41,528,326.6,1.024,2022-10-28
2707851,52407000,"Bread, zucchini",4402,"Biscuits, muffins, quick breads",,306,5.05,42.64,13.14,0.9,22.72,290,309.0,1.010,2022-10-28
2709879,75208501,"Breadfruit, cooked",6418,Other starchy vegetables,,123,1.04,26.26,2.77,4.7,10.65,123,134.1,1.090,2022-10-28
2710785,99995000,Breading or batter as ingredient in food,9999,Not included in a food category,,201,6.56,40.08,1.63,1.6,0.67,245,201.2,1.001,2022-10-28
2707799,51808050,"Breadsticks, hard, gluten free",5202,"Crackers, excludes saltines",,453,11.25,66.3,15.84,10.2,0.86,438,452.8,0.999,2022-10-28
2707690,51184000,"Breadsticks, hard, NFS",5202,"Crackers, excludes saltines",,412,12,68.4,9.5,3,1.26,713,407.1,0.988,2022-10-28
2707691,51184100,"Breadsticks, hard, reduced sodium",5202,"Crackers, excludes saltines",,434,12.01,72.23,10.86,2.5,1.34,4,434.7,1.002,2022-10-28
2707745,51306000,"Breadsticks, hard, whole wheat",5202,"Crackers, excludes saltines",,425,15.08,67.9,10.98,7.1,3.29,577,430.7,1.014,2022-10-28
2707689,51183990,"Breadsticks, NFS",4204,Rolls and buns,,342,12.18,44.39,12.85,2.4,1.11,615,341.9,1.000,2022-10-28
2707693,51184210,"Breadsticks, soft, fast food / restaurant",4204,Rolls and buns,,342,12.18,44.39,12.85,2.4,1.11,615,341.9,1.000,2022-10-28
2707694,51184220,"Breadsticks, soft, frozen",4204,Rolls and buns,,313,11.09,46.37,9.16,2.4,2.8,503,312.3,0.998,2022-10-28
2707692,51184200,"Breadsticks, soft, NFS",4204,Rolls and buns,,342,12.18,44.39,12.85,2.4,1.11,615,341.9,1.000,2022-10-28
2707696,51184260,"Breadsticks, soft, stuffed or topped with melted cheese",4204,Rolls and buns,,333,14.48,36.41,14.36,1.9,1.25,632,332.8,0.999,2022-10-28
2707695,51184230,"Breadsticks, soft, with parmesan cheese, fast food / restaurant",4204,Rolls and buns,,344,12.52,43.76,13.15,2.3,1.09,637,343.5,0.998,2022-10-28
2708116,53714520,"Breakfast bar, cereal crust with fruit filling, lowfat",5402,Cereal bars,,376,4.4,72.8,7.5,2.1,35.1,337,376.3,1.001,2022-10-28
2708115,53714510,"Breakfast bar, date, with yogurt coating",5402,Cereal bars,,348,3.7,70.9,7.3,4.6,46.36,350,364.1,1.046,2022-10-28
2708114,53714500,"Breakfast bar, NFS",5402,Cereal bars,,376,4.4,72.8,7.5,2.1,35.1,337,376.3,1.001,2022-10-28
2707467,41810400,"Breakfast link, pattie, or slice, meatless",2806,Soy and meat-alternative products,,255,20.28,8.09,18.16,2.8,0,888,276.9,1.086,2022-10-28
2710781,99992230,Breakfast meat as ingredient in omelet,9999,Not included in a food category,,252,20.81,1.61,17.87,0,0.9,1102,250.5,0.994,2022-10-28
2708058,53500100,"Breakfast pastry, NFS",5506,"Doughnuts, sweet rolls, pastries",,371,5.4,47.8,18.5,1.9,27.53,445,379.3,1.022,2022-10-28
2708699,58109210,Breakfast pizza with egg,3706,Egg/breakfast sandwiches,,292,14.02,25.63,14.5,1.1,2.86,594,289.1,0.990,2022-10-28
2708077,53530000,Breakfast tart,5506,"Doughnuts, sweet rolls, pastries",,385,4.01,71.83,9.02,1.8,31,311,384.5,0.999,2022-10-28
2708078,53530010,"Breakfast tart, lowfat",5506,"Doughnuts, sweet rolls, pastries",,372,3.99,76.8,5.99,1.5,4.87,361,377.1,1.014,2022-10-28
2707682,51167000,Brioche,5506,"Doughnuts, sweet rolls, pastries",,427,8.96,36.31,27.46,1.5,3.12,437,428.2,1.003,2022-10-28
2709880,75208720,"Broccoflower, cooked",6420,Other vegetables and combinations,,55,2.98,6.15,2.96,3.2,3.06,149,63.2,1.148,2022-10-28
2709771,75102600,"Broccoflower, raw",6420,Other vegetables and combinations,raw,31,2.95,6.09,0.3,3.2,3.03,23,38.9,1.254,2022-10-28
2710032,75330060,"Broccoli and cauliflower, cooked, fat added",6420,Other vegetables and combinations,,46,2.29,4.41,2.71,2.8,1.23,135,51.2,1.113,2022-10-28
2710031,75330050,"Broccoli and cauliflower, cooked, no added fat",6420,Other vegetables and combinations,,23,2.35,4.54,0.17,2.8,1.26,130,29.1,1.265,2022-10-28
2709654,72202010,Broccoli casserole with noodles,3104,Vegetable dishes,,112,3.55,15.86,3.77,1.9,1.34,186,111.6,0.996,2022-10-28
2709655,72202020,Broccoli casserole with rice,3104,Vegetable dishes,,107,4.14,15.06,3.6,1.9,1.2,188,109.2,1.021,2022-10-28
2709573,72103030,"Broccoli raab, cooked",6407,Broccoli,,46,3.2,2.88,3.15,2.7,0.39,159,52.7,1.145,2022-10-28
2709572,72103000,"Broccoli raab, raw",6407,Broccoli,raw,22,3.17,2.85,0.49,2.7,0.38,33,28.5,1.295,2022-10-28
2709812,75140500,"Broccoli salad with cauliflower, cheese, bacon bits, and dressing",6432,"Coleslaw, non-lettuce salads",,270,5.83,10.38,22.82,1.6,6.43,340,270.2,1.001,2022-10-28
2709813,75140510,Broccoli slaw salad,6432,"Coleslaw, non-lettuce salads",,123,1.97,10.41,8.11,1.9,6.32,295,122.5,0.996,2022-10-28
2710034,75330090,"Broccoli, cauliflower and carrots, cooked, fat added",6420,Other vegetables and combinations,,50,1.72,5.43,2.9,2.9,2.13,151,54.7,1.094,2022-10-28
2710033,75330080,"Broccoli, cauliflower and carrots, cooked, no added fat",6420,Other vegetables and combinations,,28,1.76,5.59,0.34,3,2.19,146,32.5,1.159,2022-10-28
2709658,72203070,"Broccoli, Chinese, cooked",6407,Broccoli,,50,1.22,4.72,3.42,2.6,0.89,133,54.5,1.091,2022-10-28
2709657,72203000,"Broccoli, chinese, raw",6407,Broccoli,raw,26,1.2,4.67,0.76,2.6,0.88,7,30.3,1.166,2022-10-28
2710792,99997220,"Broccoli, cooked, as ingredient",9999,Not included in a food category,,41,2.68,6.53,0.35,2.5,1.46,38,40.0,0.975,2022-10-28
2709644,72201190,"Broccoli, cooked, from restaurant",6407,Broccoli,,77,2.55,6.2,4.66,2.4,1.39,241,76.9,0.999,2022-10-28
2709651,72201224,"Broccoli, fresh, cooked with butter or margarine",6407,Broccoli,raw,60,2.61,6.33,2.62,2.4,1.42,171,59.3,0.989,2022-10-28
2709650,72201223,"Broccoli, fresh, cooked with oil",6407,Broccoli,raw,67,2.59,6.32,3.37,2.4,1.41,153,66.0,0.985,2022-10-28
2709648,72201221,"Broccoli, fresh, cooked, fat added, NS as to fat type",6407,Broccoli,raw,63,2.6,6.33,3,2.4,1.42,162,62.7,0.996,2022-10-28
2709645,72201211,"Broccoli, fresh, cooked, no added fat",6407,Broccoli,raw,41,2.67,6.51,0.35,2.5,1.45,158,39.9,0.972,2022-10-28
2709653,72201227,"Broccoli, frozen, cooked with butter or margarine",6407,Broccoli,,47,3.02,5.19,2.3,2.9,1.43,140,53.5,1.139,2022-10-28
2709652,72201226,"Broccoli, frozen, cooked with oil",6407,Broccoli,,53,3,5.18,3.02,2.9,1.42,123,59.9,1.130,2022-10-28
2709649,72201222,"Broccoli, frozen, cooked, fat added, NS as to fat type",6407,Broccoli,,50,3.01,5.18,2.66,2.9,1.43,132,56.7,1.134,2022-10-28
2709646,72201212,"Broccoli, frozen, cooked, no added fat",6407,Broccoli,,28,3.09,5.33,0.12,3,1.47,127,34.8,1.241,2022-10-28
2709647,72201220,"Broccoli, NS as to form, cooked",6407,Broccoli,,63,2.6,6.33,3,2.4,1.42,162,62.7,0.996,2022-10-28
2709643,72201100,"Broccoli, raw",6407,Broccoli,raw,39,2.57,6.27,0.34,2.4,1.4,36,38.4,0.985,2022-10-28
2707652,51136000,Bruschetta,3744,Vegetable sandwiches/burgers,,171,4.29,21.32,7.61,1.5,3.34,264,170.9,1.000,2022-10-28
2709884,75209021,"Brussels sprouts, fresh, cooked, fat added",6420,Other vegetables and combinations,raw,67,3.42,9.03,2.96,3.8,2.22,151,76.4,1.141,2022-10-28
2709881,75209011,"Brussels sprouts, fresh, cooked, no added fat",6420,Other vegetables and combinations,raw,45,3.51,9.3,0.31,3.9,2.28,147,54.0,1.201,2022-10-28
2709885,75209022,"Brussels sprouts, frozen, cooked, fat added",6420,Other vegetables and combinations,,64,3.53,8.06,2.92,4,2.02,136,72.6,1.135,2022-10-28
2709882,75209012,"Brussels sprouts, frozen, cooked, no added fat",6420,Other vegetables and combinations,,42,3.63,8.3,0.39,4.1,2.07,131,51.2,1.220,2022-10-28
2709883,75209020,"Brussels sprouts, NS as to form, cooked",6420,Other vegetables and combinations,,67,3.42,9.03,2.96,3.8,2.22,151,76.4,1.141,2022-10-28
2709772,75102750,"Brussels sprouts, raw",6420,Other vegetables and combinations,raw,43,3.38,8.95,0.3,3.8,2.2,25,52.0,1.210,2022-10-28
2708362,56200510,Buckwheat groats,4004,"Pasta, noodles, cooked grains",,118,3.24,18.99,3.97,2.6,0.87,170,124.6,1.056,2022-10-28
2709751,74406060,Buffalo sauce,8406,Mustard and other condiments,,11,1.21,0.75,0.71,0.6,0.12,2917,14.2,1.294,2022-10-28
2708439,56207120,"Bulgur, fat added",4004,"Pasta, noodles, cooked grains",,121,2.9,17.31,5.07,4.2,0.12,243,126.5,1.045,2022-10-28
2708438,56207110,"Bulgur, no added fat",4004,"Pasta, noodles, cooked grains",,83,3.06,18.48,0.24,4.5,0.1,219,88.3,1.064,2022-10-28
2708440,56207130,"Bulgur, NS as to fat",4004,"Pasta, noodles, cooked grains",,83,3.06,18.48,0.24,4.5,0.1,219,88.3,1.064,2022-10-28
2709886,75209501,"Burdock, cooked",6420,Other vegetables and combinations,,100,1.6,18.06,2.89,3.4,3.02,135,104.7,1.046,2022-10-28
2708556,58102710,"Burrito bowl, beef or pork",3506,Other Mexican mixed dishes,,213,19.97,0.27,14.21,0,0.09,297,208.9,0.981,2022-10-28
2708558,58102730,"Burrito bowl, beef or pork, with beans",3506,Other Mexican mixed dishes,,161,13.06,6.94,8.91,1.8,0.34,344,160.2,0.995,2022-10-28
2708559,58102740,"Burrito bowl, beef or pork, with beans and rice",3506,Other Mexican mixed dishes,,171,12.49,10.58,8.48,1,0.22,310,168.6,0.986,2022-10-28
2708557,58102720,"Burrito bowl, beef or pork, with rice",3506,Other Mexican mixed dishes,,181,11.92,14.21,8.05,0.2,0.09,276,177.0,0.978,2022-10-28
2708560,58102750,"Burrito bowl, chicken",3506,Other Mexican mixed dishes,,161,21.04,0.27,8.11,0,0.09,301,158.2,0.983,2022-10-28
2708562,58102770,"Burrito bowl, chicken, with beans",3506,Other Mexican mixed dishes,,135,13.6,6.94,5.87,1.8,0.34,345,135.0,1.000,2022-10-28
2708563,58102780,"Burrito bowl, chicken, with beans and rice",3506,Other Mexican mixed dishes,,145,13.03,10.58,5.44,1,0.22,311,143.4,0.989,2022-10-28
2708561,58102760,"Burrito bowl, chicken, with rice",3506,Other Mexican mixed dishes,,155,12.46,14.21,5,0.2,0.09,277,151.7,0.979,2022-10-28
2708555,58102700,"Burrito bowl, NFS",3506,Other Mexican mixed dishes,,145,13.03,10.58,5.44,1,0.22,311,143.4,0.989,2022-10-28
2708564,58102790,"Burrito bowl, with beans",3506,Other Mexican mixed dishes,,129,8.04,17.3,3.42,5.7,0.46,296,132.1,1.024,2022-10-28
2708535,58102310,"Burrito, beef, cheese",3502,Burritos and tacos,,267,13.28,28.33,10.68,2,2.16,454,262.6,0.983,2022-10-28
2708538,58102340,"Burrito, beef, with beans and rice, cheese",3502,Burritos and tacos,,225,10.78,26.05,8.29,2,1.61,465,221.9,0.986,2022-10-28
2708537,58102330,"Burrito, beef, with beans, cheese",3502,Burritos and tacos,,219,11.12,23.87,8.54,2.5,1.68,486,216.8,0.990,2022-10-28
2708536,58102320,"Burrito, beef, with rice, cheese",3502,Burritos and tacos,,231,10.44,28.24,8.03,1.5,1.54,445,227.0,0.983,2022-10-28
2708554,58102680,"Burrito, cheese only",3502,Burritos and tacos,,328,13.69,30.59,16.53,2.1,2.56,704,325.9,0.994,2022-10-28
2708543,58102510,"Burrito, chicken, cheese",3502,Burritos and tacos,,244,13.74,28.33,8.06,2,2.16,456,240.8,0.987,2022-10-28
2708546,58102540,"Burrito, chicken, with beans and rice, cheese",3502,Burritos and tacos,,209,11.1,26.05,6.45,2,1.61,466,206.7,0.989,2022-10-28
2708545,58102530,"Burrito, chicken, with beans, cheese",3502,Burritos and tacos,,203,11.45,23.87,6.71,2.5,1.68,487,201.7,0.993,2022-10-28
2708544,58102520,"Burrito, chicken, with rice, cheese",3502,Burritos and tacos,,215,10.76,28.24,6.2,1.5,1.54,446,211.8,0.985,2022-10-28
2708550,58102630,"Burrito, meat, no cheese",3502,Burritos and tacos,,262,12.85,29.63,9.75,2.1,2.23,442,257.7,0.983,2022-10-28
2708553,58102660,"Burrito, meat, with beans and rice, no cheese",3502,Burritos and tacos,,218,10.2,27.29,7.18,2.1,1.65,453,214.6,0.984,2022-10-28
2708552,58102650,"Burrito, meat, with beans, no cheese",3502,Burritos and tacos,,211,10.56,24.99,7.45,2.6,1.73,474,209.2,0.992,2022-10-28
2708551,58102640,"Burrito, meat, with rice, no cheese",3502,Burritos and tacos,,224,9.84,29.59,6.91,1.6,1.57,431,219.9,0.982,2022-10-28
2708534,58102300,"Burrito, NFS",3502,Burritos and tacos,,219,11.12,23.87,8.54,2.5,1.68,486,216.8,0.990,2022-10-28
2708539,58102410,"Burrito, pork, cheese",3502,Burritos and tacos,,268,12.89,28.33,11.02,2,2.16,451,264.1,0.985,2022-10-28
2708542,58102440,"Burrito, pork, with beans and rice, cheese",3502,Burritos and tacos,,226,10.51,26.05,8.52,2,1.61,463,222.9,0.986,2022-10-28
2708541,58102430,"Burrito, pork, with beans, cheese",3502,Burritos and tacos,,220,10.85,23.87,8.78,2.5,1.68,483,217.9,0.990,2022-10-28
2708540,58102420,"Burrito, pork, with rice, cheese",3502,Burritos and tacos,,232,10.17,28.24,8.26,1.5,1.54,442,228.0,0.983,2022-10-28
2708549,58102620,"Burrito, with beans and rice, cheese",3502,Burritos and tacos,,202,6.89,32.2,4.87,3.2,1.59,430,200.2,0.991,2022-10-28
2708548,58102610,"Burrito, with beans, cheese",3502,Burritos and tacos,,196,8.1,29.49,5.16,4.9,1.69,449,196.8,1.004,2022-10-28
2708547,58102605,"Burrito, with beans, no cheese",3502,Burritos and tacos,,188,7.41,30.84,3.95,5.1,1.74,436,188.6,1.003,2022-10-28
2710161,81103090,"Butter replacement, liquid",8004,Margarine,,533,0.17,0.86,59.81,0,0,615,542.4,1.018,2022-10-28
2710163,81106010,"Butter replacement, powder",8004,Margarine,,373,2,89,1,0,5.3,1200,373.0,1.000,2022-10-28
2710157,81101520,"Butter, light",8002,Butter and animal fats,,499,3.3,0,55.1,0,0,450,509.1,1.020,2022-10-28
2710154,81100500,"Butter, NFS",8002,Butter and animal fats,,743,0.85,0.06,82.2,0,0.58,524,743.4,1.001,2022-10-28
2710155,81101000,"Butter, stick",8002,Butter and animal fats,,743,0.85,0.06,82.2,0,0.58,524,743.4,1.001,2022-10-28
2710156,81101010,"Butter, tub",8002,Butter and animal fats,,731,0.49,0,78.3,0,0.06,583,706.7,0.967,2022-10-28
2705393,11115300,Buttermilk,1002,"Milk, whole",,43,3.46,4.81,1.08,0,5.36,92,42.8,0.995,2022-10-28
2709816,75141040,"Cabbage salad, NFS",6432,"Coleslaw, non-lettuce salads",,45,0.79,8.93,0.8,2.4,5,269,46.1,1.024,2022-10-28
2706755,27420010,Cabbage with ham hocks,3002,Meat mixed dishes,,75,7.75,4.9,2.58,1.7,2.69,344,73.8,0.984,2022-10-28
2709888,75210020,"Cabbage, Chinese, cooked, fat added",6413,Cabbage,,37,1.52,2.2,2.85,1,1.2,192,40.5,1.095,2022-10-28
2709887,75210010,"Cabbage, Chinese, cooked, no added fat",6413,Cabbage,,14,1.56,2.26,0.21,1,1.23,188,17.2,1.226,2022-10-28
2709774,75104000,"Cabbage, Chinese, raw",6413,Cabbage,raw,13,1.5,2.18,0.2,1,1.18,65,16.5,1.271,2022-10-28
2710800,99997530,"Cabbage, cooked, as ingredient",9999,Not included in a food category,,32,1,6.65,0.24,2.6,3.33,17,32.8,1.024,2022-10-28
2709892,75211032,"Cabbage, green, cooked with butter or margarine",6413,Cabbage,,52,0.99,6.44,2.51,2.5,3.24,151,52.3,1.006,2022-10-28
2709891,75211031,"Cabbage, green, cooked with oil",6413,Cabbage,,58,0.97,6.43,3.26,2.5,3.23,133,58.9,1.016,2022-10-28
2709890,75211030,"Cabbage, green, cooked, fat added, NS as to fat type",6413,Cabbage,,55,0.98,6.44,2.88,2.5,3.23,142,55.6,1.011,2022-10-28
2709889,75211020,"Cabbage, green, cooked, no added fat",6413,Cabbage,,32,1,6.63,0.24,2.6,3.32,137,32.7,1.021,2022-10-28
2710075,75502500,"Cabbage, green, pickled",8408,"Olives, pickles, pickled vegetables",,46,0.8,10.15,0.21,2.1,7.52,957,45.7,0.993,2022-10-28
2709773,75103000,"Cabbage, green, raw",6413,Cabbage,raw,31,0.96,6.38,0.23,2.5,3.2,16,31.4,1.014,2022-10-28
2709893,75212020,"Cabbage, red, cooked",6413,Cabbage,,58,1.26,6.85,2.86,2.1,3.87,138,58.2,1.003,2022-10-28
2710076,75502510,"Cabbage, red, pickled",8408,"Olives, pickles, pickled vegetables",,49,1.03,10.49,0.19,1.7,8.05,954,47.8,0.975,2022-10-28
2709775,75105000,"Cabbage, red, raw",6413,Cabbage,raw,34,1.24,6.79,0.21,2.1,3.83,12,34.0,1.000,2022-10-28
2709894,75213020,"Cabbage, savoy, cooked",6413,Cabbage,,51,2.02,6.16,2.75,3.1,2.29,154,57.5,1.127,2022-10-28
2709896,75213120,"Cactus, cooked, fat added",6420,Other vegetables and combinations,,38,1.29,3.23,2.63,2.1,1.12,141,41.8,1.099,2022-10-28
2709895,75213110,"Cactus, cooked, no added fat",6420,Other vegetables and combinations,,16,1.32,3.32,0.09,2.2,1.15,137,19.4,1.211,2022-10-28
2709776,75105500,"Cactus, raw",6420,Other vegetables and combinations,raw,16,1.32,3.33,0.09,2.2,1.15,21,19.4,1.213,2022-10-28
2710199,83102000,Caesar dressing,8012,Salad dressings and vegetable oils,,542,2.17,3.3,57.85,0.5,2.81,1209,542.5,1.001,2022-10-28
2710230,83300200,"Caesar dressing, fat free",8012,Salad dressings and vegetable oils,,131,1.47,30.73,0.23,0.2,8.82,1265,130.9,0.999,2022-10-28
2710219,83203000,"Caesar dressing, light",8012,Salad dressings and vegetable oils,,110,0.3,18.6,4.4,0.1,16.32,1148,115.2,1.047,2022-10-28
2709591,72116150,"Caesar salad, with romaine, no dressing",6410,Lettuce and lettuce salads,,77,4,7.49,3.41,1.8,1.23,238,76.7,0.995,2022-10-28
2708345,55701000,Cake made with glutinous rice,3202,Rice mixed dishes,,279,2.49,53.57,6.51,0.7,31.12,36,282.8,1.014,2022-10-28
2708348,55703000,Cake made with glutinous rice and dried beans,3202,Rice mixed dishes,,185,7.76,36.09,0.6,3.4,1.47,942,180.8,0.977,2022-10-28
2707855,53102200,"Cake or cupcake, apple",5502,Cakes and pies,,376,2.41,52.52,17.5,0.9,39.48,280,377.2,1.003,2022-10-28
2707856,53102700,"Cake or cupcake, banana",5502,Cakes and pies,,379,2.47,53.07,17.51,1,39.6,280,379.8,1.002,2022-10-28
2707857,53102800,"Cake or cupcake, Black Forest",5502,Cakes and pies,,228,3.49,31.32,10.66,1.7,18.26,214,235.2,1.031,2022-10-28
2707859,53104260,"Cake or cupcake, carrot",5502,Cakes and pies,,374,2.49,51.8,17.52,1.1,38.49,288,374.8,1.002,2022-10-28
2707866,53105270,"Cake or cupcake, chocolate with chocolate icing, bakery",5502,Cakes and pies,,345,3.29,52.25,15.2,1.6,37.8,295,359.0,1.040,2022-10-28
2707867,53105272,"Cake or cupcake, chocolate with chocolate icing, from mix",5502,Cakes and pies,,341,3.49,51.25,14.98,1.7,35.99,305,353.8,1.037,2022-10-28
2707864,53105262,"Cake or cupcake, chocolate with white icing, bakery",5502,Cakes and pies,,355,2.79,54.36,14.58,1.2,40.23,296,359.8,1.014,2022-10-28
2707865,53105264,"Cake or cupcake, chocolate with white icing, from mix",5502,Cakes and pies,,349,3.05,53.13,14.43,1.4,38.15,306,354.6,1.016,2022-10-28
2707868,53105275,"Cake or cupcake, chocolate, no icing",5502,Cakes and pies,,303,5.08,43.28,13.24,2.3,21.52,387,312.6,1.032,2022-10-28
2707860,53104400,"Cake or cupcake, coconut",5502,Cakes and pies,,368,2.5,54.52,15.68,1.3,40.61,311,369.2,1.003,2022-10-28
2707869,53105300,"Cake or cupcake, German chocolate",5502,Cakes and pies,,360,3.7,49.94,17.6,2.4,34.72,297,373.0,1.036,2022-10-28
2707876,53111000,"Cake or cupcake, gingerbread",5502,Cakes and pies,,276,3.64,45.34,9.16,1,28.3,411,278.4,1.009,2022-10-28
2707870,53105310,"Cake or cupcake, gluten free",5502,Cakes and pies,,410,4.87,37.93,29.42,2.4,34.01,119,436.0,1.063,2022-10-28
2707879,53114100,"Cake or cupcake, lemon",5502,Cakes and pies,,339,2.42,51.9,13.53,0.4,38.23,304,339.1,1.000,2022-10-28
2707880,53115200,"Cake or cupcake, marble",5502,Cakes and pies,,347,3.07,52.57,15.06,1.2,38.36,305,358.1,1.032,2022-10-28
2707853,53100100,"Cake or cupcake, NFS",5502,Cakes and pies,,352,2.84,53.6,14.77,1,39.53,304,358.7,1.019,2022-10-28
2707881,53115450,"Cake or cupcake, peanut butter",5502,Cakes and pies,,382,6.12,47.52,19.85,2,32.34,332,393.2,1.029,2022-10-28
2707883,53116510,"Cake or cupcake, pumpkin",5502,Cakes and pies,,373,2.5,51.58,17.51,1.1,38.35,280,373.9,1.002,2022-10-28
2707884,53116520,"Cake or cupcake, red velvet",5502,Cakes and pies,,355,2.79,54.36,14.58,1.2,40.23,296,359.8,1.014,2022-10-28
2707885,53117200,"Cake or cupcake, spice",5502,Cakes and pies,,410,2.66,56.41,19.43,0.9,42.24,311,411.1,1.003,2022-10-28
2707887,53118110,"Cake or cupcake, strawberry",5502,Cakes and pies,,326,2.22,50.25,12.89,0.5,37.39,283,325.9,1.000,2022-10-28
2707893,53121270,"Cake or cupcake, white with chocolate icing, bakery",5502,Cakes and pies,,349,2.9,52.84,14.95,0.8,38.83,313,357.5,1.024,2022-10-28
2707894,53121272,"Cake or cupcake, white with chocolate icing, from mix",5502,Cakes and pies,,345,3.06,51.9,14.71,0.7,37.11,324,352.2,1.021,2022-10-28
2707891,53120270,"Cake or cupcake, white with white icing, bakery",5502,Cakes and pies,,359,2.4,54.95,14.33,0.4,41.26,313,358.4,0.998,2022-10-28
2707892,53120272,"Cake or cupcake, white with white icing, from mix",5502,Cakes and pies,,353,2.62,53.78,14.16,0.4,39.27,325,353.0,1.000,2022-10-28
2707895,53121275,"Cake or cupcake, white, no icing",5502,Cakes and pies,,310,4.36,44.36,12.78,0.6,23.39,419,309.9,1.000,2022-10-28
2707897,53124110,"Cake or cupcake, zucchini",5502,Cakes and pies,,371,2.52,51.08,17.52,0.9,38.27,280,372.1,1.003,2022-10-28
2707854,53101100,"Cake, angel food",5502,Cakes and pies,,257,6.1,58.7,0.3,0.2,30.51,511,261.9,1.019,2022-10-28
2707858,53103000,"Cake, Boston cream pie",5502,Cakes and pies,,252,2.4,42.9,8.5,1.4,36.11,254,257.7,1.023,2022-10-28
2707871,53105396,"Cake, chocolate, flourless",5502,Cakes and pies,,410,4.87,37.93,29.42,2.4,34.01,119,436.0,1.063,2022-10-28
2707872,53106500,"Cake, cream",5502,Cakes and pies,,286,3.84,30.02,17.03,0.4,16.46,234,288.7,1.009,2022-10-28
2707875,53110000,"Cake, fruit cake",5502,Cakes and pies,,324,2.9,61.6,9.1,3.7,27.42,101,339.9,1.049,2022-10-28
2707878,53113000,"Cake, jelly roll",5502,Cakes and pies,,285,3.14,64.54,1.52,0.8,41.99,357,284.4,0.998,2022-10-28
2707890,53119000,"Cake, pineapple, upside down",5502,Cakes and pies,,273,2.38,39.11,12.18,0.7,28.16,214,275.6,1.009,2022-10-28
2707882,53116000,"Cake, pound",5502,Cakes and pies,,353,5,53.64,13.96,0.6,33.36,377,360.2,1.020,2022-10-28
2707886,53118100,"Cake, sponge",5502,Cakes and pies,,290,5.4,61,2.7,0.5,36.66,623,289.9,1.000,2022-10-28
2707896,53123070,"Cake, strawberry shortcake",5502,Cakes and pies,,214,3.31,40.09,4.73,0.9,25.89,313,216.2,1.010,2022-10-28
2707888,53118500,"Cake, torte",5502,Cakes and pies,,241,3.28,33.86,10.36,0.9,19.08,273,241.8,1.003,2022-10-28
2707889,53118550,"Cake, tres leche",5502,Cakes and pies,,270,6.39,42,8.67,0.3,33.37,71,271.6,1.006,2022-10-28
2706333,26213120,"Calamari, cooked",2404,Shellfish,,155,19.36,3.83,6.25,0,0.01,270,149.0,0.961,2022-10-28
2706334,26213140,"Calamari, fried",2404,Shellfish,fried,234,13.76,14.06,13.22,0.5,0.2,377,230.3,0.984,2022-10-28
2708684,58108000,"Calzone, with cheese, meatless",3602,Pizza,,389,17.59,29.49,22.51,1.3,0.36,672,390.9,1.005,2022-10-28
2708685,58108010,"Calzone, with meat and cheese",3602,Pizza,,343,14.84,31.31,17.69,1.4,0.59,434,343.8,1.002,2022-10-28
2705884,22501010,"Canadian bacon, cooked",2602,Cold cuts and cured meats,,146,28.31,1.8,2.78,0,1.2,993,145.5,0.996,2022-10-28
2710354,91723030,"Candy, caramel",5704,Candy not containing chocolate,,384,3.1,82.36,5.7,0,60.91,144,393.1,1.024,2022-10-28
2710363,91745050,"Candy, cotton",5704,Candy not containing chocolate,,401,0,99.6,0.32,0,99.8,1,401.3,1.001,2022-10-28
2710364,91745110,"Candy, fruit flavored pieces",5704,Candy not containing chocolate,,400,0.1,94.39,2.28,0,69.37,26,398.5,0.996,2022-10-28
2710368,91746350,"Candy, fruit leather",5704,Candy not containing chocolate,,371,0.1,85.8,3,0,49.16,317,370.6,0.999,2022-10-28
2710367,91746300,"Candy, fruit snacks",5704,Candy not containing chocolate,,371,0.1,85.8,3,0,49.16,317,370.6,0.999,2022-10-28
2710359,91745010,"Candy, gummy",5704,Candy not containing chocolate,,396,0,98.9,0,0.1,58.97,44,395.6,0.999,2022-10-28
2710360,91745025,"Candy, hard",5704,Candy not containing chocolate,,394,0,98,0.2,0,62.9,38,393.8,0.999,2022-10-28
2710352,91721000,"Candy, licorice",5704,Candy not containing chocolate,,396,0,98.9,0,0.1,58.97,44,395.6,0.999,2022-10-28
2710361,91745030,"Candy, lollipop",5704,Candy not containing chocolate,,394,0,98,0.2,0,62.9,38,393.8,0.999,2022-10-28
2710353,91723000,"Candy, marshmallow",5704,Candy not containing chocolate,,318,1.8,81.3,0.2,0.1,57.56,80,334.2,1.051,2022-10-28
2710358,91745000,"Candy, mint",5704,Candy not containing chocolate,,394,0,98.3,0.1,0,31.45,19,394.1,1.000,2022-10-28
2710325,91700010,"Candy, NFS",5704,Candy not containing chocolate,,429,1.95,86.62,8.26,0.9,61.3,43,428.6,0.999,2022-10-28
2710350,91706020,"Candy, non chocolate, other, NFS",5704,Candy not containing chocolate,,394,0.05,95.69,1.13,0,64.57,32,393.1,0.998,2022-10-28
2710370,91770060,"Candy, non chocolate, sugar free",5704,Candy not containing chocolate,,394,0,98.6,0,0,0,0,394.4,1.001,2022-10-28
2710355,91728000,"Candy, nougat with nuts",5704,Candy not containing chocolate,,444,8.38,72.64,13.34,3.6,42.64,132,444.1,1.000,2022-10-28
2710357,91733000,"Candy, peanut brittle",5704,Candy not containing chocolate,,486,7.57,71.24,18.98,2.5,51.33,445,486.1,1.000,2022-10-28
2710334,91705250,"Candy, sprinkles",5704,Candy not containing chocolate,,473,0,84.66,15.27,0,84.83,2,476.1,1.006,2022-10-28
2710369,91750000,"Candy, taffy",5704,Candy not containing chocolate,,390,0.2,87.88,4.12,0,73.51,6,389.4,0.998,2022-10-28
2708795,58134810,"Cannelloni, cheese- and spinach-filled, no sauce",3204,"Pasta mixed dishes, excludes macaroni and cheese",,157,6.31,18.36,6.51,1.1,0.75,618,157.3,1.002,2022-10-28
2710188,82105500,Canola oil,8012,Salad dressings and vegetable oils,,900,0,0,100,0,0,0,900.0,1.000,2022-10-28
2709343,64202010,Cantaloupe nectar,7204,Fruit drinks,,65,0.33,15.64,0.11,0.3,15.55,13,64.9,0.998,2022-10-28
2709226,63109010,"Cantaloupe, raw",6014,Melons,raw,38,0.82,8.16,0.18,0.8,7.88,30,37.5,0.988,2022-10-28
2710629,93301032,Cape Cod,7506,Liquor and cocktails,,98,0,10.18,0.08,0,8.94,2,41.4,0.423,2022-10-28
2710293,91306025,"Caramel dip, light",8806,"Jams, syrups, toppings",,216,1.21,57.01,0,0,57,341,232.9,1.078,2022-10-28
2710292,91306020,"Caramel dip, regular",8806,"Jams, syrups, toppings",,295,1.16,48.47,12.33,0,48.54,368,309.5,1.049,2022-10-28
2705919,23324100,Caribou,2008,"Lamb, goat, game",,166,29.53,0,4.38,0,0,367,157.5,0.949,2022-10-28
2709683,73105010,"Carrot juice, 100%",7008,Vegetable juice,,40,0.95,9.28,0.15,0.8,3.91,66,42.3,1.057,2022-10-28
2709676,73102228,"Carrots, canned, cooked with butter or margarine",6404,Carrots,,44,0.64,5.39,2.38,1.5,2.42,252,45.5,1.035,2022-10-28
2709675,73102227,"Carrots, canned, cooked with oil",6404,Carrots,,50,0.62,5.38,3.1,1.5,2.41,235,51.9,1.038,2022-10-28
2709672,73102223,"Carrots, canned, cooked, fat added, NS as to fat type",6404,Carrots,,47,0.63,5.38,2.74,1.5,2.41,244,48.7,1.036,2022-10-28
2709666,73102213,"Carrots, canned, cooked, no added fat",6404,Carrots,,25,0.64,5.54,0.19,1.5,2.48,242,26.4,1.057,2022-10-28
2709681,73103022,"Carrots, canned, reduced sodium, cooked with butter or margarine",6404,Carrots,,42,0.59,5.21,2.33,1.7,2.4,50,44.2,1.052,2022-10-28
2709680,73103021,"Carrots, canned, reduced sodium, cooked with oil",6404,Carrots,,49,0.57,5.2,3.05,1.7,2.39,33,50.5,1.031,2022-10-28
2709679,73103020,"Carrots, canned, reduced sodium, cooked, fat added, NS as to fat type",6404,Carrots,,45,0.58,5.21,2.69,1.7,2.39,42,47.4,1.053,2022-10-28
2709678,73103010,"Carrots, canned, reduced sodium, cooked, no added fat",6404,Carrots,,23,0.59,5.36,0.14,1.8,2.46,34,25.1,1.090,2022-10-28
2710793,99997310,"Carrots, cooked, as ingredient",9999,Not included in a food category,,50,0.98,10.7,0.36,3.2,4.94,91,50.0,0.999,2022-10-28
2709663,73102190,"Carrots, cooked, from restaurant",6404,Carrots,,86,0.94,10.15,4.67,3.1,4.69,292,86.4,1.005,2022-10-28
2709668,73102218,"Carrots, fresh, cooked with butter or margarine",6404,Carrots,raw,69,0.96,10.37,2.63,3.1,4.79,223,69.0,1.000,2022-10-28
2709667,73102217,"Carrots, fresh, cooked with oil",6404,Carrots,raw,76,0.95,10.36,3.38,3.1,4.78,205,75.7,0.996,2022-10-28
2709670,73102221,"Carrots, fresh, cooked, fat added, NS as to fat type",6404,Carrots,raw,72,0.96,10.36,3,3.1,4.78,214,72.3,1.004,2022-10-28
2709664,73102211,"Carrots, fresh, cooked, no added fat",6404,Carrots,raw,50,0.98,10.67,0.36,3.2,4.92,211,49.8,0.997,2022-10-28
2709674,73102225,"Carrots, frozen, cooked with butter or margarine",6404,Carrots,,57,0.8,7.68,2.64,3.1,4.08,193,57.7,1.012,2022-10-28
2709673,73102224,"Carrots, frozen, cooked with oil",6404,Carrots,,64,0.78,7.67,3.36,3.1,4.07,176,64.0,1.001,2022-10-28
2709671,73102222,"Carrots, frozen, cooked, fat added, NS as to fat type",6404,Carrots,,61,0.79,7.67,3,3.1,4.07,185,60.8,0.997,2022-10-28
2709665,73102212,"Carrots, frozen, cooked, no added fat",6404,Carrots,,39,0.81,7.9,0.47,3.2,4.19,182,39.1,1.002,2022-10-28
2709677,73102241,"Carrots, glazed, cooked",6404,Carrots,,97,0.9,17.32,2.78,2.9,12.14,214,97.9,1.009,2022-10-28
2709669,73102220,"Carrots, NS as to form, cooked",6404,Carrots,,72,0.96,10.36,3,3.1,4.78,214,72.3,1.004,2022-10-28
2709660,73101010,"Carrots, raw",6404,Carrots,raw,44,0.87,9.68,0.24,2.9,4.75,75,44.4,1.008,2022-10-28
2709661,73101110,"Carrots, raw, salad",6432,"Coleslaw, non-lettuce salads",raw,212,1.25,17.62,15.74,2.6,12.04,189,217.1,1.024,2022-10-28
2709662,73101210,"Carrots, raw, salad with apples",6432,"Coleslaw, non-lettuce salads",raw,181,0.85,8.59,16.02,2.3,4.47,189,181.9,1.005,2022-10-28
2709566,71930200,"Casabe, cassava bread",4402,"Biscuits, muffins, quick breads",,299,2.54,71.22,0.52,3.4,3.18,1185,299.7,1.002,2022-10-28
2707536,42201000,Cashew butter,2804,Nuts and seeds,,609,12.12,30.3,53.03,3,9.09,295,647.0,1.062,2022-10-28
2707498,42104500,"Cashews, honey roasted",2804,Nuts and seeds,,563,10.31,43.7,41.18,2,25.11,394,586.7,1.042,2022-10-28
2707496,42104105,"Cashews, lightly salted",2804,Nuts and seeds,,581,14.78,31.55,47.72,2.9,4.84,208,614.8,1.058,2022-10-28
2707493,42104000,"Cashews, NFS",2804,Nuts and seeds,,574,15.31,32.69,46.35,3,5.01,16,609.2,1.061,2022-10-28
2707495,42104100,"Cashews, salted",2804,Nuts and seeds,,578,14.7,31.4,47.48,2.9,4.81,399,611.7,1.058,2022-10-28
2707494,42104050,"Cashews, unroasted",2804,Nuts and seeds,,574,15.31,32.69,46.35,3,5.01,16,609.2,1.061,2022-10-28
2707497,42104110,"Cashews, unsalted",2804,Nuts and seeds,,584,14.85,31.71,47.96,2.9,4.86,16,617.9,1.058,2022-10-28
2709564,71930120,"Cassava, cooked",6418,Other starchy vegetables,,191,1.42,39.62,3.03,1.9,1.78,145,191.4,1.002,2022-10-28
2710801,99997535,"Cauliflower, cooked, as ingredient",9999,Not included in a food category,,26,2,5.18,0.29,2.1,1.99,31,31.3,1.205,2022-10-28
2709903,75214028,"Cauliflower, fresh, cooked with butter or margarine",6420,Other vegetables and combinations,raw,46,1.95,5.02,2.56,2,1.94,165,50.9,1.107,2022-10-28
2709902,75214027,"Cauliflower, fresh, cooked with oil",6420,Other vegetables and combinations,raw,52,1.94,5.01,3.31,2,1.93,147,57.6,1.107,2022-10-28
2709900,75214021,"Cauliflower, fresh, cooked, fat added, NS as to fat type",6420,Other vegetables and combinations,raw,49,1.94,5.02,2.93,2,1.93,156,54.2,1.106,2022-10-28
2709897,75214011,"Cauliflower, fresh, cooked, no added fat",6420,Other vegetables and combinations,raw,26,1.99,5.16,0.29,2.1,1.98,152,31.2,1.200,2022-10-28
2709905,75214031,"Cauliflower, frozen, cooked with butter or margarine",6420,Other vegetables and combinations,,38,1.58,3.64,2.4,2.6,1.03,147,42.5,1.118,2022-10-28
2709904,75214030,"Cauliflower, frozen, cooked with oil",6420,Other vegetables and combinations,,45,1.56,3.63,3.12,2.6,1.02,130,48.8,1.085,2022-10-28
2709901,75214022,"Cauliflower, frozen, cooked, fat added, NS as to fat type",6420,Other vegetables and combinations,,41,1.57,3.64,2.76,2.6,1.02,138,45.7,1.114,2022-10-28
2709898,75214012,"Cauliflower, frozen, cooked, no added fat",6420,Other vegetables and combinations,,19,1.6,3.74,0.22,2.7,1.05,134,23.3,1.228,2022-10-28
2709899,75214020,"Cauliflower, NS as to form, cooked",6420,Other vegetables and combinations,,49,1.94,5.02,2.93,2,1.93,156,54.2,1.106,2022-10-28
2710074,75502010,"Cauliflower, pickled",8408,"Olives, pickles, pickled vegetables",,41,1.59,8.98,0.25,1.7,6.45,969,44.5,1.086,2022-10-28
2709777,75107000,"Cauliflower, raw",6420,Other vegetables and combinations,raw,25,1.92,4.97,0.28,2,1.91,30,30.1,1.203,2022-10-28
2706332,26211100,Caviar,2402,Fish,,264,24.6,4,17.9,0,0,1500,275.5,1.044,2022-10-28
2709811,75132100,Celery juice,7008,Vegetable juice,,17,0.49,3.32,0.16,1.6,1.34,97,16.7,0.981,2022-10-28
2709906,75215020,"Celery, cooked",6420,Other vegetables and combinations,,42,0.52,3.46,2.9,1.7,1.4,231,42.0,1.000,2022-10-28
2710805,99997555,"Celery, cooked, as ingredient",9999,Not included in a food category,,18,0.53,3.57,0.17,1.7,1.44,104,17.9,0.996,2022-10-28
2710072,75500510,"Celery, pickled",8408,"Olives, pickles, pickled vegetables",,35,0.41,7.61,0.15,1.3,5.98,1025,33.4,0.955,2022-10-28
2709778,75109000,"Celery, raw",6420,Other vegetables and combinations,raw,17,0.49,3.32,0.16,1.6,1.34,97,16.7,0.981,2022-10-28
2708082,53710400,Cereal or granola bar (General Mills Fiber One Chewy Bar),5402,Cereal bars,,389,5,69.82,10,22.5,25,237,389.3,1.001,2022-10-28
2708091,53710900,Cereal or granola bar (General Mills Nature Valley Chewy Trail Mix),5402,Cereal bars,,415,5.71,72.27,11.43,3.8,42.86,185,414.8,0.999,2022-10-28
2708094,53710906,Cereal or granola bar (General Mills Nature Valley Crunchy Granola Bar),5402,Cereal bars,,471,10.1,64.4,19.8,5.3,28.57,294,476.2,1.011,2022-10-28
2708093,53710904,Cereal or granola bar (General Mills Nature Valley Sweet and Salty Granola Bar),5402,Cereal bars,,487,9.14,61.14,22.86,2.9,33.14,414,486.9,1.000,2022-10-28
2708088,53710800,Cereal or granola bar (Kashi Chewy),5404,Nutrition bars,,390,16.67,63.42,7.69,7.7,42.31,321,389.6,0.999,2022-10-28
2708089,53710802,Cereal or granola bar (Kashi Crunchy),5404,Nutrition bars,,429,18.57,53.26,15.71,11.4,17.14,293,428.7,0.999,2022-10-28
2708083,53710500,Cereal or granola bar (Kellogg's Nutri-Grain Cereal Bar),5402,Cereal bars,,365,4.22,67.61,8.67,3,28.98,354,365.4,1.001,2022-10-28
2708085,53710504,Cereal or granola bar (Kellogg's Nutri-Grain Fruit and Nut Bar),5402,Cereal bars,,403,9.38,66.72,10.93,7.5,32.45,195,402.8,0.999,2022-10-28
2708084,53710502,Cereal or granola bar (Kellogg's Nutri-Grain Yogurt Bar),5402,Cereal bars,,365,4.22,67.61,8.67,3,28.98,354,365.4,1.001,2022-10-28
2708087,53710700,Cereal or granola bar (Kellogg's Special K bar),5402,Cereal bars,,409,9.09,72.73,9.09,1.8,31.8,428,409.1,1.000,2022-10-28
2708090,53710810,Cereal or granola bar (KIND Fruit and Nut Bar),5402,Cereal bars,,502,13.89,43.74,32.28,5.8,22.56,45,521.0,1.038,2022-10-28
2708097,53711004,Cereal or granola bar (Quaker Chewy 25% Less Sugar Granola Bar),5402,Cereal bars,,412,5.55,69.4,12.5,3.1,20.8,312,412.3,1.001,2022-10-28
2708096,53711002,Cereal or granola bar (Quaker Chewy 90 Calorie Granola Bar),5402,Cereal bars,,408,4.17,79.17,8.33,4.2,29.17,313,408.3,1.001,2022-10-28
2708098,53711006,Cereal or granola bar (Quaker Chewy Dipps Granola Bar),5402,Cereal bars,,480,7.52,64.96,20.42,3.2,37.61,269,473.7,0.987,2022-10-28
2708095,53711000,Cereal or granola bar (Quaker Chewy Granola Bar),5402,Cereal bars,,418,5.65,70.2,16.57,3.8,28.92,291,452.5,1.083,2022-10-28
2708099,53711100,Cereal or granola bar (Quaker Granola Bites),5402,Cereal bars,,451,7.17,66.27,17.5,5.7,30,167,451.3,1.001,2022-10-28
2708109,53714220,"Cereal or granola bar with nuts, chocolate coated",5402,Cereal bars,,536,9.6,54.1,31.2,3.8,23.63,193,535.6,0.999,2022-10-28
2708107,53714200,"Cereal or granola bar, chocolate coated, NFS",5402,Cereal bars,,480,7.52,64.96,20.42,3.2,37.61,269,473.7,0.987,2022-10-28
2708111,53714250,"Cereal or granola bar, coated with non-chocolate coating",5402,Cereal bars,,508,10.2,53.4,31.1,2.8,23.74,193,534.3,1.052,2022-10-28
2708105,53713010,"Cereal or granola bar, fruit and nut",5402,Cereal bars,,502,13.89,43.74,32.28,5.8,22.56,45,521.0,1.038,2022-10-28
2708112,53714300,"Cereal or granola bar, high fiber, coated with non-chocolate yogurt coating",5402,Cereal bars,,389,5,69.82,10,22.5,25,237,389.3,1.001,2022-10-28
2708102,53712200,"Cereal or granola bar, lowfat, NFS",5402,Cereal bars,,408,4.17,79.17,8.33,4.2,29.17,313,408.3,1.001,2022-10-28
2708101,53712100,"Cereal or Granola bar, NFS",5402,Cereal bars,,471,10.1,64.4,19.8,5.3,28.57,294,476.2,1.011,2022-10-28
2708103,53712210,"Cereal or granola bar, nonfat",5402,Cereal bars,,342,5.9,77.6,0.9,7.4,45.24,16,342.1,1.000,2022-10-28
2708110,53714230,"Cereal or granola bar, oats, nuts, coated with non-chocolate coating",5402,Cereal bars,,455,8.6,60.13,20,4.3,34,486,454.9,1.000,2022-10-28
2708106,53713100,"Cereal or granola bar, peanuts , oats, sugar, wheat germ",5402,Cereal bars,,471,10.1,64.4,19.8,5.3,28.57,294,476.2,1.011,2022-10-28
2708104,53713000,"Cereal or granola bar, reduced sugar, NFS",5402,Cereal bars,,412,5.55,69.4,12.5,3.1,20.8,312,412.3,1.001,2022-10-28
2708108,53714210,"Cereal or granola bar, with coconut, chocolate coated",5402,Cereal bars,,531,5.2,55.2,32.2,6.2,34.27,152,531.4,1.001,2022-10-28
2708113,53714400,"Cereal or granola bar, with rice cereal",5402,Cereal bars,,417,3.4,80.5,9,0,19.36,351,416.6,0.999,2022-10-28
2708092,53710902,"Cereal or granola bar, with yogurt coating (General Mills Nature Valley Chewy Granola Bar)",5402,Cereal bars,,423,5.71,74.29,11.43,4.4,40,271,422.9,1.000,2022-10-28
2708469,57329000,"Cereal, bran flakes, flavored",4602,"Ready-to-eat cereal, higher sugar (>21.2g/100g)",,353,8.13,78.74,1.18,12.4,29.33,347,358.1,1.014,2022-10-28
2708456,57207000,"Cereal, bran flakes, plain",4604,"Ready-to-eat cereal, lower sugar (=<21.2g/100g)",,361,9.65,75.03,2.42,20.5,15.27,585,360.5,0.999,2022-10-28
2708451,57126000,"Cereal, chocolate crispy",4602,"Ready-to-eat cereal, higher sugar (>21.2g/100g)",,380,5.35,81.85,4.24,1.4,35.52,547,387.0,1.018,2022-10-28
2708449,57124200,"Cereal, chocolate puffs",4602,"Ready-to-eat cereal, higher sugar (>21.2g/100g)",,388,5.39,81.02,4.98,5,34.43,425,390.5,1.006,2022-10-28
2708450,57125000,"Cereal, cinnamon toast",4602,"Ready-to-eat cereal, higher sugar (>21.2g/100g)",,414,5.88,75.23,9.92,5.1,29.78,539,413.7,0.999,2022-10-28
2708360,56200300,"Cereal, cooked, NFS",4804,Grits and other cooked cereals,,64,2.21,11.36,1.09,1.7,0.17,70,64.1,1.001,2022-10-28
2708474,57348000,"Cereal, corn flakes, flavored",4602,"Ready-to-eat cereal, higher sugar (>21.2g/100g)",,375,4.77,84.68,1.27,2.6,32.53,516,369.2,0.985,2022-10-28
2708453,57134000,"Cereal, corn flakes, plain",4604,"Ready-to-eat cereal, lower sugar (=<21.2g/100g)",,365,6.4,79.52,1.6,3.5,9.44,703,358.1,0.981,2022-10-28
2708454,57137000,"Cereal, corn puffs",4604,"Ready-to-eat cereal, lower sugar (=<21.2g/100g)",,371,7.74,77.82,2.57,7.3,12.24,525,365.4,0.985,2022-10-28
2708452,57132000,"Cereal, corn squares",4604,"Ready-to-eat cereal, lower sugar (=<21.2g/100g)",,369,7.88,77.14,2.61,5.4,10.44,729,363.6,0.985,2022-10-28
2708463,57240100,"Cereal, corn squares, flavored",4602,"Ready-to-eat cereal, higher sugar (>21.2g/100g)",,380,5.58,80.74,3.32,4.7,25.94,662,375.2,0.987,2022-10-28
2708447,57119000,"Cereal, crunch",4602,"Ready-to-eat cereal, higher sugar (>21.2g/100g)",,398,4.31,82.08,5.53,2.7,42.75,701,395.3,0.993,2022-10-28
2708473,57347000,"Cereal, flavored puffs",4602,"Ready-to-eat cereal, higher sugar (>21.2g/100g)",,380,5.66,83.81,2.16,2.2,37.12,424,377.3,0.993,2022-10-28
2708467,57305150,"Cereal, frosted oats with marshmallows",4602,"Ready-to-eat cereal, higher sugar (>21.2g/100g)",,372,8.17,76.61,4.07,6.1,33.72,639,375.8,1.010,2022-10-28
2708460,57223000,"Cereal, fruit crispy",4602,"Ready-to-eat cereal, higher sugar (>21.2g/100g)",,384,4.28,82.9,3.89,0.3,33.83,542,383.7,0.999,2022-10-28
2708459,57221700,"Cereal, fruit rings",4602,"Ready-to-eat cereal, higher sugar (>21.2g/100g)",,383,5.14,82.24,3.23,5.4,31.64,504,378.6,0.988,2022-10-28
2708461,57227000,"Cereal, granola",4602,"Ready-to-eat cereal, higher sugar (>21.2g/100g)",,420,9.82,67.35,13.01,7.4,22.24,161,425.8,1.014,2022-10-28
2708472,57344010,"Cereal, K's, flavored",4602,"Ready-to-eat cereal, higher sugar (>21.2g/100g)",,363,7.33,80.94,1.15,8,28.38,617,363.4,1.001,2022-10-28
2708471,57344000,"Cereal, K's, plain",4604,"Ready-to-eat cereal, lower sugar (=<21.2g/100g)",,356,19.04,68.01,1.58,3.2,13.01,680,362.4,1.018,2022-10-28
2708465,57301600,"Cereal, multigrain",4604,"Ready-to-eat cereal, lower sugar (=<21.2g/100g)",,373,11.64,73.96,3.59,14.6,20.14,233,374.7,1.005,2022-10-28
2708446,57103100,"Cereal, O's, flavored",4602,"Ready-to-eat cereal, higher sugar (>21.2g/100g)",,385,8.62,75.99,5.37,7.6,32.35,580,386.8,1.005,2022-10-28
2708464,57241000,"Cereal, O's, honey nut",4602,"Ready-to-eat cereal, higher sugar (>21.2g/100g)",,385,8.62,75.99,5.37,7.6,32.35,580,386.8,1.005,2022-10-28
2708468,57308400,"Cereal, O's, multigrain",4604,"Ready-to-eat cereal, lower sugar (=<21.2g/100g)",,373,8.54,76.24,3.76,10.9,20.49,385,373.0,1.000,2022-10-28
2708475,57401100,"Cereal, O's, NFS",4604,"Ready-to-eat cereal, lower sugar (=<21.2g/100g)",,379,10.52,71.96,5.77,9.1,18.63,543,381.8,1.008,2022-10-28
2708448,57123000,"Cereal, O's, plain",4604,"Ready-to-eat cereal, lower sugar (=<21.2g/100g)",,374,12.42,67.92,6.17,10.5,4.9,506,376.9,1.008,2022-10-28
2708490,57602500,"Cereal, oat bran, ready-to-eat",9999,Not included in a food category,,403,10.4,68.34,10.15,12.9,15.59,235,406.3,1.008,2022-10-28
2708462,57237100,"Cereal, oat bunches",4604,"Ready-to-eat cereal, lower sugar (=<21.2g/100g)",,392,7.43,76.25,6.06,4.6,20.66,428,389.3,0.993,2022-10-28
2708466,57304100,"Cereal, oat squares",4604,"Ready-to-eat cereal, lower sugar (=<21.2g/100g)",,379,10.4,73.27,5.22,8,20.52,388,381.7,1.007,2022-10-28
2708484,57420130,"Cereal, other, chocolate",4602,"Ready-to-eat cereal, higher sugar (>21.2g/100g)",,384,5.37,81.44,4.61,3.2,34.97,486,388.7,1.012,2022-10-28
2708483,57420120,"Cereal, other, fruit flavored",4602,"Ready-to-eat cereal, higher sugar (>21.2g/100g)",,383,4.71,82.57,3.56,2.9,32.73,523,381.2,0.995,2022-10-28
2708486,57420150,"Cereal, other, honey",4602,"Ready-to-eat cereal, higher sugar (>21.2g/100g)",,388,8.02,76.12,5.71,6.1,26.51,504,387.9,1.000,2022-10-28
2708481,57420100,"Cereal, other, NFS",4602,"Ready-to-eat cereal, higher sugar (>21.2g/100g)",,381,6.88,78.46,4.44,4.8,25.35,530,381.3,1.001,2022-10-28
2708485,57420140,"Cereal, other, peanut butter",4602,"Ready-to-eat cereal, higher sugar (>21.2g/100g)",,422,7.34,73.05,11.1,5,31.09,525,421.5,0.999,2022-10-28
2708482,57420110,"Cereal, other, plain",4604,"Ready-to-eat cereal, lower sugar (=<21.2g/100g)",,370,9.41,73.72,3.89,7,7.17,605,367.5,0.993,2022-10-28
2708478,57416000,"Cereal, plain puffs",4604,"Ready-to-eat cereal, lower sugar (=<21.2g/100g)",,357,9.5,77.2,1.66,8.7,0.22,4,361.7,1.013,2022-10-28
2708445,57100100,"Cereal, ready-to-eat, NFS",4602,"Ready-to-eat cereal, higher sugar (>21.2g/100g)",,379,7.74,77.71,4.01,6.6,25.36,527,377.9,0.997,2022-10-28
2708487,57420160,"Cereal, reduced sugar",4604,"Ready-to-eat cereal, lower sugar (=<21.2g/100g)",,376,8.42,76.89,3.67,6.4,19.79,509,374.3,0.995,2022-10-28
2708458,57216000,"Cereal, rice crispy, flavored",4602,"Ready-to-eat cereal, higher sugar (>21.2g/100g)",,372,4.95,86.01,0.92,0.3,39.21,355,372.1,1.000,2022-10-28
2708455,57151000,"Cereal, rice crispy, plain",4604,"Ready-to-eat cereal, lower sugar (=<21.2g/100g)",,358,6.96,79.81,1.21,0.4,9.85,505,358.0,1.000,2022-10-28
2708470,57336000,"Cereal, rice squares",4604,"Ready-to-eat cereal, lower sugar (=<21.2g/100g)",,357,7.01,77.43,2.19,5.4,6.97,813,357.5,1.001,2022-10-28
2708457,57214000,"Cereal, shredded wheat, flavored",4604,"Ready-to-eat cereal, lower sugar (=<21.2g/100g)",,367,9.52,78.92,1.41,10.3,20,2,366.4,0.999,2022-10-28
2708479,57417000,"Cereal, shredded wheat, plain",4604,"Ready-to-eat cereal, lower sugar (=<21.2g/100g)",,358,11.88,73.85,1.68,13,0.27,2,358.0,1.000,2022-10-28
2708480,57418000,"Cereal, wheat flakes",4604,"Ready-to-eat cereal, lower sugar (=<21.2g/100g)",,359,10.06,76.27,1.47,10.4,14,574,358.6,0.999,2022-10-28
2708476,57411000,"Cereal, wheat squares",4604,"Ready-to-eat cereal, lower sugar (=<21.2g/100g)",,356,10.48,75.04,1.52,13.5,10.14,578,355.8,0.999,2022-10-28
2706463,27151030,Ceviche,3006,Seafood mixed dishes,,63,10.53,3.58,0.76,0.5,1.34,149,63.3,1.004,2022-10-28
2710675,93301275,Champagne punch,7504,Wine,,120,0.16,11.5,0.06,0.1,9.52,4,47.2,0.393,2022-10-28
2709632,72125500,Channa Saag,3104,Vegetable dishes,,89,4.1,8.79,4.33,3,1.81,270,90.5,1.017,2022-10-28
2709575,72104220,"Chard, cooked",6411,Other dark green vegetables,,44,1.88,3.9,2.95,1.7,1.15,352,49.7,1.129,2022-10-28
2709574,72104100,"Chard, raw",6411,Other dark green vegetables,raw,19,1.8,3.74,0.2,1.6,1.1,213,24.0,1.261,2022-10-28
2710779,99991410,Cheese and Queso as ingredient,9999,Not included in a food category,,362,21.92,2.4,29.34,0,0.84,710,361.3,0.998,2022-10-28
2710778,99991400,Cheese as ingredient in sandwiches,9999,Not included in a food category,,358,20.39,5.04,28.44,0,2.79,1010,357.7,0.999,2022-10-28
2705781,14610520,Cheese ball,1602,Cheese,,441,17.89,4.84,38.88,1.2,1.74,554,440.8,1.000,2022-10-28
2705786,14620200,Cheese dip,8412,"Dips, gravies, other sauces",,163,3.14,7.86,13.27,0.3,0.29,656,163.4,1.003,2022-10-28
2705785,14620150,Cheese dip with chili pepper,8412,"Dips, gravies, other sauces",,143,3.14,11.14,9.51,0.7,1.95,796,142.7,0.998,2022-10-28
2708200,54401055,Cheese flavored corn snacks,5004,"Tortilla, corn, other chips",,567,5.46,54.54,36.54,0.8,3.57,928,568.9,1.003,2022-10-28
2708203,54401081,Cheese flavored corn snacks (Cheetos),5004,"Tortilla, corn, other chips",,567,5.46,54.54,36.54,0.8,3.57,928,568.9,1.003,2022-10-28
2708201,54401065,"Cheese flavored corn snacks, reduced fat",5004,"Tortilla, corn, other chips",,432,8.5,72.35,12.1,3.6,7.29,842,432.3,1.001,2022-10-28
2705791,14630100,Cheese fondue,8412,"Dips, gravies, other sauces",,276,19.32,1.95,21.2,0,0.53,303,275.9,1.000,2022-10-28
2708055,53452450,Cheese pastry puffs,5506,"Doughnuts, sweet rolls, pastries",,265,9.3,13.4,19.54,0.4,0.2,554,266.7,1.006,2022-10-28
2708733,58125180,"Cheese quiche, meatless",3208,Turnovers and other grain-based items,,365,11.91,13.74,29.23,0.8,2.21,361,365.7,1.002,2022-10-28
2705796,14640004,"Cheese sandwich, American cheese, on wheat bread",3720,Cheese sandwiches,,295,13.62,29.67,13.52,3.2,5,848,294.8,0.999,2022-10-28
2705795,14640002,"Cheese sandwich, American cheese, on white bread",3720,Cheese sandwiches,,297,12.46,31.89,13.29,1.4,5.08,853,297.0,1.000,2022-10-28
2705798,14640010,"Cheese sandwich, cheddar cheese, on wheat bread",3720,Cheese sandwiches,,323,16.3,27.72,16.34,3.2,3.2,528,323.1,1.000,2022-10-28
2705797,14640008,"Cheese sandwich, cheddar cheese, on white bread",3720,Cheese sandwiches,,325,15.14,29.95,16.11,1.4,3.28,534,325.4,1.001,2022-10-28
2705794,14640000,"Cheese sandwich, NFS",3720,Cheese sandwiches,,297,12.46,31.89,13.29,1.4,5.08,853,297.0,1.000,2022-10-28
2705800,14640016,"Cheese sandwich, reduced fat cheese, on wheat bread",3720,Cheese sandwiches,,254,13.95,31.08,8.14,3.2,6.36,753,253.4,0.998,2022-10-28
2705799,14640014,"Cheese sandwich, reduced fat cheese, on white bread",3720,Cheese sandwiches,,256,12.79,33.31,7.92,1.4,6.44,759,255.7,0.999,2022-10-28
2705808,14650100,Cheese sauce,8412,"Dips, gravies, other sauces",,163,3.14,7.86,13.27,0.3,0.29,656,163.4,1.003,2022-10-28
2710244,89901020,"Cheese sauce, for use with vegetables",9999,Not included in a food category,,120,4.69,9.62,6.8,0.1,0.07,908,118.4,0.987,2022-10-28
2705792,14630200,Cheese souffle,2502,Eggs and omelets,,207,9.43,6.38,16.01,0.1,2.44,314,207.3,1.002,2022-10-28
2705773,14420100,"Cheese spread, American or Cheddar cheese base",1602,Cheese,,290,16.41,8.73,21.23,0,7.32,1625,291.6,1.006,2022-10-28
2705768,14410330,"Cheese spread, American or Cheddar cheese base, reduced fat",1602,Cheese,,176,13.41,10.71,8.88,0,7.06,1102,176.4,1.002,2022-10-28
2705775,14420200,"Cheese spread, cream cheese",8006,"Cream cheese, sour cream, whipped cream",,295,7.1,3.5,28.6,0,3.5,436,299.8,1.016,2022-10-28
2705776,14420300,"Cheese spread, pressurized can",1602,Cheese,,290,16.41,8.73,21.23,0,7.32,1625,291.6,1.006,2022-10-28
2705774,14420160,"Cheese spread, Swiss cheese base",1602,Cheese,,290,16.41,8.73,21.23,0,7.32,1625,291.6,1.006,2022-10-28
2706961,27514040,Cheese steak sandwich or sub on wheat,3742,Meat and BBQ sandwiches,,268,19.22,19.9,12.2,2.2,2.71,523,266.3,0.994,2022-10-28
2706960,27514030,Cheese steak sandwich or sub on white,3742,Meat and BBQ sandwiches,,270,18.39,21.48,12.03,1,2.77,527,267.8,0.992,2022-10-28
2705772,14410620,"Cheese,  with wine",1602,Cheese,,307,16.09,8.85,23.06,0,6.24,1279,307.3,1.001,2022-10-28
2705764,14410110,"Cheese, American",1602,Cheese,,340,16.79,7.16,27.16,0,4.72,1430,340.2,1.001,2022-10-28
2705763,14410100,"Cheese, American and Swiss blends",1602,Cheese,,340,16.79,7.16,27.16,0,4.72,1430,340.2,1.001,2022-10-28
2705766,14410130,"Cheese, American, nonfat or fat free",1602,Cheese,,126,21.05,10.53,0,0,5.26,1316,126.3,1.003,2022-10-28
2705765,14410120,"Cheese, American, reduced fat",1602,Cheese,,240,17.6,10.6,14.1,0,8.02,1201,239.7,0.999,2022-10-28
2705767,14410210,"Cheese, American, reduced sodium",1602,Cheese,,376,22.2,1.6,31.19,0,0.45,7,375.9,1.000,2022-10-28
2705705,14101010,"Cheese, Blue or Roquefort",1602,Cheese,,353,21.4,2.34,28.74,0,0.5,1146,353.6,1.002,2022-10-28
2705706,14102010,"Cheese, Brick",1602,Cheese,,371,23.24,2.79,29.68,0,0.51,560,371.2,1.001,2022-10-28
2705708,14103020,"Cheese, Brie",1602,Cheese,,334,20.75,0.45,27.68,0,0.45,629,333.9,1.000,2022-10-28
2705707,14103010,"Cheese, Camembert",1602,Cheese,,300,19.8,0.46,24.26,0,0.46,842,299.4,0.998,2022-10-28
2705709,14104100,"Cheese, Cheddar",1602,Cheese,,409,23.3,2.44,34,0,0.33,654,409.0,1.000,2022-10-28
2705711,14104115,"Cheese, Cheddar, nonfat or fat free",1602,Cheese,,157,32.14,7.14,0,0,0,1000,157.1,1.001,2022-10-28
2705710,14104110,"Cheese, Cheddar, reduced fat",1602,Cheese,,316,27.35,2.67,20.41,0,0.26,628,303.8,0.961,2022-10-28
2705739,14110010,"Cheese, Cheddar, reduced sodium",1602,Cheese,,398,24.35,1.91,32.62,0,0.49,21,398.6,1.002,2022-10-28
2705712,14104200,"Cheese, Colby",1602,Cheese,,394,23.76,2.57,32.11,0,0.52,604,394.3,1.001,2022-10-28
2705713,14104250,"Cheese, Colby Jack",1602,Cheese,,393,23.19,2.24,32.37,0,0.51,633,393.0,1.000,2022-10-28
2705778,14610200,"Cheese, cottage cheese, with gelatin dessert",1604,Cottage/ricotta cheese,,83,6.82,9.03,2.27,0,7.66,223,83.8,1.010,2022-10-28
2705779,14610210,"Cheese, cottage cheese, with gelatin dessert and fruit",1604,Cottage/ricotta cheese,,75,5.32,9.91,1.74,0.4,8.52,170,76.6,1.021,2022-10-28
2705780,14610250,"Cheese, cottage cheese, with gelatin dessert and vegetables",1604,Cottage/ricotta cheese,,85,8.03,7.11,2.8,0.2,5.37,254,85.8,1.009,2022-10-28
2705748,14201010,"Cheese, cottage, creamed, large or small curd",1604,Cottage/ricotta cheese,,103,11.62,4.6,4.22,0,2.67,350,102.9,0.999,2022-10-28
2705753,14203010,"Cheese, cottage, dry curd",1604,Cottage/ricotta cheese,,72,10.34,6.66,0.29,0,1.85,372,70.6,0.981,2022-10-28
2705756,14204010,"Cheese, cottage, low fat",1604,Cottage/ricotta cheese,,82,11,4.31,2.3,0,4.1,321,81.9,0.999,2022-10-28
2705759,14207010,"Cheese, cottage, lowfat, lactose reduced",1604,Cottage/ricotta cheese,,82,11,4.31,2.3,0,4.1,321,81.9,0.999,2022-10-28
2705758,14206010,"Cheese, cottage, lowfat, low sodium",1604,Cottage/ricotta cheese,,72,12.4,2.7,1,0,2.7,13,69.4,0.964,2022-10-28
2705757,14204020,"Cheese, cottage, lowfat, with fruit",1604,Cottage/ricotta cheese,,85,7.3,10.3,1.57,0.3,9.31,209,84.5,0.994,2022-10-28
2705747,14200100,"Cheese, cottage, NFS",1604,Cottage/ricotta cheese,,82,11,4.31,2.3,0,4.1,321,81.9,0.999,2022-10-28
2705754,14203020,"Cheese, cottage, salted, dry curd",1604,Cottage/ricotta cheese,,71,10.24,6.59,0.29,0,1.83,755,69.9,0.985,2022-10-28
2705751,14202010,"Cheese, cottage, with fruit",1604,Cottage/ricotta cheese,,74,9.41,4.94,1.96,0.2,4.61,273,75.0,1.014,2022-10-28
2705752,14202020,"Cheese, cottage, with vegetables",1604,Cottage/ricotta cheese,,79,9.78,5.63,1.98,0.7,3.95,278,79.5,1.006,2022-10-28
2705714,14104400,"Cheese, Feta",1602,Cheese,,273,19.71,5.58,19.08,0,1.63,1034,272.9,1.000,2022-10-28
2705715,14104600,"Cheese, Fontina",1602,Cheese,,389,25.6,1.55,31.14,0,1.55,800,388.9,1.000,2022-10-28
2705716,14104700,"Cheese, goat",1602,Cheese,,364,21.58,0.12,29.84,0,0.12,415,355.4,0.976,2022-10-28
2705717,14105010,"Cheese, Gouda or Edam",1602,Cheese,,356,24.94,2.22,27.44,0,2.22,819,355.6,0.999,2022-10-28
2705718,14105200,"Cheese, Gruyere",1602,Cheese,,413,29.81,0.36,32.34,0,0.36,714,411.7,0.997,2022-10-28
2705719,14106010,"Cheese, Limburger",1602,Cheese,,327,20.05,0.49,27.25,0,0.49,800,327.4,1.001,2022-10-28
2705741,14120010,"Cheese, Mexican blend",1602,Cheese,,362,21.92,2.4,29.34,0,0.84,710,361.3,0.998,2022-10-28
2705742,14120020,"Cheese, Mexican blend, reduced fat",1602,Cheese,,282,24.69,3.41,19.4,0,0.56,776,287.0,1.018,2022-10-28
2705720,14106200,"Cheese, Monterey",1602,Cheese,,392,22.62,1.9,32.63,0,0.5,662,391.8,0.999,2022-10-28
2705721,14106500,"Cheese, Monterey, reduced fat",1602,Cheese,,313,28.2,0.7,21.6,0,0.56,781,310.0,0.990,2022-10-28
2705722,14107010,"Cheese, Mozzarella, NFS",1602,Cheese,,296,23.7,4.44,20.4,0,1.81,699,296.2,1.001,2022-10-28
2705725,14107060,"Cheese, Mozzarella, nonfat or fat free",1602,Cheese,,141,31.7,3.5,0,1.8,1.48,743,140.8,0.999,2022-10-28
2705723,14107030,"Cheese, Mozzarella, part skim",1602,Cheese,,296,23.7,4.44,20.4,0,1.81,699,296.2,1.001,2022-10-28
2705724,14107040,"Cheese, Mozzarella, reduced sodium",1602,Cheese,,280,27.5,3.1,17.1,0,1.23,16,276.3,0.987,2022-10-28
2705726,14107200,"Cheese, Muenster",1602,Cheese,,368,23.41,1.12,30.04,0,1.12,628,368.5,1.001,2022-10-28
2705727,14107250,"Cheese, Muenster, reduced fat",1602,Cheese,,271,24.7,3.5,17.6,0,3.5,600,271.2,1.001,2022-10-28
2705704,14010000,"Cheese, NFS",1602,Cheese,,381,20.7,4.33,31.26,0,2.08,964,381.5,1.001,2022-10-28
2705740,14110050,"Cheese, paneer",1602,Cheese,,299,15.86,22.46,15.52,0,23.33,185,293.0,0.980,2022-10-28
2705728,14108010,"Cheese, Parmesan, dry grated",1602,Cheese,,412,29.87,8.36,28.75,0,0.36,1398,411.7,0.999,2022-10-28
2705731,14108060,"Cheese, Parmesan, dry grated, fat free",1602,Cheese,,370,40,40,5,0,1.5,1150,365.0,0.986,2022-10-28
2705729,14108015,"Cheese, Parmesan, dry grated, reduced fat",1602,Cheese,,395,34.8,26.2,16.5,0,0.78,1450,392.5,0.994,2022-10-28
2705730,14108020,"Cheese, Parmesan, hard",1602,Cheese,,412,29.87,8.36,28.75,0,0.36,1398,411.7,0.999,2022-10-28
2705732,14108200,"Cheese, Port du Salut",1602,Cheese,,356,24.94,2.22,27.44,0,2.22,819,355.6,0.999,2022-10-28
2705770,14410500,"Cheese, processed cheese food",1602,Cheese,,307,16.09,8.85,23.06,0,6.24,1279,307.3,1.001,2022-10-28
2705771,14410600,"Cheese, processed, with vegetables",1602,Cheese,,356,14.14,3.48,31.7,0.1,1.97,946,355.8,0.999,2022-10-28
2705733,14108400,"Cheese, Provolone",1602,Cheese,,357,23.45,2.45,28.13,0,0.56,601,356.8,0.999,2022-10-28
2705734,14108420,"Cheese, provolone, reduced fat",1602,Cheese,,274,24.7,3.5,17.6,0,0.55,615,271.2,0.990,2022-10-28
2705750,14201500,"Cheese, Ricotta",1604,Cottage/ricotta cheese,,148,9.6,6,9.46,0,0.29,102,147.5,0.997,2022-10-28
2705735,14109010,"Cheese, Swiss",1602,Cheese,,393,27,1.44,31,0,0,185,392.8,0.999,2022-10-28
2705738,14109040,"Cheese, Swiss, nonfat or fat free",1602,Cheese,,127,28.4,3.4,0,0,1.33,1000,127.2,1.002,2022-10-28
2705737,14109030,"Cheese, Swiss, reduced fat",1602,Cheese,,179,28.4,3.4,5.1,0,1.33,199,173.1,0.967,2022-10-28
2705736,14109020,"Cheese, Swiss, reduced sodium",1602,Cheese,,374,28.4,3.4,27.4,0,1.31,14,373.8,0.999,2022-10-28
2706890,27510170,Cheeseburger (Burger King),3702,Burgers,,265,14.02,23.66,12.32,1,4.66,527,261.6,0.987,2022-10-28
2706892,27510172,Cheeseburger (McDonalds),3702,Burgers,,270,13.49,25.46,12.9,1.9,5.24,628,271.9,1.007,2022-10-28
2706894,27510191,Cheeseburger slider,3702,Burgers,,297,18.09,17.9,16.41,0.6,2.85,431,291.6,0.982,2022-10-28
2706887,27510140,"Cheeseburger slider, from fast food",3702,Burgers,,298,16.15,25.02,14.29,0.9,3.99,505,293.3,0.984,2022-10-28
2706909,27510261,"Cheeseburger, from fast food, 1 large patty",3702,Burgers,,299,18.74,15.26,17.61,0.5,2.53,453,294.5,0.985,2022-10-28
2706897,27510215,"Cheeseburger, from fast food, 1 medium patty",3702,Burgers,,296,17.87,18.71,16.15,0.6,2.98,438,291.7,0.985,2022-10-28
2706889,27510160,"Cheeseburger, from fast food, 1 small patty",3702,Burgers,,299,16.42,23.96,14.78,0.8,3.86,510,294.5,0.985,2022-10-28
2706893,27510190,"Cheeseburger, from school cafeteria",3702,Burgers,,250,18.73,23.42,8.64,2.7,2.68,313,246.4,0.985,2022-10-28
2706888,27510155,"Cheeseburger, NFS",3702,Burgers,,296,17.87,18.71,16.15,0.6,2.98,438,291.7,0.985,2022-10-28
2706904,27510246,"Cheeseburger, on wheat bun, 1 large patty",3702,Burgers,,295,19.21,13.9,17.62,1.6,1.93,437,291.0,0.987,2022-10-28
2706902,27510242,"Cheeseburger, on wheat bun, 1 medium patty",3702,Burgers,,291,18.46,17.01,16.17,1.9,2.23,418,287.4,0.988,2022-10-28
2706896,27510196,"Cheeseburger, on wheat bun, 1 small patty",3702,Burgers,,292,18.22,17.84,16.07,2,2.38,439,288.9,0.989,2022-10-28
2706903,27510245,"Cheeseburger, on white bun, 1 large patty",3702,Burgers,,299,18.74,15.26,17.61,0.5,2.53,453,294.5,0.985,2022-10-28
2706901,27510241,"Cheeseburger, on white bun, 1 medium patty",3702,Burgers,,296,17.87,18.71,16.15,0.6,2.98,438,291.7,0.985,2022-10-28
2706895,27510195,"Cheeseburger, on white bun, 1 small patty",3702,Burgers,,298,17.6,19.61,16.05,0.7,3.16,459,293.3,0.984,2022-10-28
2707863,53104600,"Cheesecake, chocolate",5502,Cakes and pies,,394,5.72,35.52,26.14,1.6,25.9,269,400.2,1.016,2022-10-28
2707862,53104550,"Cheesecake, fruit",5502,Cakes and pies,,387,4.8,38.23,23.88,0.6,28.83,252,387.0,1.000,2022-10-28
2707861,53104500,"Cheesecake, plain",5502,Cakes and pies,,399,5.29,34.82,26.52,0.5,26.64,277,399.1,1.000,2022-10-28
2709232,63115110,"Cherries, canned",6018,Other fruits and fruit salads,,74,0.71,18.79,0.14,1.4,17.42,1,79.3,1.071,2022-10-28
2709199,62106000,"Cherries, dried",6016,Dried fruits,dried,333,1.25,80.45,0.73,2.5,67.15,13,333.4,1.001,2022-10-28
2709233,63115200,"Cherries, frozen",6018,Other fruits and fruit salads,,71,1.04,16.16,0.19,2.1,13.87,0,70.5,0.993,2022-10-28
2709229,63111010,"Cherries, maraschino",6018,Other fruits and fruit salads,,165,0.22,41.97,0.21,3.2,38.77,4,170.6,1.034,2022-10-28
2709231,63115010,"Cherries, raw",6018,Other fruits and fruit salads,raw,71,1.04,16.16,0.19,2.1,13.87,0,70.5,0.993,2022-10-28
2709230,63113030,Cherry pie filling,8806,"Jams, syrups, toppings",,122,0.6,28.59,0.91,0.9,24.96,52,125.0,1.024,2022-10-28
2707499,42105000,Chestnuts,2804,Nuts and seeds,,245,3.17,52.96,2.2,5.1,10.6,2,244.3,0.997,2022-10-28
2710371,91801000,Chewing gum,5704,Candy not containing chocolate,,360,0,96.7,0.3,2.4,66.08,1,389.5,1.082,2022-10-28
2710372,91802000,"Chewing gum, sugar free",5704,Candy not containing chocolate,,268,0,94.8,0.4,2.4,0,7,382.8,1.428,2022-10-28
2707590,43108010,Chia seeds,2804,Nuts and seeds,,486,16.54,42.12,30.74,34.4,1.55,16,511.3,1.052,2022-10-28
2706070,24168000,"Chicken ""wings"" with hot sauce, from fast food / restaurant",2202,"Chicken, whole pieces",,272,16.78,6.18,20.2,0.1,2.26,842,273.6,1.006,2022-10-28
2706076,24168020,"Chicken ""wings"" with hot sauce, from other sources",2202,"Chicken, whole pieces",,267,17.02,5.08,19.98,0.1,2.32,812,268.2,1.005,2022-10-28
2706073,24168010,"Chicken ""wings"" with hot sauce, from precooked",2202,"Chicken, whole pieces",,254,17.57,2.5,19.48,0,2.47,741,255.6,1.006,2022-10-28
2706071,24168001,"Chicken ""wings"" with other sauces or seasoning, from fast food / restaurant",2202,"Chicken, whole pieces",,276,16.95,13.13,17.39,0.2,7.55,761,276.8,1.003,2022-10-28
2706077,24168021,"Chicken ""wings"" with other sauces or seasoning, from other sources",2202,"Chicken, whole pieces",,271,17.19,12.01,17.17,0.2,7.62,731,271.3,1.001,2022-10-28
2706074,24168011,"Chicken ""wings"" with other sauces or seasoning, from precooked",2202,"Chicken, whole pieces",,258,17.74,9.42,16.67,0.2,7.76,660,258.7,1.003,2022-10-28
2706079,24168030,"Chicken ""wings"", boneless, with hot sauce, from fast food / restaurant",2202,"Chicken, whole pieces",,282,12.36,20.03,16.87,0.9,5.72,877,281.4,0.998,2022-10-28
2706080,24168031,"Chicken ""wings"", boneless, with hot sauce, from other sources",2202,"Chicken, whole pieces",,232,11.39,19.98,11.82,1.5,6.08,827,231.9,0.999,2022-10-28
2706072,24168002,"Chicken ""wings"", plain, from fast food / restaurant",2202,"Chicken, whole pieces",,323,17.77,15,21.28,0.3,0.1,843,322.6,0.999,2022-10-28
2706078,24168022,"Chicken ""wings"", plain, from other sources",2202,"Chicken, whole pieces",,314,18.03,12.64,21.07,0.3,0.11,729,312.3,0.995,2022-10-28
2706075,24168012,"Chicken ""wings"", plain, from precooked",2202,"Chicken, whole pieces",,294,18.62,7.15,20.59,0.3,0.12,461,288.4,0.981,2022-10-28
2707116,28144100,"Chicken and vegetable entree with noodles and cream sauce, frozen meal",3004,Poultry mixed dishes,,124,8.48,10.73,5.18,0.9,1.58,379,123.5,0.996,2022-10-28
2707114,28143150,"Chicken and vegetable entree with noodles, diet frozen meal",3004,Poultry mixed dishes,,85,7.58,9.78,1.89,1.6,2.27,283,86.4,1.017,2022-10-28
2707112,28143020,"Chicken and vegetable entree with rice, diet frozen meal",3004,Poultry mixed dishes,,171,10.45,19.65,5.57,0.7,6.42,359,170.5,0.997,2022-10-28
2707111,28141650,"Chicken and vegetables au gratin with rice, diet frozen entree",3004,Poultry mixed dishes,,120,10.67,7.24,5.41,0.8,0.88,499,120.3,1.003,2022-10-28
2710782,99992405,Chicken as ingredient in recipes,9999,Not included in a food category,,182,28.06,0,7.34,0,0,76,178.3,0.980,2022-10-28
2705959,24122150,"Chicken breast, baked or broiled, skin eaten, from fast food / restaurant",2202,"Chicken, whole pieces",,206,25.67,0,10.6,0,0,406,198.1,0.962,2022-10-28
2705957,24122140,"Chicken breast, baked or broiled, skin eaten, from pre-cooked",2202,"Chicken, whole pieces",,175,26.37,0.09,7.67,0,0.09,329,174.9,0.999,2022-10-28
2705960,24122151,"Chicken breast, baked or broiled, skin not eaten, from fast food / restaurant",2202,"Chicken, whole pieces",,176,29.56,0,5.44,0,0,430,167.2,0.950,2022-10-28
2705958,24122141,"Chicken breast, baked or broiled, skin not eaten, from pre-cooked",2202,"Chicken, whole pieces",,144,28.04,0,3.57,0,0,328,144.3,1.002,2022-10-28
2705961,24122160,"Chicken breast, baked, broiled, or roasted with marinade, skin eaten, from raw",2202,"Chicken, whole pieces",baked,204,25.32,0.31,10.45,0,0.28,399,196.6,0.964,2022-10-28
2705962,24122161,"Chicken breast, baked, broiled, or roasted with marinade, skin not eaten, from raw",2202,"Chicken, whole pieces",baked,175,29.13,0.31,5.38,0,0.28,423,166.2,0.950,2022-10-28
2705955,24122130,"Chicken breast, baked, broiled, or roasted, skin eaten, from raw",2202,"Chicken, whole pieces",baked,192,26.25,0,8.8,0,0,336,184.2,0.959,2022-10-28
2705956,24122131,"Chicken breast, baked, broiled, or roasted, skin not eaten, from raw",2202,"Chicken, whole pieces",baked,161,30.22,0,3.52,0,0,360,152.6,0.948,2022-10-28
2705980,24127500,"Chicken breast, baked, coated, skin / coating eaten",2202,"Chicken, whole pieces",baked,207,23.75,4.01,9.9,0.2,0.07,320,200.1,0.967,2022-10-28
2705981,24127501,"Chicken breast, baked, coated, skin / coating not eaten",2202,"Chicken, whole pieces",baked,176,29.62,0,5.45,0,0,353,167.5,0.952,2022-10-28
2705975,24127202,"Chicken breast, fried, coated, prepared skinless, coating eaten, from raw",2202,"Chicken, whole pieces",fried,219,24.56,6.01,9.99,0.2,0.1,318,212.2,0.969,2022-10-28
2705978,24127220,"Chicken breast, fried, coated, skin / coating eaten, from fast food / restaurant",2202,"Chicken, whole pieces",fried,273,19.32,10.72,16.95,0.3,0.1,549,272.7,0.999,2022-10-28
2705976,24127210,"Chicken breast, fried, coated, skin / coating eaten, from pre-cooked",2202,"Chicken, whole pieces",fried,250,20.58,7.21,14.79,0.3,0.12,331,244.3,0.977,2022-10-28
2705973,24127200,"Chicken breast, fried, coated, skin / coating eaten, from raw",2202,"Chicken, whole pieces",fried,243,21.46,6.01,14.11,0.2,0.1,299,236.9,0.975,2022-10-28
2705979,24127221,"Chicken breast, fried, coated, skin / coating not eaten, from fast food / restaurant",2202,"Chicken, whole pieces",fried,213,22.77,6.01,10.78,0.2,0.1,436,212.1,0.996,2022-10-28
2705977,24127211,"Chicken breast, fried, coated, skin / coating not eaten, from pre-cooked",2202,"Chicken, whole pieces",fried,176,29.62,0,5.45,0,0,353,167.5,0.952,2022-10-28
2705974,24127201,"Chicken breast, fried, coated, skin / coating not eaten, from raw",2202,"Chicken, whole pieces",fried,176,29.62,0,5.45,0,0,353,167.5,0.952,2022-10-28
2705969,24123310,"Chicken breast, grilled with sauce, skin eaten",2202,"Chicken, whole pieces",,202,21.15,7.34,9.15,0.2,5.98,454,196.3,0.972,2022-10-28
2705970,24123311,"Chicken breast, grilled with sauce, skin not eaten",2202,"Chicken, whole pieces",,178,24.33,7.34,4.93,0.2,5.98,473,171.0,0.961,2022-10-28
2705967,24123300,"Chicken breast, grilled without sauce, skin eaten",2202,"Chicken, whole pieces",,206,25.72,0,10.62,0,0,329,198.5,0.963,2022-10-28
2705968,24123301,"Chicken breast, grilled without sauce, skin not eaten",2202,"Chicken, whole pieces",,176,29.62,0,5.45,0,0,353,167.5,0.952,2022-10-28
2705953,24120110,"Chicken breast, NS as to cooking method, skin eaten",2202,"Chicken, whole pieces",,175,26.37,0.09,7.67,0,0.09,329,174.9,0.999,2022-10-28
2705954,24120120,"Chicken breast, NS as to cooking method, skin not eaten",2202,"Chicken, whole pieces",,144,28.04,0,3.57,0,0,328,144.3,1.002,2022-10-28
2705963,24122170,"Chicken breast, rotisserie, skin eaten",2202,"Chicken, whole pieces",,175,26.37,0.09,7.67,0,0.09,329,174.9,0.999,2022-10-28
2705964,24122171,"Chicken breast, rotisserie, skin not eaten",2202,"Chicken, whole pieces",,144,28.04,0,3.57,0,0,328,144.3,1.002,2022-10-28
2705971,24124200,"Chicken breast, sauteed, skin eaten",2202,"Chicken, whole pieces",,206,25.72,0,10.62,0,0,329,198.5,0.963,2022-10-28
2705972,24124201,"Chicken breast, sauteed, skin not eaten",2202,"Chicken, whole pieces",,176,29.62,0,5.45,0,0,353,167.5,0.952,2022-10-28
2705965,24123110,"Chicken breast, stewed, skin eaten",2202,"Chicken, whole pieces",,181,24.7,0,8.28,0,0,316,173.3,0.958,2022-10-28
2705966,24123120,"Chicken breast, stewed, skin not eaten",2202,"Chicken, whole pieces",,149,27.96,0,3.26,0,0,333,141.2,0.948,2022-10-28
2708745,58128110,Chicken cornbread,3004,Poultry mixed dishes,,167,13.78,9.38,8.21,0.4,0.24,458,166.5,0.997,2022-10-28
2706437,27146150,Chicken curry,3004,Poultry mixed dishes,,107,6.48,6.54,6.48,1.4,2.56,376,110.4,1.032,2022-10-28
2706438,27146155,Chicken curry with rice,3004,Poultry mixed dishes,,116,4.96,15.12,4,1,1.56,324,116.3,1.003,2022-10-28
2706988,27540080,"Chicken deli sandwich or sub, restaurant",3740,Deli and cured meat sandwiches,,176,13.72,24.28,2.66,1.1,2.87,763,175.9,1.000,2022-10-28
2706989,27540090,"Chicken deli sandwich or sub, with cheese, restaurant",3740,Deli and cured meat sandwiches,,208,14.9,20.87,7.23,0.9,2.86,807,208.2,1.001,2022-10-28
2707105,28140100,"Chicken dinner, NFS, frozen meal",3004,Poultry mixed dishes,,124,8.48,10.73,5.18,0.9,1.58,379,123.5,0.996,2022-10-28
2706006,24142320,"Chicken drumstick, baked or broiled, skin eaten, from fast food / restaurant",2202,"Chicken, whole pieces",,203,22.66,0,11.83,0,0,503,197.1,0.971,2022-10-28
2706004,24142310,"Chicken drumstick, baked or broiled, skin eaten, from pre-cooked",2202,"Chicken, whole pieces",,206,25.65,0.12,11.46,0,0.12,392,206.2,1.001,2022-10-28
2706007,24142321,"Chicken drumstick, baked or broiled, skin not eaten, from fast food / restaurant",2202,"Chicken, whole pieces",,168,23.52,0,7.51,0,0,507,161.7,0.962,2022-10-28
2706005,24142311,"Chicken drumstick, baked or broiled, skin not eaten, from pre-cooked",2202,"Chicken, whole pieces",,172,27.71,0,6.76,0,0,403,171.7,0.998,2022-10-28
2706002,24142300,"Chicken drumstick, baked, broiled, or roasted, skin eaten, from raw",2202,"Chicken, whole pieces",baked,190,23.21,0,10.09,0,0,353,183.7,0.967,2022-10-28
2706003,24142301,"Chicken drumstick, baked, broiled, or roasted, skin not eaten, from raw",2202,"Chicken, whole pieces",baked,154,24.1,0,5.67,0,0,358,147.4,0.957,2022-10-28
2706025,24147400,"Chicken drumstick, baked, coated, skin / coating eaten",2202,"Chicken, whole pieces",baked,205,21.04,3.98,11.01,0.2,0.07,439,199.2,0.972,2022-10-28
2706026,24147401,"Chicken drumstick, baked, coated, skin / coating not eaten",2202,"Chicken, whole pieces",baked,169,23.57,0,7.53,0,0,432,162.1,0.959,2022-10-28
2706020,24147302,"Chicken drumstick, fried, coated, prepared skinless, coating eaten, from raw",2202,"Chicken, whole pieces",fried,212,19.73,5.96,11.6,0.2,0.1,443,207.2,0.977,2022-10-28
2706023,24147320,"Chicken drumstick, fried, coated, skin / coating eaten, from fast food / restaurant",2202,"Chicken, whole pieces",fried,288,17.77,12.14,18.76,0.6,0.1,624,288.5,1.002,2022-10-28
2706021,24147310,"Chicken drumstick, fried, coated, skin / coating eaten, from pre-cooked",2202,"Chicken, whole pieces",fried,247,18.3,7.15,15.66,0.3,0.12,479,242.7,0.983,2022-10-28
2706018,24147300,"Chicken drumstick, fried, coated, skin / coating eaten, from raw",2202,"Chicken, whole pieces",fried,241,19.08,5.98,15.07,0.2,0.1,363,235.9,0.979,2022-10-28
2706024,24147321,"Chicken drumstick, fried, coated, skin / coating not eaten, from fast food / restaurant",2202,"Chicken, whole pieces",fried,213,21.82,6.12,11.21,0.2,0.1,546,212.7,0.998,2022-10-28
2706022,24147311,"Chicken drumstick, fried, coated, skin / coating not eaten, from pre-cooked",2202,"Chicken, whole pieces",fried,169,23.57,0,7.53,0,0,432,162.1,0.959,2022-10-28
2706019,24147301,"Chicken drumstick, fried, coated, skin / coating not eaten, from raw",2202,"Chicken, whole pieces",fried,169,23.61,0,7.54,0,0,356,162.3,0.960,2022-10-28
2706012,24142510,"Chicken drumstick, grilled with sauce, skin eaten",2202,"Chicken, whole pieces",,200,18.68,7.28,10.15,0.2,5.94,588,195.2,0.976,2022-10-28
2706013,24142511,"Chicken drumstick, grilled with sauce, skin not eaten",2202,"Chicken, whole pieces",,172,19.39,7.28,6.62,0.2,5.94,592,166.3,0.967,2022-10-28
2706010,24142500,"Chicken drumstick, grilled without sauce, skin eaten",2202,"Chicken, whole pieces",,204,22.7,0,11.85,0,0,427,197.4,0.968,2022-10-28
2706011,24142501,"Chicken drumstick, grilled without sauce, skin not eaten",2202,"Chicken, whole pieces",,169,23.57,0,7.53,0,0,432,162.1,0.959,2022-10-28
2706000,24140210,"Chicken drumstick, NS as to cooking method, skin eaten",2202,"Chicken, whole pieces",,206,25.65,0.12,11.46,0,0.12,392,206.2,1.001,2022-10-28
2706001,24140220,"Chicken drumstick, NS as to cooking method, skin not eaten",2202,"Chicken, whole pieces",,172,27.71,0,6.76,0,0,403,171.7,0.998,2022-10-28
2706008,24142400,"Chicken drumstick, rotisserie, skin eaten",2202,"Chicken, whole pieces",,206,25.65,0.12,11.46,0,0.12,392,206.2,1.001,2022-10-28
2706009,24142401,"Chicken drumstick, rotisserie, skin not eaten",2202,"Chicken, whole pieces",,172,27.71,0,6.76,0,0,403,171.7,0.998,2022-10-28
2706016,24144300,"Chicken drumstick, sauteed, skin eaten",2202,"Chicken, whole pieces",,204,22.7,0,11.85,0,0,427,197.4,0.968,2022-10-28
2706017,24144301,"Chicken drumstick, sauteed, skin not eaten",2202,"Chicken, whole pieces",,169,23.57,0,7.53,0,0,432,162.1,0.959,2022-10-28
2706014,24143210,"Chicken drumstick, stewed, skin eaten",2202,"Chicken, whole pieces",,186,22.54,0,10.64,0,0,417,185.9,1.000,2022-10-28
2706015,24143220,"Chicken drumstick, stewed, skin not eaten",2202,"Chicken, whole pieces",,148,23.71,0,5.9,0,0,423,147.9,1.000,2022-10-28
2707194,32105210,Chicken egg foo yung,3404,Stir-fry and soy-based sauce mixtures,,137,12.79,4.78,7.38,0.3,3.05,401,136.7,0.998,2022-10-28
2706085,24198500,Chicken feet,2202,"Chicken, whole pieces",,215,19.4,0.2,14.6,0,0,67,209.8,0.976,2022-10-28
2707002,27540145,"Chicken fillet biscuit, from fast food",3704,Chicken fillet sandwiches,,320,10.78,26.41,19.09,2,1.98,775,320.6,1.002,2022-10-28
2707003,27540146,"Chicken fillet sandwich, fried, from fast food",3704,Chicken fillet sandwiches,fried,281,12.17,27.48,13.46,1.7,3.07,571,279.7,0.996,2022-10-28
2707004,27540147,"Chicken fillet sandwich, fried, from fast food, with cheese",3704,Chicken fillet sandwiches,fried,291,13.2,24.66,15.34,1.5,3.03,626,289.5,0.995,2022-10-28
2707010,27540185,"Chicken fillet sandwich, fried, on wheat bun",3704,Chicken fillet sandwiches,fried,263,13.08,26.3,11.7,3.1,2.34,482,262.8,0.999,2022-10-28
2707011,27540186,"Chicken fillet sandwich, fried, on wheat bun, with cheese",3704,Chicken fillet sandwiches,fried,275,14.01,23.58,13.84,2.7,2.4,550,274.9,1.000,2022-10-28
2707008,27540175,"Chicken fillet sandwich, fried, on white bun",3704,Chicken fillet sandwiches,fried,269,12.45,28.11,11.67,1.7,3.14,503,267.3,0.994,2022-10-28
2707009,27540176,"Chicken fillet sandwich, fried, on white bun; with cheese",3704,Chicken fillet sandwiches,fried,280,13.46,25.16,13.82,1.5,3.09,568,278.9,0.996,2022-10-28
2707001,27540139,"Chicken fillet sandwich, from school cafeteria",3704,Chicken fillet sandwiches,,251,14.62,29.8,8.06,4.4,2.73,446,250.2,0.997,2022-10-28
2707005,27540152,"Chicken fillet sandwich, grilled, from fast food",3704,Chicken fillet sandwiches,grilled,226,21.5,19.4,6.18,0.7,2.82,430,219.2,0.970,2022-10-28
2707006,27540153,"Chicken fillet sandwich, grilled, from fast food, with cheese",3704,Chicken fillet sandwiches,grilled,243,21.36,17.55,9.05,0.6,2.81,504,237.1,0.976,2022-10-28
2707014,27540205,"Chicken fillet sandwich, grilled, on wheat bun",3704,Chicken fillet sandwiches,grilled,210,22.46,17.84,4.87,2.1,2.04,387,205.0,0.976,2022-10-28
2707015,27540206,"Chicken fillet sandwich, grilled, on wheat bun, with cheese",3704,Chicken fillet sandwiches,grilled,230,22.19,16.17,7.94,1.8,2.14,468,224.9,0.978,2022-10-28
2707012,27540195,"Chicken fillet sandwich, grilled, on white bun",3704,Chicken fillet sandwiches,grilled,216,21.82,19.69,4.84,0.7,2.86,408,209.6,0.970,2022-10-28
2707013,27540196,"Chicken fillet sandwich, grilled, on white bun, with cheese",3704,Chicken fillet sandwiches,grilled,235,21.64,17.78,7.92,0.6,2.85,487,229.0,0.974,2022-10-28
2707000,27540132,"Chicken fillet sandwich, NFS",3704,Chicken fillet sandwiches,,281,12.17,27.48,13.46,1.7,3.07,571,279.7,0.996,2022-10-28
2707007,27540160,"Chicken fillet sandwich, NS as to fried or grilled, from fast food",3704,Chicken fillet sandwiches,,281,12.17,27.48,13.46,1.7,3.07,571,279.7,0.996,2022-10-28
2707016,27540210,"Chicken fillet wrap sandwich, fried, from fast food",3704,Chicken fillet sandwiches,fried,299,12.68,24.42,16.68,2,1.86,694,298.5,0.998,2022-10-28
2707017,27540300,"Chicken fillet wrap sandwich, grilled, from fast food",3704,Chicken fillet sandwiches,grilled,252,20.83,17.3,10.42,1.2,1.61,574,246.3,0.977,2022-10-28
2706089,24198677,"Chicken fillet, breaded",2204,"Chicken patties, nuggets and tenders",,240,14.62,14.86,13.58,1.7,0.57,527,240.1,1.001,2022-10-28
2706090,24198683,"Chicken fillet, grilled",2204,"Chicken patties, nuggets and tenders",grilled,151,22.31,2.36,5.81,0,0,450,151.0,1.000,2022-10-28
2706710,27348100,"Chicken fricassee, Puerto Rican style",3004,Poultry mixed dishes,,172,12.13,7.17,10.65,1.2,1.26,753,173.1,1.006,2022-10-28
2707115,28143200,"Chicken in soy-based sauce, rice and vegetables, frozen meal",3404,Stir-fry and soy-based sauce mixtures,,109,6.56,18.06,0.91,1,1.42,333,106.7,0.979,2022-10-28
2706445,27146400,Chicken kiev,3004,Poultry mixed dishes,,280,21.31,5.45,19.21,0.1,0.06,644,279.9,1.000,2022-10-28
2705984,24132230,"Chicken leg, drumstick and thigh, baked or broiled, skin eaten",2202,"Chicken, whole pieces",,214,23.16,0,12.81,0,0,341,207.9,0.972,2022-10-28
2705985,24132231,"Chicken leg, drumstick and thigh, baked or broiled, skin not eaten",2202,"Chicken, whole pieces",,168,24.41,0,7.13,0,0,345,161.8,0.963,2022-10-28
2705998,24137310,"Chicken leg, drumstick and thigh, baked, coated, skin / coating eaten",2202,"Chicken, whole pieces",baked,226,20.99,3.98,13.4,0.2,0.07,428,220.5,0.976,2022-10-28
2705999,24137311,"Chicken leg, drumstick and thigh, baked, coated, skin / coating not eaten",2202,"Chicken, whole pieces",baked,183,23.87,0,8.96,0,0,419,176.1,0.962,2022-10-28
2705996,24137300,"Chicken leg, drumstick and thigh, fried, coated, skin / coating eaten",2202,"Chicken, whole pieces",fried,260,19.04,5.98,17.2,0.2,0.1,353,254.9,0.980,2022-10-28
2705997,24137301,"Chicken leg, drumstick and thigh, fried, coated, skin / coating not eaten",2202,"Chicken, whole pieces",fried,183,23.92,0,8.98,0,0,343,176.5,0.964,2022-10-28
2705992,24134150,"Chicken leg, drumstick and thigh, grilled with sauce, skin eaten",2202,"Chicken, whole pieces",,220,18.64,7.28,12.32,0.2,5.94,578,214.6,0.975,2022-10-28
2705993,24134151,"Chicken leg, drumstick and thigh, grilled with sauce, skin not eaten",2202,"Chicken, whole pieces",,183,19.63,7.28,7.79,0.2,5.94,582,177.8,0.971,2022-10-28
2705990,24134100,"Chicken leg, drumstick and thigh, grilled without sauce, skin eaten",2202,"Chicken, whole pieces",,228,22.65,0,14.52,0,0,414,221.3,0.971,2022-10-28
2705991,24134101,"Chicken leg, drumstick and thigh, grilled without sauce, skin not eaten",2202,"Chicken, whole pieces",,183,23.87,0,8.96,0,0,419,176.1,0.962,2022-10-28
2705982,24130210,"Chicken leg, drumstick and thigh, NS as to cooking method, skin eaten",2202,"Chicken, whole pieces",,218,23.77,0.12,13.63,0,0.12,358,218.2,1.001,2022-10-28
2705983,24130220,"Chicken leg, drumstick and thigh, NS as to cooking method, skin not eaten",2202,"Chicken, whole pieces",,185,25.54,0,9.15,0,0,362,184.5,0.997,2022-10-28
2705986,24132240,"Chicken leg, drumstick and thigh, rotisserie, skin eaten",2202,"Chicken, whole pieces",,218,23.77,0.12,13.63,0,0.12,358,218.2,1.001,2022-10-28
2705987,24132241,"Chicken leg, drumstick and thigh, rotisserie, skin not eaten",2202,"Chicken, whole pieces",,185,25.54,0,9.15,0,0,362,184.5,0.997,2022-10-28
2705994,24134300,"Chicken leg, drumstick and thigh, sauteed, skin eaten",2202,"Chicken, whole pieces",,228,22.65,0,14.52,0,0,414,221.3,0.971,2022-10-28
2705995,24134301,"Chicken leg, drumstick and thigh, sauteed, skin not eaten",2202,"Chicken, whole pieces",,183,23.87,0,8.96,0,0,419,176.1,0.962,2022-10-28
2705988,24133210,"Chicken leg, drumstick and thigh, stewed, skin eaten",2202,"Chicken, whole pieces",,211,22.45,0,13.44,0,0,396,210.8,0.999,2022-10-28
2705989,24133220,"Chicken leg, drumstick and thigh, stewed, skin not eaten",2202,"Chicken, whole pieces",,164,24.1,0,7.5,0,0,399,163.9,0.999,2022-10-28
2706093,24198731,"Chicken nuggets, from fast food",2204,"Chicken patties, nuggets and tenders",,307,15.92,14.93,20.36,0.9,0.08,594,306.6,0.999,2022-10-28
2706096,24198736,"Chicken nuggets, from frozen",2204,"Chicken patties, nuggets and tenders",,298,13.36,17.88,19.23,1.8,0.8,600,298.0,1.000,2022-10-28
2706097,24198737,"Chicken nuggets, from other sources",2204,"Chicken patties, nuggets and tenders",,304,15.15,15.81,20.02,1.2,0.3,596,304.0,1.000,2022-10-28
2706094,24198732,"Chicken nuggets, from restaurant",2204,"Chicken patties, nuggets and tenders",,307,15.92,14.93,20.36,0.9,0.08,594,306.6,0.999,2022-10-28
2706095,24198735,"Chicken nuggets, from school lunch",2204,"Chicken patties, nuggets and tenders",,270,15.67,22.86,12.9,2.2,0.49,511,270.2,1.001,2022-10-28
2706092,24198729,"Chicken nuggets, NFS",2204,"Chicken patties, nuggets and tenders",,307,15.92,14.93,20.36,0.9,0.08,594,306.6,0.999,2022-10-28
2706788,27443120,"Chicken or turkey a la king with vegetables excluding carrorts, broccoli, and dark-green leafy; no potatoes, cream, white, or soup-based sauce",3004,Poultry mixed dishes,,181,9.57,6.31,13.34,0.5,2.46,482,183.6,1.014,2022-10-28
2706787,27443110,"Chicken or turkey a la king with vegetables including carrots, broccoli, and/or dark-green leafy; no potatoes, cream, white, or soup-based sauce",3004,Poultry mixed dishes,,187,9.41,6.76,13.8,0.6,2.57,428,188.9,1.010,2022-10-28
2706533,27242310,Chicken or turkey and noodles with cheese sauce,3004,Poultry mixed dishes,,146,8.95,13.56,6.16,0.6,0.24,341,145.5,0.996,2022-10-28
2706532,27242300,Chicken or turkey and noodles with cream or white sauce,3004,Poultry mixed dishes,,140,7.39,15.24,5.51,0.6,1.58,343,140.1,1.001,2022-10-28
2706530,27242200,Chicken or turkey and noodles with gravy,3004,Poultry mixed dishes,,140,6.99,15.23,5.67,0.7,0.31,350,139.9,0.999,2022-10-28
2706531,27242250,Chicken or turkey and noodles with mushroom sauce,3004,Poultry mixed dishes,,136,6.92,14.86,5.46,0.8,0.8,337,136.3,1.002,2022-10-28
2706536,27242500,Chicken or turkey and noodles with soy-based sauce,3404,Stir-fry and soy-based sauce mixtures,,157,11.61,7.6,9.02,0.6,0.92,391,158.0,1.006,2022-10-28
2706535,27242400,Chicken or turkey and noodles with tomato-based sauce,3004,Poultry mixed dishes,,137,7.12,15.17,5.44,1.1,1.36,343,138.1,1.008,2022-10-28
2706529,27242000,"Chicken or turkey and noodles, no sauce",3004,Poultry mixed dishes,,148,7.73,15.47,6.14,0.7,0.25,353,148.1,1.000,2022-10-28
2706528,27241010,Chicken or turkey and potatoes with gravy,3004,Poultry mixed dishes,,122,7.47,9.04,6.35,0.9,0.57,428,123.2,1.010,2022-10-28
2706539,27243300,Chicken or turkey and rice with cream sauce,3004,Poultry mixed dishes,,136,8.13,12.78,5.86,0.5,1.98,380,136.4,1.003,2022-10-28
2706540,27243400,Chicken or turkey and rice with mushroom sauce,3004,Poultry mixed dishes,,135,5.67,15.43,5.48,0.4,0.59,346,133.7,0.991,2022-10-28
2706542,27243600,Chicken or turkey and rice with soy-based sauce,3404,Stir-fry and soy-based sauce mixtures,,162,11.97,8.01,9.21,0.5,0.94,395,162.8,1.005,2022-10-28
2706541,27243500,Chicken or turkey and rice with tomato-based sauce,3004,Poultry mixed dishes,,142,5.72,15.66,6.18,0.6,1.09,349,141.1,0.994,2022-10-28
2706537,27243000,"Chicken or turkey and rice, no sauce",3004,Poultry mixed dishes,,149,6.46,16.97,5.84,0.2,0.03,353,146.3,0.982,2022-10-28
2706821,27446410,"Chicken or turkey and vegetables excluding carrots, broccoli, and dark-green leafy; no potatoes, cheese sauce",3004,Poultry mixed dishes,,124,9.87,5.54,7.24,0.7,0.72,365,126.8,1.023,2022-10-28
2706786,27442120,"Chicken or turkey and vegetables excluding carrots, broccoli, and dark-green leafy; no potatoes, gravy",3004,Poultry mixed dishes,,119,7.16,6.43,7.45,0.9,0.9,368,121.4,1.020,2022-10-28
2706782,27440120,"Chicken or turkey and vegetables excluding carrots, broccoli, and dark-green leafy; no potatoes, no sauce",3004,Poultry mixed dishes,,123,8.72,5.08,7.96,1.1,0.98,379,126.8,1.031,2022-10-28
2706791,27445120,"Chicken or turkey and vegetables excluding carrots, broccoli, and dark-green leafy; no potatoes, soy-based sauce",3404,Stir-fry and soy-based sauce mixtures,,133,10.7,4.39,8.22,1,1.62,352,134.3,1.010,2022-10-28
2706793,27445130,"Chicken or turkey and vegetables excluding carrots, broccoli, and dark-green leafy; no potatoes, tomato-based sauce",3004,Poultry mixed dishes,,120,7.28,6.35,7.81,1.5,2.38,366,124.8,1.040,2022-10-28
2706820,27446400,"Chicken or turkey and vegetables including carrots, broccoli, and/or dark-green leafy; no potatoes, cheese sauce",3004,Poultry mixed dishes,,119,9.83,3.88,7.24,0.9,0.8,353,120.0,1.008,2022-10-28
2706785,27442110,"Chicken or turkey and vegetables including carrots, broccoli, and/or dark-green leafy; no potatoes, gravy",3004,Poultry mixed dishes,,112,7.1,4.47,7.44,1,1,367,113.2,1.011,2022-10-28
2706781,27440110,"Chicken or turkey and vegetables including carrots, broccoli, and/or dark-green leafy; no potatoes, no sauce",3004,Poultry mixed dishes,,118,9.66,2.88,7.78,1.4,1.22,386,120.2,1.018,2022-10-28
2706790,27445110,"Chicken or turkey and vegetables including carrots, broccoli, and/or dark-green leafy; no potatoes, soy-based sauce",3404,Stir-fry and soy-based sauce mixtures,,95,8.18,5.38,4.56,0.9,2.93,413,95.3,1.003,2022-10-28
2706792,27445125,"Chicken or turkey and vegetables including carrots, broccoli, and/or dark-green leafy; no potatoes, tomato-based sauce",3004,Poultry mixed dishes,,113,7.23,4.42,7.8,1.6,2.47,365,116.8,1.034,2022-10-28
2706421,27141000,Chicken or turkey cacciatore,3004,Poultry mixed dishes,,174,13.19,6.92,10.62,1.1,1.6,664,176.0,1.012,2022-10-28
2706818,27446360,"Chicken or turkey caesar garden salad, chicken and/or turkey, lettuce, tomato, cheese, no dressing",3004,Poultry mixed dishes,,63,8.52,2.99,1.94,1,0.99,265,63.5,1.008,2022-10-28
2706545,27246300,"Chicken or turkey cake, patty, or croquette",3004,Poultry mixed dishes,,262,20.83,2.59,18.75,0.2,0.49,575,262.4,1.002,2022-10-28
2706687,27343910,Chicken or turkey chow mein or chop suey with noodles,3402,Fried rice and lo/chow mein,,131,9.91,11.15,5.43,1.5,1.54,408,133.1,1.016,2022-10-28
2706798,27446100,"Chicken or turkey chow mein or chop suey, no noodles",3402,Fried rice and lo/chow mein,,83,9.78,3.84,3.23,0.8,1.76,344,83.5,1.007,2022-10-28
2706441,27146250,Chicken or turkey cordon bleu,3004,Poultry mixed dishes,,210,22.64,9.29,9.17,0.6,0.63,589,210.2,1.001,2022-10-28
2706784,27441120,"Chicken or turkey creole, without rice",3004,Poultry mixed dishes,,103,13.8,2.99,4.22,1.1,1.83,364,105.1,1.021,2022-10-28
2706789,27443150,Chicken or turkey divan,3004,Poultry mixed dishes,,140,15.51,4.01,7.26,1.3,0.95,295,143.4,1.024,2022-10-28
2706429,27142100,Chicken or turkey fricassee,3004,Poultry mixed dishes,,121,10.68,3.54,7.16,0.1,0.26,418,121.3,1.003,2022-10-28
2706823,27448030,"Chicken or turkey fricassee, no sauce, no potatoes, Puerto Rican style",3004,Poultry mixed dishes,,200,25.15,0,11.01,0,0,742,199.7,0.998,2022-10-28
2706822,27448020,"Chicken or turkey fricassee, with sauce, no potatoes, potatoes reported separately, Puerto Rican style",3004,Poultry mixed dishes,,183,14,2.54,13.12,0.7,1.19,593,184.2,1.007,2022-10-28
2706812,27446315,"Chicken or turkey garden salad with bacon and cheese, chicken and/or turkey, bacon, cheese, lettuce and/or greens, tomato and/or carrots, other vegetables, no dressing",3004,Poultry mixed dishes,,106,10.95,3,5.61,0.9,1.09,228,106.3,1.003,2022-10-28
2706814,27446330,"Chicken or turkey garden salad with cheese, chicken and/or turkey, cheese, lettuce and/or greens, tomato and/or carrots, other vegetables, no dressing",3004,Poultry mixed dishes,,93,10.26,3.02,4.52,0.9,1.12,176,93.8,1.009,2022-10-28
2706811,27446310,"Chicken or turkey garden salad, chicken and/or turkey, other vegetables excluding tomato and carrots, no dressing",3004,Poultry mixed dishes,,66,10.85,2.62,1.41,0.8,0.99,140,66.6,1.009,2022-10-28
2706810,27446300,"Chicken or turkey garden salad, chicken and/or turkey, tomato and/or carrots, other vegetables, no dressing",3004,Poultry mixed dishes,,64,10.1,3.04,1.33,1,1.27,136,64.5,1.008,2022-10-28
2706527,27241000,Chicken or turkey hash,3004,Poultry mixed dishes,,110,9.57,8.27,4.1,1.3,0.94,259,108.3,0.984,2022-10-28
2706442,27146300,Chicken or turkey parmigiana,3004,Poultry mixed dishes,,174,16.25,8.3,8.34,0.8,1.68,414,173.3,0.996,2022-10-28
2706801,27446220,Chicken or turkey salad with egg,3004,Poultry mixed dishes,,228,13.81,2.73,18.06,0.4,2.01,453,228.7,1.003,2022-10-28
2706800,27446205,Chicken or turkey salad with nuts and/or fruits,3004,Poultry mixed dishes,,235,12.51,6.11,17.91,1,4.26,391,235.7,1.003,2022-10-28
2706809,27446260,"Chicken or turkey salad, made with any type of fat free dressing",3004,Poultry mixed dishes,,111,13.32,6.28,3.81,0.9,4.31,525,112.7,1.015,2022-10-28
2706805,27446240,"Chicken or turkey salad, made with creamy dressing",3004,Poultry mixed dishes,,188,13.76,4.02,13.09,0.4,2.98,526,188.9,1.005,2022-10-28
2706807,27446250,"Chicken or turkey salad, made with Italian dressing",3004,Poultry mixed dishes,,146,13.62,5.37,7.84,0.4,4.3,564,146.5,1.004,2022-10-28
2706806,27446245,"Chicken or turkey salad, made with light creamy dressing",3004,Poultry mixed dishes,,128,13.75,4.28,6.36,0.4,3.2,532,129.4,1.011,2022-10-28
2706808,27446255,"Chicken or turkey salad, made with light Italian dressing",3004,Poultry mixed dishes,,116,13.56,4.93,4.71,0.4,3.97,543,116.4,1.003,2022-10-28
2706802,27446225,"Chicken or turkey salad, made with light mayonnaise",3004,Poultry mixed dishes,,146,13.55,4.76,8.15,0.4,2.73,529,146.6,1.004,2022-10-28
2706804,27446235,"Chicken or turkey salad, made with light mayonnaise-type salad dressing",3004,Poultry mixed dishes,,146,13.55,4.76,8.15,0.4,2.73,529,146.6,1.004,2022-10-28
2706799,27446200,"Chicken or turkey salad, made with mayonnaise",3004,Poultry mixed dishes,,235,13.92,2.88,18.76,0.4,2.1,484,236.0,1.004,2022-10-28
2706803,27446230,"Chicken or turkey salad, made with mayonnaise-type salad dressing",3004,Poultry mixed dishes,,148,13.68,5.95,7.95,0.4,4.13,490,150.1,1.014,2022-10-28
2706783,27440130,"Chicken or turkey shish kabob with vegetables, excluding potatoes",3004,Poultry mixed dishes,,104,13.04,5.06,3.69,0.8,2.37,346,105.6,1.015,2022-10-28
2706546,27246400,Chicken or turkey souffle,3004,Poultry mixed dishes,,171,11.72,5.59,11.33,0.1,2.23,380,171.2,1.001,2022-10-28
2706534,27242350,Chicken or turkey tetrazzini,3004,Poultry mixed dishes,,119,11.96,6.96,4.79,0.5,0.24,386,118.8,0.998,2022-10-28
2706440,27146200,Chicken or turkey with cheese sauce,3004,Poultry mixed dishes,,173,21.77,1.64,8.9,0,0.06,527,173.7,1.004,2022-10-28
2706431,27143000,Chicken or turkey with cream sauce,3004,Poultry mixed dishes,,157,19.82,2.75,7.48,0,1.38,510,157.6,1.004,2022-10-28
2706543,27246100,Chicken or turkey with dumplings,3004,Poultry mixed dishes,,144,15.69,8.04,5.55,0.3,0.45,488,144.9,1.006,2022-10-28
2706432,27144000,Chicken or turkey with mushroom sauce,3004,Poultry mixed dishes,,136,19.29,1.84,5.7,0.1,0.57,521,135.8,0.999,2022-10-28
2706544,27246200,Chicken or turkey with stuffing,3004,Poultry mixed dishes,,172,20.04,11.74,4.88,0.5,1.27,454,171.0,0.994,2022-10-28
2706433,27145000,Chicken or turkey with teriyaki,3404,Stir-fry and soy-based sauce mixtures,,163,25.73,1.62,5.96,0,1.47,723,163.0,1.000,2022-10-28
2706819,27446362,"Chicken or turkey, breaded, fried, caesar garden salad, chicken and/or turkey, lettuce, tomatoes, cheese, no dressing",3004,Poultry mixed dishes,fried,115,6.31,7.08,6.85,1.2,0.95,247,115.2,1.002,2022-10-28
2706813,27446320,"Chicken or turkey, breaded, fried, garden salad with bacon and cheese, chicken and/or turkey, bacon, cheese, lettuce and/or greens, tomato and/or carrots, other vegetables, no dressing",3004,Poultry mixed dishes,fried,122,6.78,6.36,7.72,1.2,1.21,256,122.0,1.000,2022-10-28
2706815,27446332,"Chicken or turkey, breaded, fried, garden salad with cheese, chicken and/or turkey, cheese, lettuce and/or greens, tomato and/or carrots, other vegetables, no dressing",3004,Poultry mixed dishes,fried,123,6.5,6.47,7.9,1.3,1.4,217,123.0,1.000,2022-10-28
2706709,27347250,"Chicken or turkey, dumplings, and vegetables excluding carrots, broccoli, and dark green leafy; gravy",3004,Poultry mixed dishes,,128,5.65,12.8,6.22,0.8,1.06,340,129.8,1.014,2022-10-28
2706708,27347240,"Chicken or turkey, dumplings, and vegetables including carrots, broccoli, and/or dark green leafy; gravy",3004,Poultry mixed dishes,,127,5.59,11.62,6.64,0.9,1.11,344,128.6,1.013,2022-10-28
2706689,27343960,"Chicken or turkey, noodles, and vegetables excluding carrots, broccoli, and dark-green leafy; cheese sauce",3004,Poultry mixed dishes,,149,8.93,15.32,5.97,1.1,0.69,340,150.7,1.012,2022-10-28
2706682,27343420,"Chicken or turkey, noodles, and vegetables excluding carrots, broccoli, and dark-green leafy; gravy",3004,Poultry mixed dishes,,130,6.13,14.86,5.2,1,0.7,344,130.8,1.006,2022-10-28
2706680,27343020,"Chicken or turkey, noodles, and vegetables excluding carrots, broccoli, and dark-green leafy; no sauce",3004,Poultry mixed dishes,,151,8,18.11,5.41,1.4,0.83,352,153.1,1.014,2022-10-28
2706686,27343520,"Chicken or turkey, noodles, and vegetables excluding carrots, broccoli, and dark-green leafy; tomato-based sauce",3004,Poultry mixed dishes,,134,6.19,14.69,5.84,1.4,1.55,342,136.1,1.016,2022-10-28
2706684,27343480,"Chicken or turkey, noodles, and vegetables excluding carrots, broccoli, and/or dark-green leafy; cream sauce, white sauce, or mushroom sauce",3004,Poultry mixed dishes,,132,6.09,14.49,5.64,1.1,1.07,345,133.1,1.008,2022-10-28
2706688,27343950,"Chicken or turkey, noodles, and vegetables including carrots, broccoli, and/or dark-green leafy; cheese sauce",3004,Poultry mixed dishes,,145,8.9,14.16,5.97,1.1,0.74,346,146.0,1.007,2022-10-28
2706683,27343470,"Chicken or turkey, noodles, and vegetables including carrots, broccoli, and/or dark-green leafy; cream sauce, white sauce, or mushroom sauce",3004,Poultry mixed dishes,,128,6.06,13.46,5.64,1.2,1.12,338,128.8,1.007,2022-10-28
2706681,27343410,"Chicken or turkey, noodles, and vegetables including carrots, broccoli, and/or dark-green leafy; gravy",3004,Poultry mixed dishes,,129,6.08,13.69,5.62,1.1,0.75,335,129.7,1.005,2022-10-28
2706679,27343010,"Chicken or turkey, noodles, and vegetables including carrots, broccoli, and/or dark-green leafy; no sauce",3004,Poultry mixed dishes,,147,7.95,16.59,5.46,1.5,0.9,351,147.3,1.002,2022-10-28
2706685,27343510,"Chicken or turkey, noodles, and vegetables including carrots, broccoli, and/or dark-green leafy; tomato-based sauce",3004,Poultry mixed dishes,,130,6.16,13.58,5.84,1.5,1.6,348,131.5,1.012,2022-10-28
2706674,27341050,"Chicken or turkey, potatoes, and vegetables excluding carrots, broccoli, and dark-green leafy; cheese sauce",3004,Poultry mixed dishes,,133,7.57,12.86,5.93,1.3,0.9,337,135.1,1.016,2022-10-28
2706672,27341040,"Chicken or turkey, potatoes, and vegetables excluding carrots, broccoli, and dark-green leafy; cream sauce, white sauce, or mushroom sauce",3004,Poultry mixed dishes,,126,4.84,12.14,6.75,1.3,1.25,338,128.7,1.021,2022-10-28
2706670,27341030,"Chicken or turkey, potatoes, and vegetables excluding carrots, broccoli, and dark-green leafy; gravy",3004,Poultry mixed dishes,,127,4.75,12.27,6.82,1.3,0.89,336,129.5,1.019,2022-10-28
2706668,27341020,"Chicken or turkey, potatoes, and vegetables excluding carrots, broccoli, and dark-green leafy; no sauce",3004,Poultry mixed dishes,,132,6.21,14.81,5.7,1.7,1.11,356,135.4,1.026,2022-10-28
2706676,27341060,"Chicken or turkey, potatoes, and vegetables excluding carrots, broccoli, and dark-green leafy; tomato-based sauce",3004,Poultry mixed dishes,,128,4.84,12.18,7.03,1.6,1.72,335,131.3,1.026,2022-10-28
2706673,27341045,"Chicken or turkey, potatoes, and vegetables including carrots, broccoli, and/or dark-green leafy; cheese sauce",3004,Poultry mixed dishes,,129,7.54,11.71,5.93,1.4,0.96,343,130.4,1.011,2022-10-28
2706671,27341035,"Chicken or turkey, potatoes, and vegetables including carrots, broccoli, and/or dark-green leafy; cream sauce, white sauce, or mushroom sauce",3004,Poultry mixed dishes,,126,4.79,11.08,7.12,1.4,1.29,342,127.6,1.012,2022-10-28
2706669,27341025,"Chicken or turkey, potatoes, and vegetables including carrots, broccoli, and/or dark-green leafy; gravy",3004,Poultry mixed dishes,,123,4.72,11.17,6.82,1.4,0.94,342,124.9,1.016,2022-10-28
2706667,27341010,"Chicken or turkey, potatoes, and vegetables including carrots, broccoli, and/or dark-green leafy; no sauce",3004,Poultry mixed dishes,,129,6.16,13.29,5.97,1.8,1.18,345,131.5,1.020,2022-10-28
2706675,27341055,"Chicken or turkey, potatoes, and vegetables including carrots, broccoli, and/or dark-green leafy; tomato-based sauce",3004,Poultry mixed dishes,,124,4.81,11.09,7.02,1.7,1.78,341,126.8,1.022,2022-10-28
2706666,27341000,"Chicken or turkey, potatoes, corn, and cheese, with gravy",3004,Poultry mixed dishes,,123,4.51,13.27,6.11,1.1,1,353,126.1,1.025,2022-10-28
2706700,27345450,"Chicken or turkey, rice, and vegetables excluding carrots, broccoli, and dark-green leafy; cheese sauce",3004,Poultry mixed dishes,,146,8.09,16.69,5.16,0.7,0.53,338,145.6,0.997,2022-10-28
2706698,27345420,"Chicken or turkey, rice, and vegetables excluding carrots, broccoli, and dark-green leafy; cream sauce, white sauce, or mushroom sauce",3004,Poultry mixed dishes,,131,5.31,15.67,5.29,0.8,0.92,342,131.5,1.004,2022-10-28
2706693,27345220,"Chicken or turkey, rice, and vegetables excluding carrots, broccoli, and dark-green leafy; gravy",3004,Poultry mixed dishes,,135,5.25,16.03,5.46,0.7,0.54,339,134.3,0.995,2022-10-28
2706691,27345020,"Chicken or turkey, rice, and vegetables excluding carrots, broccoli, and dark-green leafy; no sauce",3004,Poultry mixed dishes,,151,6.85,19.78,4.96,0.9,0.62,356,151.2,1.001,2022-10-28
2706696,27345320,"Chicken or turkey, rice, and vegetables excluding carrots, broccoli, and dark-green leafy; soy-based sauce",3404,Stir-fry and soy-based sauce mixtures,,133,9.64,7.79,7.15,0.9,1.41,305,134.1,1.008,2022-10-28
2706702,27345520,"Chicken or turkey, rice, and vegetables excluding carrots, broccoli, and dark-green leafy; tomato-based sauce",3004,Poultry mixed dishes,,133,5.35,15.94,5.48,1,1.39,339,134.5,1.011,2022-10-28
2706699,27345440,"Chicken or turkey, rice, and vegetables including carrots, broccoli, and/or dark-green leafy; cheese sauce",3004,Poultry mixed dishes,,142,8.05,15.54,5.15,0.8,0.58,344,140.7,0.991,2022-10-28
2706697,27345410,"Chicken or turkey, rice, and vegetables including carrots, broccoli, and/or dark-green leafy; cream sauce, white sauce, or mushroom sauce",3004,Poultry mixed dishes,,131,5.26,14.57,5.68,0.8,0.97,346,130.4,0.996,2022-10-28
2706692,27345210,"Chicken or turkey, rice, and vegetables including carrots, broccoli, and/or dark-green leafy; gravy",3004,Poultry mixed dishes,,132,5.21,14.89,5.66,0.8,0.59,344,131.3,0.995,2022-10-28
2706690,27345010,"Chicken or turkey, rice, and vegetables including carrots, broccoli, and/or dark-green leafy; no sauce",3004,Poultry mixed dishes,,150,6.78,18.2,5.47,1,0.69,345,149.2,0.994,2022-10-28
2706695,27345310,"Chicken or turkey, rice, and vegetables including carrots, broccoli, and/or dark-green leafy; soy-based sauce",3404,Stir-fry and soy-based sauce mixtures,,131,9.36,7.95,6.92,1.1,1.36,307,131.5,1.004,2022-10-28
2706701,27345510,"Chicken or turkey, rice, and vegetables including carrots, broccoli, and/or dark-green leafy; tomato-based sauce",3004,Poultry mixed dishes,,130,5.32,14.84,5.47,1.1,1.44,345,129.9,0.999,2022-10-28
2706694,27345230,"Chicken or turkey, rice, corn, and cheese, with gravy",3004,Poultry mixed dishes,,149,5.62,14.43,7.85,0.7,1.02,424,150.8,1.012,2022-10-28
2706707,27347230,"Chicken or turkey, stuffing, and vegetables excluding carrots, broccoli, and dark-green leafy; gravy",3004,Poultry mixed dishes,,128,5.22,11.81,6.82,0.8,1.4,355,129.5,1.012,2022-10-28
2706706,27347220,"Chicken or turkey, stuffing, and vegetables including carrots, broccoli, and/or dark-green leafy; gravy",3004,Poultry mixed dishes,,131,5.46,11.27,7.18,1,1.52,380,131.5,1.004,2022-10-28
2706704,27347200,"Chicken or turkey, stuffing, and vegetables including carrots, broccoli, and/or dark-green leafy; no sauce",3004,Poultry mixed dishes,,159,7.12,13.28,8.74,1.3,1.95,369,160.3,1.008,2022-10-28
2706705,27347210,"Chicken or turkey,stuffing, and vegetables excluding carrots, broccoli, and dark green leafy; no sauce",3004,Poultry mixed dishes,,165,7.17,14.85,8.75,1.2,1.88,361,166.8,1.011,2022-10-28
2706088,24198671,"Chicken patty, breaded",2204,"Chicken patties, nuggets and tenders",,287,14.85,12.84,19.58,0.3,0,532,287.0,1.000,2022-10-28
2707107,28140720,"Chicken patty, or nuggets, boneless, breaded, potatoes, vegetable, frozen meal",3004,Poultry mixed dishes,,175,10.68,16,8.1,1.4,1,376,179.6,1.026,2022-10-28
2706991,27540121,Chicken salad sandwich on wheat,3704,Chicken fillet sandwiches,,245,13.08,17.06,13.83,2.1,3.13,469,245.0,1.000,2022-10-28
2706990,27540120,Chicken salad sandwich on white,3704,Chicken fillet sandwiches,,246,12.42,18.32,13.7,1,3.18,473,246.3,1.001,2022-10-28
2706992,27540122,Chicken salad sandwich wrap,3704,Chicken fillet sandwiches,,269,12.89,16.99,16.56,1.3,2.65,603,268.6,0.998,2022-10-28
2706221,25240110,Chicken salad spread,2602,Cold cuts and cured meats,,200,11.64,7.41,13.52,0,0,653,197.9,0.989,2022-10-28
2706084,24198440,Chicken skin,2202,"Chicken, whole pieces",,450,20.19,0,40.34,0,0,387,443.8,0.986,2022-10-28
2706099,24198741,"Chicken tenders or strips, breaded, from fast food",2204,"Chicken patties, nuggets and tenders",,271,19.22,17.25,13.95,1.2,0.4,769,271.4,1.002,2022-10-28
2706102,24198746,"Chicken tenders or strips, breaded, from frozen",2204,"Chicken patties, nuggets and tenders",,240,14.62,14.86,13.58,1.7,0.57,527,240.1,1.001,2022-10-28
2706103,24198747,"Chicken tenders or strips, breaded, from other sources",2204,"Chicken patties, nuggets and tenders",,262,17.84,16.53,13.84,1.4,0.45,696,262.0,1.000,2022-10-28
2706100,24198742,"Chicken tenders or strips, breaded, from restaurant",2204,"Chicken patties, nuggets and tenders",,283,18.82,16.9,15.62,1.2,0.39,791,283.5,1.002,2022-10-28
2706101,24198745,"Chicken tenders or strips, breaded, from school lunch",2204,"Chicken patties, nuggets and tenders",,270,15.67,22.86,12.9,2.2,0.49,511,270.2,1.001,2022-10-28
2706098,24198739,"Chicken tenders or strips, NFS",2204,"Chicken patties, nuggets and tenders",,271,19.22,17.25,13.95,1.2,0.4,769,271.4,1.002,2022-10-28
2706033,24152250,"Chicken thigh, baked or broiled, skin eaten, from fast food / restaurant",2202,"Chicken, whole pieces",,243,22.57,0,16.25,0,0,482,236.5,0.973,2022-10-28
2706031,24152240,"Chicken thigh, baked or broiled, skin eaten, from pre-cooked",2202,"Chicken, whole pieces",,226,22.51,0.12,15.08,0,0.12,335,226.2,1.001,2022-10-28
2706034,24152251,"Chicken thigh, baked or broiled, skin not eaten, from fast food / restaurant",2202,"Chicken, whole pieces",,192,24.02,0,9.89,0,0,486,185.1,0.964,2022-10-28
2706032,24152241,"Chicken thigh, baked or broiled, skin not eaten, from pre-cooked",2202,"Chicken, whole pieces",,193,24.09,0,10.74,0,0,335,193.0,1.000,2022-10-28
2706029,24152230,"Chicken thigh, baked, broiled, or roasted, skin eaten, from raw",2202,"Chicken, whole pieces",baked,231,23.12,0,14.62,0,0,332,224.1,0.970,2022-10-28
2706030,24152231,"Chicken thigh, baked, broiled, or roasted, skin not eaten, from raw",2202,"Chicken, whole pieces",baked,178,24.61,0,8.1,0,0,336,171.3,0.963,2022-10-28
2706054,24157400,"Chicken thigh, baked, coated, skin / coating eaten",2202,"Chicken, whole pieces",baked,240,20.96,3.98,14.99,0.2,0.07,420,234.7,0.978,2022-10-28
2706055,24157401,"Chicken thigh, baked, coated, skin / coating not eaten",2202,"Chicken, whole pieces",baked,192,24.07,0,9.91,0,0,410,185.5,0.966,2022-10-28
2706047,24157302,"Chicken thigh, fried, coated, prepared skinless, coating eaten, from raw",2202,"Chicken, whole pieces",fried,231,20.14,5.96,13.49,0.2,0.1,426,225.8,0.978,2022-10-28
2706050,24157320,"Chicken thigh, fried, coated, skin / coating eaten, from fast food",2202,"Chicken, whole pieces",fried,294,16.26,13,19.67,0.3,0.1,748,294.1,1.000,2022-10-28
2706048,24157310,"Chicken thigh, fried, coated, skin / coating eaten, from pre-cooked",2202,"Chicken, whole pieces",fried,277,18.23,7.15,19.01,0.3,0.12,464,272.6,0.984,2022-10-28
2706045,24157300,"Chicken thigh, fried, coated, skin / coating eaten, from raw",2202,"Chicken, whole pieces",fried,273,19.01,5.98,18.61,0.2,0.1,346,267.5,0.980,2022-10-28
2706052,24157330,"Chicken thigh, fried, coated, skin / coating eaten, from restaurant",2202,"Chicken, whole pieces",fried,294,16.26,13,19.67,0.3,0.1,748,294.1,1.000,2022-10-28
2706051,24157321,"Chicken thigh, fried, coated, skin / coating not eaten, from fast food",2202,"Chicken, whole pieces",fried,218,19.42,6.31,12.8,0.2,0.1,613,218.1,1.001,2022-10-28
2706049,24157311,"Chicken thigh, fried, coated, skin / coating not eaten, from pre-cooked",2202,"Chicken, whole pieces",fried,192,24.07,0,9.91,0,0,410,185.5,0.966,2022-10-28
2706046,24157301,"Chicken thigh, fried, coated, skin / coating not eaten, from raw",2202,"Chicken, whole pieces",fried,192,24.12,0,9.93,0,0,334,185.9,0.968,2022-10-28
2706053,24157331,"Chicken thigh, fried, coated, skin / coating not eaten, from restaurant",2202,"Chicken, whole pieces",fried,218,19.42,6.31,12.8,0.2,0.1,613,218.1,1.001,2022-10-28
2706041,24154020,"Chicken thigh, grilled with sauce, skin eaten",2202,"Chicken, whole pieces",,233,18.61,7.28,13.77,0.2,5.94,571,227.5,0.976,2022-10-28
2706042,24154021,"Chicken thigh, grilled with sauce, skin not eaten",2202,"Chicken, whole pieces",,191,19.8,7.28,8.56,0.2,5.94,575,185.4,0.970,2022-10-28
2706039,24154010,"Chicken thigh, grilled without sauce, skin eaten",2202,"Chicken, whole pieces",,243,22.61,0,16.29,0,0,406,237.0,0.976,2022-10-28
2706040,24154011,"Chicken thigh, grilled without sauce, skin not eaten",2202,"Chicken, whole pieces",,192,24.07,0,9.91,0,0,410,185.5,0.966,2022-10-28
2706027,24150210,"Chicken thigh, NS as to cooking method, skin eaten",2202,"Chicken, whole pieces",,226,22.51,0.12,15.08,0,0.12,335,226.2,1.001,2022-10-28
2706028,24150220,"Chicken thigh, NS as to cooking method, skin not eaten",2202,"Chicken, whole pieces",,193,24.09,0,10.74,0,0,335,193.0,1.000,2022-10-28
2706035,24152300,"Chicken thigh, rotisserie, skin eaten",2202,"Chicken, whole pieces",,226,22.51,0.12,15.08,0,0.12,335,226.2,1.001,2022-10-28
2706036,24152301,"Chicken thigh, rotisserie, skin not eaten",2202,"Chicken, whole pieces",,193,24.09,0,10.74,0,0,335,193.0,1.000,2022-10-28
2706043,24154300,"Chicken thigh, sauteed, skin eaten",2202,"Chicken, whole pieces",,243,22.61,0,16.29,0,0,406,237.0,0.976,2022-10-28
2706044,24154301,"Chicken thigh, sauteed, skin not eaten",2202,"Chicken, whole pieces",,192,24.07,0,9.91,0,0,410,185.5,0.966,2022-10-28
2706037,24153210,"Chicken thigh, stewed, skin eaten",2202,"Chicken, whole pieces",,227,22.39,0,15.31,0,0,383,227.3,1.002,2022-10-28
2706038,24153220,"Chicken thigh, stewed, skin not eaten",2202,"Chicken, whole pieces",,175,24.36,0,8.56,0,0,384,174.5,0.997,2022-10-28
2706059,24162150,"Chicken wing, baked or broiled, from fast food / restaurant",2202,"Chicken, whole pieces",,264,23.08,0,18.35,0,0,478,257.5,0.975,2022-10-28
2706058,24162140,"Chicken wing, baked or broiled, from pre-cooked",2202,"Chicken, whole pieces",,257,23.42,0.6,18.04,0,0.6,579,258.4,1.006,2022-10-28
2706057,24162130,"Chicken wing, baked, broiled, or roasted, from raw",2202,"Chicken, whole pieces",baked,252,23.6,0,16.74,0,0,404,245.1,0.972,2022-10-28
2706069,24167300,"Chicken wing, baked, coated",2202,"Chicken, whole pieces",baked,260,21.42,3.98,16.87,0.2,0.07,417,253.4,0.975,2022-10-28
2706067,24167220,"Chicken wing, fried, coated, from fast food",2202,"Chicken, whole pieces",fried,323,17.77,15,21.28,0.3,0.1,843,322.6,0.999,2022-10-28
2706066,24167210,"Chicken wing, fried, coated, from pre-cooked",2202,"Chicken, whole pieces",fried,294,18.62,7.15,20.59,0.3,0.12,461,288.4,0.981,2022-10-28
2706065,24167200,"Chicken wing, fried, coated, from raw",2202,"Chicken, whole pieces",fried,289,19.39,5.96,20.24,0.2,0.1,419,283.6,0.981,2022-10-28
2706068,24167230,"Chicken wing, fried, coated, from restaurant",2202,"Chicken, whole pieces",fried,323,17.77,15,21.28,0.3,0.1,843,322.6,0.999,2022-10-28
2706063,24164010,"Chicken wing, grilled with sauce",2202,"Chicken, whole pieces",,250,19.03,7.28,15.49,0.2,5.94,568,244.7,0.979,2022-10-28
2706062,24164000,"Chicken wing, grilled without sauce",2202,"Chicken, whole pieces",,265,23.13,0,18.39,0,0,402,258.0,0.974,2022-10-28
2706056,24160110,"Chicken wing, NS as to cooking method",2202,"Chicken, whole pieces",,257,23.42,0.6,18.04,0,0.6,579,258.4,1.006,2022-10-28
2706060,24162200,"Chicken wing, rotisserie",2202,"Chicken, whole pieces",,257,23.42,0.6,18.04,0,0.6,579,258.4,1.006,2022-10-28
2706064,24164200,"Chicken wing, sauteed",2202,"Chicken, whole pieces",,265,23.13,0,18.39,0,0,402,258.0,0.974,2022-10-28
2706061,24163110,"Chicken wing, stewed",2202,"Chicken, whole pieces",,247,22.6,0,16.69,0,0,374,240.6,0.974,2022-10-28
2706428,27142000,Chicken with gravy,3004,Poultry mixed dishes,,129,18.88,1.58,5.21,0,0.09,526,128.7,0.998,2022-10-28
2706439,27146160,Chicken with mole sauce,3004,Poultry mixed dishes,,137,18.97,3.22,5.58,0.3,2.12,542,139.0,1.014,2022-10-28
2707113,28143080,"Chicken with noodles and cheese sauce, diet frozen meal",3004,Poultry mixed dishes,,114,10.07,11.66,2.86,0.7,0.31,171,112.7,0.988,2022-10-28
2707110,28141250,"Chicken with rice and vegetable, diet frozen meal",3004,Poultry mixed dishes,,111,9.81,10.99,3.03,0.8,1.86,410,110.5,0.995,2022-10-28
2706081,24170200,"Chicken, back",2202,"Chicken, whole pieces",,298,25.73,0,20.8,0,0,409,290.1,0.974,2022-10-28
2706086,24198570,"Chicken, canned, meat only",2202,"Chicken, whole pieces",,185,25.3,0.9,8.1,0,0,482,177.7,0.961,2022-10-28
2706087,24198670,"Chicken, chicken roll, roasted",2202,"Chicken, whole pieces",roasted,164,26.68,0,6.33,0,0,499,163.7,0.998,2022-10-28
2710242,89901006,"Chicken, for use with vegetables",9999,Not included in a food category,,164,26.79,0,6.36,0,0,345,164.4,1.002,2022-10-28
2707108,28141010,"Chicken, fried, with potatoes, vegetable, dessert, frozen meal, large meat portion",3004,Poultry mixed dishes,fried,201,10.88,18.05,9.93,1.3,6.03,551,205.1,1.020,2022-10-28
2707106,28140710,"Chicken, fried, with potatoes, vegetable, frozen meal",3004,Poultry mixed dishes,fried,157,10.26,10.63,8.13,1.7,1.29,669,156.7,0.998,2022-10-28
2706091,24198720,"Chicken, ground",2202,"Chicken, whole pieces",,201,27.14,0,10.31,0,0,400,201.4,1.002,2022-10-28
2707469,41810610,"Chicken, meatless, breaded, fried",2806,Soy and meat-alternative products,fried,234,21.28,8.51,12.77,4.3,0,400,234.1,1.000,2022-10-28
2707468,41810600,"Chicken, meatless, NFS",2806,Soy and meat-alternative products,,224,23.64,3.64,12.73,3.6,0,709,223.7,0.999,2022-10-28
2706082,24180200,"Chicken, neck or ribs",2202,"Chicken, whole pieces",,245,19.45,0,17.95,0,0,374,239.3,0.977,2022-10-28
2705929,24100000,"Chicken, NS as to part and cooking method, NS as to skin eaten",2202,"Chicken, whole pieces",,164,26.79,0,6.36,0,0,345,164.4,1.002,2022-10-28
2705930,24100010,"Chicken, NS as to part and cooking method, skin eaten",2202,"Chicken, whole pieces",,196,25.07,0.1,10.65,0,0.1,343,196.5,1.003,2022-10-28
2705931,24100020,"Chicken, NS as to part and cooking method, skin not eaten",2202,"Chicken, whole pieces",,164,26.79,0,6.36,0,0,345,164.4,1.002,2022-10-28
2705932,24102000,"Chicken, NS as to part, baked, broiled, or roasted, NS as to skin eaten",2202,"Chicken, whole pieces",baked,165,27.32,0,5.32,0,0,353,157.2,0.952,2022-10-28
2705933,24102010,"Chicken, NS as to part, baked, broiled, or roasted, skin eaten",2202,"Chicken, whole pieces",baked,203,24.7,0,10.8,0,0,338,196.0,0.966,2022-10-28
2705934,24102020,"Chicken, NS as to part, baked, broiled, or roasted, skin not eaten",2202,"Chicken, whole pieces",baked,165,27.32,0,5.32,0,0,353,157.2,0.952,2022-10-28
2705951,24107080,"Chicken, NS as to part, baked, coated, skin / coating eaten",2202,"Chicken, whole pieces",baked,251,21.75,7.14,15.02,0.2,0,671,250.7,0.999,2022-10-28
2705952,24107081,"Chicken, NS as to part, baked, coated, skin / coating not eaten",2202,"Chicken, whole pieces",baked,164,26.18,0.07,6.58,0,0,528,164.2,1.001,2022-10-28
2705949,24107070,"Chicken, NS as to part, fried, coated, skin / coating eaten",2202,"Chicken, whole pieces",fried,251,21.75,7.14,15.02,0.2,0,671,250.7,0.999,2022-10-28
2705950,24107071,"Chicken, NS as to part, fried, coated, skin / coating not eaten",2202,"Chicken, whole pieces",fried,164,26.18,0.07,6.58,0,0,528,164.2,1.001,2022-10-28
2705944,24103070,"Chicken, NS as to part, grilled with sauce, NS as to skin eaten",2202,"Chicken, whole pieces",,180,21.98,7.31,6.36,0.2,5.96,527,174.4,0.969,2022-10-28
2705945,24103075,"Chicken, NS as to part, grilled with sauce, skin eaten",2202,"Chicken, whole pieces",,211,19.89,7.31,10.74,0.2,5.96,516,205.5,0.974,2022-10-28
2705946,24103080,"Chicken, NS as to part, grilled with sauce, skin not eaten",2202,"Chicken, whole pieces",,180,21.98,7.31,6.36,0.2,5.96,527,174.4,0.969,2022-10-28
2705941,24103050,"Chicken, NS as to part, grilled without sauce, NS as to skin eaten",2202,"Chicken, whole pieces",,179,26.74,0,7.2,0,0,386,171.8,0.960,2022-10-28
2705942,24103055,"Chicken, NS as to part, grilled without sauce, skin eaten",2202,"Chicken, whole pieces",,217,24.19,0,12.57,0,0,372,209.9,0.967,2022-10-28
2705943,24103060,"Chicken, NS as to part, grilled without sauce, skin not eaten",2202,"Chicken, whole pieces",,179,26.74,0,7.2,0,0,386,171.8,0.960,2022-10-28
2705935,24102050,"Chicken, NS as to part, rotisserie, NS as to skin eaten",2202,"Chicken, whole pieces",,164,26.79,0,6.36,0,0,345,164.4,1.002,2022-10-28
2705936,24102060,"Chicken, NS as to part, rotisserie, skin eaten",2202,"Chicken, whole pieces",,196,25.07,0.1,10.65,0,0.1,343,196.5,1.003,2022-10-28
2705937,24102070,"Chicken, NS as to part, rotisserie, skin not eaten",2202,"Chicken, whole pieces",,164,26.79,0,6.36,0,0,345,164.4,1.002,2022-10-28
2705947,24104049,"Chicken, NS as to part, sauteed, skin eaten",2202,"Chicken, whole pieces",,217,24.19,0,12.57,0,0,372,209.9,0.967,2022-10-28
2705948,24104051,"Chicken, NS as to part, sauteed, skin not eaten",2202,"Chicken, whole pieces",,179,26.74,0,7.2,0,0,386,171.8,0.960,2022-10-28
2705938,24103000,"Chicken, NS as to part, stewed, NS as to skin eaten",2202,"Chicken, whole pieces",,156,26.03,0,5.38,0,0,366,152.5,0.978,2022-10-28
2705939,24103010,"Chicken, NS as to part, stewed, skin eaten",2202,"Chicken, whole pieces",,196,23.58,0,10.86,0,0,356,192.1,0.980,2022-10-28
2705940,24103020,"Chicken, NS as to part, stewed, skin not eaten",2202,"Chicken, whole pieces",,156,26.03,0,5.38,0,0,366,152.5,0.978,2022-10-28
2706208,25230320,"Chicken, prepackaged or deli, luncheon meat",2602,Cold cuts and cured meats,,98,17.4,2.92,1.86,0,0.75,1032,98.0,1.000,2022-10-28
2706209,25230340,"Chicken, prepackaged or deli, luncheon meat, reduced sodium",2602,Cold cuts and cured meats,,98,17.4,2.92,1.86,0,0.75,774,98.0,1.000,2022-10-28
2706083,24198340,"Chicken, tail",2202,"Chicken, whole pieces",,454,20.36,0,40.68,0,0,65,447.6,0.986,2022-10-28
2707417,41302040,"Chickpeas, from canned, fat added",2802,"Beans, peas, legumes",,197,7.88,21.61,9.35,7,4.15,315,202.1,1.026,2022-10-28
2707418,41302080,"Chickpeas, from canned, no added fat",2802,"Beans, peas, legumes",,146,8.19,22.45,3.24,7.3,4.31,327,151.7,1.039,2022-10-28
2707419,41302110,"Chickpeas, from canned, reduced sodium",2802,"Beans, peas, legumes",,197,7.89,21.64,9.37,7.1,4.16,212,202.4,1.028,2022-10-28
2707415,41302010,"Chickpeas, from dried, fat added",2802,"Beans, peas, legumes",,211,8.23,25.48,8.91,7.1,4.46,222,215.0,1.019,2022-10-28
2707416,41302020,"Chickpeas, from dried, no added fat",2802,"Beans, peas, legumes",,163,8.81,27.26,2.58,7.6,4.77,238,167.5,1.028,2022-10-28
2707414,41301990,"Chickpeas, NFS",2802,"Beans, peas, legumes",,211,8.23,25.48,8.91,7.1,4.46,222,215.0,1.019,2022-10-28
2710487,92202010,Chicory beverage,7302,Coffee,,7,0.22,1.42,0,0,0,4,6.6,0.937,2022-10-28
2708505,58100360,Chilaquiles,3506,Other Mexican mixed dishes,,195,10.63,14.9,10.67,2.1,1.12,366,198.2,1.016,2022-10-28
2710043,75410500,"Chiles rellenos, cheese-filled",3506,Other Mexican mixed dishes,,228,7.84,10.38,17.2,0.7,1.5,445,227.7,0.999,2022-10-28
2710044,75410530,"Chiles rellenos, filled with meat and cheese",3506,Other Mexican mixed dishes,,230,9.01,9.72,17.15,0.7,1.4,421,229.3,0.997,2022-10-28
2707081,27564460,"Chili hot dog sandwich, on wheat bread",3703,Frankfurter sandwiches,,215,10.29,14.7,12.79,2.4,2.11,551,215.1,1.000,2022-10-28
2707079,27564441,"Chili hot dog sandwich, on wheat bun",3703,Frankfurter sandwiches,,219,10.39,17.48,11.99,2.7,2.39,541,219.4,1.002,2022-10-28
2707080,27564450,"Chili hot dog sandwich, on white bread",3703,Frankfurter sandwiches,,215,9.89,15.45,12.71,1.8,2.14,553,215.8,1.003,2022-10-28
2707078,27564440,"Chili hot dog sandwich, on white bun",3703,Frankfurter sandwiches,,223,9.94,18.75,11.98,1.7,2.96,556,222.6,0.998,2022-10-28
2706409,27120210,"Chili hot dog, no bun",3002,Meat mixed dishes,,202,10.01,7.09,14.98,1.7,1.35,579,203.2,1.006,2022-10-28
2706426,27141505,Chili with chicken,3004,Poultry mixed dishes,,100,14.11,2.41,3.71,0.5,1.37,359,99.5,0.995,2022-10-28
2706425,27141500,Chili with chicken and beans,3004,Poultry mixed dishes,,99,10.2,10.25,2.08,3,1.48,341,100.5,1.015,2022-10-28
2706483,27212120,Chili with macaroni,3002,Meat mixed dishes,,126,8.99,14.35,3.65,2.8,1.3,311,126.2,1.002,2022-10-28
2706377,27111420,Chili with meat,3002,Meat mixed dishes,,139,13.32,2.41,8.22,0.5,1.37,357,136.9,0.985,2022-10-28
2706375,27111406,Chili with meat and beans,3002,Meat mixed dishes,,118,9.8,10.25,4.33,3,1.48,340,119.2,1.010,2022-10-28
2706376,27111407,"Chili with meat, canned",3002,Meat mixed dishes,,106,8.5,10.82,3.38,3.2,1.43,357,107.7,1.016,2022-10-28
2706374,27111405,"Chili with meat, from restaurant",3002,Meat mixed dishes,,160,12.04,6.68,9.35,1.9,1.39,413,159.0,0.994,2022-10-28
2706373,27111400,"Chili, NFS",3002,Meat mixed dishes,,118,9.8,10.25,4.33,3,1.48,340,119.2,1.010,2022-10-28
2707411,41221020,"Chili, vegetarian",3102,"Bean, pea, legume dishes",,119,6.28,18.89,2.42,6,1.57,316,122.5,1.029,2022-10-28
2706427,27141510,"Chili, white",3004,Poultry mixed dishes,,95,9.92,9.68,1.91,2.4,0.97,324,95.6,1.006,2022-10-28
2706947,27510705,"Chiliburger, with or without cheese, on bun",3702,Burgers,,232,14.76,17.67,11.01,1.5,2.52,356,228.8,0.986,2022-10-28
2708589,58104530,"Chimichanga, chicken",3506,Other Mexican mixed dishes,,304,12.5,25.76,16.42,1.8,1.96,414,300.8,0.990,2022-10-28
2708587,58104500,"Chimichanga, meat",3506,Other Mexican mixed dishes,,324,12.08,25.76,18.8,1.8,1.96,413,320.6,0.989,2022-10-28
2708588,58104520,"Chimichanga, with beans",3506,Other Mexican mixed dishes,,260,7.36,26.81,13.78,4.4,1.54,409,260.7,1.003,2022-10-28
2708343,55501000,Chinese pancake,4404,"Pancakes, waffles, French toast",,207,4.05,45.38,0.38,0.7,0.07,5,201.1,0.972,2022-10-28
2705620,12350205,"Chipotle dip, light",8412,"Dips, gravies, other sauces",,195,1.82,13.2,15.15,0,7.36,598,196.4,1.007,2022-10-28
2705619,12350200,"Chipotle dip, regular",8412,"Dips, gravies, other sauces",,426,1.99,3.15,45.08,0,2.04,708,426.3,1.001,2022-10-28
2705444,11440010,"Chipotle dip, yogurt based",8412,"Dips, gravies, other sauces",,189,7.93,3.33,15.99,0,2.97,636,188.9,1.000,2022-10-28
2708161,54318000,"Chips, rice",5004,"Tortilla, corn, other chips",,384,8.2,81.5,2.8,4.2,0.6,326,384.0,1.000,2022-10-28
2706163,25170210,Chitterlings,2010,Liver and organ meats,,231,12.39,0,20.16,0,0,325,231.0,1.000,2022-10-28
2709781,75109500,"Chives, raw",9999,Not included in a food category,raw,30,3.27,4.35,0.73,2.5,1.85,3,37.0,1.235,2022-10-28
2705588,11830160,"Chocolate beverage powder, dry mix, not reconstituted",9999,Not included in a food category,,400,4.55,90.28,2.27,4.5,81.82,136,399.8,0.999,2022-10-28
2705589,11830165,"Chocolate beverage powder, light, dry mix, not reconstituted",9999,Not included in a food category,,350,9.09,68.31,4.5,9.1,27.27,500,350.1,1.000,2022-10-28
2710328,91705010,Chocolate candy,5702,Candy containing chocolate,,535,7.65,59.4,29.66,3.4,51.5,79,535.1,1.000,2022-10-28
2710331,91705020,Chocolate candy with cereal,5702,Candy containing chocolate,,511,7.64,59.67,29.37,3.3,51.06,86,533.6,1.044,2022-10-28
2710348,91705550,Chocolate candy with dried fruit,5702,Candy containing chocolate,,390,4.1,68.4,14.8,3.1,62.22,36,423.2,1.085,2022-10-28
2710330,91705015,Chocolate candy with nuts,5702,Candy containing chocolate,,545,10.99,51.77,33.66,4.4,42.18,64,554.0,1.016,2022-10-28
2710329,91705012,"Chocolate candy with nuts, other, NFS",5702,Candy containing chocolate,,545,10.99,51.77,33.66,4.4,42.18,64,554.0,1.016,2022-10-28
2710365,91746100,"Chocolate candy, candy shell",5702,Candy containing chocolate,,492,4.33,71.19,21.13,2.8,63.68,61,492.2,1.001,2022-10-28
2710366,91746110,"Chocolate candy, candy shell with nuts",5702,Candy containing chocolate,,506,11.02,60.17,25.45,3.4,52,122,513.8,1.015,2022-10-28
2710341,91705450,"Chocolate candy, caramel filled",5702,Candy containing chocolate,,474,6.43,66.44,21.04,2,57.1,145,480.8,1.014,2022-10-28
2710342,91705460,"Chocolate candy, caramel filled with nuts",5702,Candy containing chocolate,,484,7.42,63.65,23.11,2.5,54.07,133,492.3,1.017,2022-10-28
2710343,91705470,"Chocolate candy, coconut filled",5702,Candy containing chocolate,,500,5.44,56.94,27.82,4.1,44.1,138,499.9,1.000,2022-10-28
2710332,91705080,"Chocolate candy, cookie filled",5702,Candy containing chocolate,,510,5.71,64.69,25.42,1,48.46,126,510.4,1.001,2022-10-28
2710344,91705480,"Chocolate candy, cream filled",5702,Candy containing chocolate,,366,2.2,80.4,9.3,2.1,71.42,26,414.1,1.131,2022-10-28
2710340,91705440,"Chocolate candy, fudge",5702,Candy containing chocolate,,396,1.72,79.42,7.93,0.8,76.44,46,395.9,1.000,2022-10-28
2710345,91705510,"Chocolate candy, nougat filled",5702,Candy containing chocolate,,446,3.3,74.47,14.99,1.2,63.29,180,446.0,1.000,2022-10-28
2710346,91705520,"Chocolate candy, nougat filled with nuts",5702,Candy containing chocolate,,483,6.46,63.16,22.72,2.2,52.24,234,483.0,1.000,2022-10-28
2710327,91705005,"Chocolate candy, other, NFS",5702,Candy containing chocolate,,535,7.65,59.4,29.66,3.4,51.5,79,535.1,1.000,2022-10-28
2710347,91705530,"Chocolate candy, peanut butter filled",5702,Candy containing chocolate,,487,7.82,64.13,24.72,2.8,46.54,294,510.3,1.048,2022-10-28
2710349,91706010,"Chocolate candy, sugar free",5702,Candy containing chocolate,,590,12.39,37.68,43.27,3.5,14.63,111,589.7,1.000,2022-10-28
2710333,91705200,Chocolate chips,5702,Candy containing chocolate,,480,4.2,63.9,30,5.9,54.5,11,542.4,1.130,2022-10-28
2710294,91306030,Chocolate dip,8806,"Jams, syrups, toppings",,393,3.33,65.31,13.22,2,45.5,289,393.5,1.001,2022-10-28
2710289,91304090,Chocolate hazelnut spread,8806,"Jams, syrups, toppings",,539,5.41,62.36,29.73,5.4,54.05,41,538.6,0.999,2022-10-28
2705517,11560000,Chocolate milk drink,1402,Milk shakes and other dairy drinks,,49,0.64,10.68,0.4,0.6,8.68,91,48.9,0.998,2022-10-28
2705469,11511300,"Chocolate milk, fat free (skim)",1208,"Flavored milk, nonfat",,67,3.39,13.46,0,0,8.39,79,67.4,1.006,2022-10-28
2705470,11511400,"Chocolate milk, low fat (1%)",1206,"Flavored milk, lowfat",,64,3.46,10.15,1.11,0.1,9.94,65,64.4,1.007,2022-10-28
2705478,11513385,"Chocolate milk, Nesquik, made with non-dairy milk",1902,Plant-based milk,,54,1.35,8.41,1.64,0.4,6.94,56,53.8,0.996,2022-10-28
2705477,11513380,"Chocolate milk, Nesquik, NS as to type of milk",1204,"Flavored milk, reduced fat",,74,3.41,10.09,2.15,0.3,9.62,45,73.3,0.991,2022-10-28
2705466,11511000,"Chocolate milk, NFS",1206,"Flavored milk, lowfat",,65,3.44,10.98,0.83,0.1,9.55,68,65.2,1.002,2022-10-28
2705468,11511200,"Chocolate milk, reduced fat (2%)",1204,"Flavored milk, reduced fat",,76,2.99,12.13,1.9,0.7,9.55,66,77.6,1.021,2022-10-28
2705482,11513804,"Chocolate milk, reduced sugar, fat free (skim)",1208,"Flavored milk, nonfat",,49,3.18,8.64,0.19,0,8,48,49.0,1.000,2022-10-28
2705481,11513803,"Chocolate milk, reduced sugar, low fat (1%)",1206,"Flavored milk, lowfat",,57,3.13,8.87,0.95,0,7.92,47,56.5,0.992,2022-10-28
2705471,11511550,"Chocolate milk, reduced sugar, NFS",1206,"Flavored milk, lowfat",,65,3.09,8.56,1.99,0,7.85,46,64.5,0.992,2022-10-28
2705480,11513802,"Chocolate milk, reduced sugar, reduced fat (2%)",1204,"Flavored milk, reduced fat",,63,3.11,8.62,1.78,0,7.86,47,62.9,0.999,2022-10-28
2705479,11513801,"Chocolate milk, reduced sugar, whole",1202,"Flavored milk, whole",,73,3.04,8.38,2.92,0,7.79,46,72.0,0.986,2022-10-28
2705467,11511100,"Chocolate milk, whole",1202,"Flavored milk, whole",,83,3.17,10.34,3.39,0.8,9.54,60,84.5,1.019,2022-10-28
2710276,91301080,Chocolate syrup,8806,"Jams, syrups, toppings",,269,0,67.21,0,0,60,150,268.8,0.999,2022-10-28
2710277,91301081,"Chocolate syrup, light",8806,"Jams, syrups, toppings",,153,1.4,34.56,0.97,0,28.57,100,152.6,0.997,2022-10-28
2706179,25220710,Chorizo,2608,Sausages,,341,19.3,2.63,28.1,0,0,983,340.6,0.999,2022-10-28
2708796,58135110,Chow fun noodles with meat and vegetables,3402,Fried rice and lo/chow mein,,102,7.09,11.51,2.74,0.9,1.1,162,99.1,0.971,2022-10-28
2708797,58135120,"Chow fun noodles with vegetables, meatless",3402,Fried rice and lo/chow mein,,74,1.56,14.46,0.97,1.1,1.39,189,72.8,0.984,2022-10-28
2710064,75439500,"Chow mein or chop suey, meatless, no noodles",3404,Stir-fry and soy-based sauce mixtures,,43,1.34,5.74,1.68,1.2,2.63,344,43.4,1.010,2022-10-28
2710069,75460900,"Chow mein or chop suey, meatless, with noodles",3402,Fried rice and lo/chow mein,,117,2.98,15.72,5.05,2.1,2.18,434,120.2,1.028,2022-10-28
2706872,27460010,"Chow mein or chop suey, NS as to type of meat, no noodles",3402,Fried rice and lo/chow mein,,83,9.78,3.84,3.23,0.8,1.76,344,83.5,1.007,2022-10-28
2706722,27360080,"Chow mein or chop suey, NS as to type of meat, with noodles",3402,Fried rice and lo/chow mein,,131,9.91,11.15,5.43,1.5,1.54,408,133.1,1.016,2022-10-28
2706724,27360120,"Chow mein or chop suey, various types of meat, with noodles",3402,Fried rice and lo/chow mein,,134,10.36,11.16,5.57,1.5,1.54,354,136.2,1.016,2022-10-28
2709908,75215511,"Christophine, cooked",6420,Other vegetables and combinations,,44,0.86,4.7,2.87,1.8,1.73,132,48.1,1.093,2022-10-28
2708070,53520200,Churros,5506,"Doughnuts, sweet rolls, pastries",,419,6.05,48.87,22.21,2.6,23.38,309,419.6,1.001,2022-10-28
2709309,63409020,Chutney,8406,Mustard and other condiments,,246,0.33,60.6,0.06,1,42.68,802,244.3,0.993,2022-10-28
2709782,75109550,"Cilantro, raw",9999,Not included in a food category,raw,23,2.13,3.67,0.52,2.8,0.87,46,27.9,1.212,2022-10-28
2706561,27250210,Clam cake or patty,3006,Seafood mixed dishes,,246,19.02,6.79,15.35,0.2,0.49,408,241.4,0.981,2022-10-28
2706564,27250270,Clams Casino,3006,Seafood mixed dishes,,162,11.8,10.3,7.9,1,1.8,454,159.5,0.985,2022-10-28
2706340,26303120,"Clams, baked or broiled",2404,Shellfish,,148,18.23,4.44,5.73,0,0.01,285,142.2,0.961,2022-10-28
2706343,26303180,"Clams, canned",2404,Shellfish,,108,18.34,4.46,1.2,0,0,70,102.0,0.944,2022-10-28
2706341,26303140,"Clams, fried",2404,Shellfish,fried,230,13.07,14.43,12.9,0.5,0.2,386,226.1,0.983,2022-10-28
2706339,26303110,"Clams, NFS",2404,Shellfish,,143,16.14,6.74,5.2,0.1,0.05,199,138.3,0.967,2022-10-28
2706338,26303100,"Clams, raw",2404,Shellfish,raw,86,14.67,3.57,0.96,0,0,56,81.6,0.949,2022-10-28
2706342,26303160,"Clams, steamed or boiled",2404,Shellfish,,109,18.57,4.52,1.22,0,0,71,103.3,0.948,2022-10-28
2710021,75311031,"Classic mixed vegetables, canned, cooked with butter or margarine",6420,Other vegetables and combinations,,64,2.07,8.59,2.83,2.5,2.73,260,68.1,1.064,2022-10-28
2710020,75311030,"Classic mixed vegetables, canned, cooked with oil",6420,Other vegetables and combinations,,71,2.05,8.58,3.54,2.5,2.72,243,74.4,1.048,2022-10-28
2710017,75311023,"Classic mixed vegetables, canned, cooked, fat added, NS as to fat type",6420,Other vegetables and combinations,,68,2.06,8.59,3.18,2.5,2.72,252,71.2,1.047,2022-10-28
2710014,75311013,"Classic mixed vegetables, canned, cooked, no added fat",6420,Other vegetables and combinations,,46,2.11,8.84,0.65,2.6,2.8,250,49.6,1.079,2022-10-28
2710025,75311122,"Classic mixed vegetables, canned, reduced sodium, cooked with butter or margarine",6420,Other vegetables and combinations,,64,1.91,8.94,2.81,2.3,2.85,33,68.7,1.073,2022-10-28
2710024,75311121,"Classic mixed vegetables, canned, reduced sodium, cooked with oil",6420,Other vegetables and combinations,,71,1.89,8.93,3.59,2.3,2.84,15,75.6,1.065,2022-10-28
2710023,75311120,"Classic mixed vegetables, canned, reduced sodium, cooked, fat added, NS as to fat type",6420,Other vegetables and combinations,,68,1.9,8.93,3.2,2.3,2.85,24,72.1,1.061,2022-10-28
2710022,75311110,"Classic mixed vegetables, canned, reduced sodium, cooked, no added fat",6420,Other vegetables and combinations,,44,1.95,9.19,0.45,2.4,2.93,15,48.6,1.105,2022-10-28
2710012,75310990,"Classic mixed vegetables, cooked, from restaurant",6420,Other vegetables and combinations,,100,2.84,12.37,4.74,3.4,4.64,227,103.5,1.035,2022-10-28
2710019,75311028,"Classic mixed vegetables, frozen, cooked with butter or margarine",6420,Other vegetables and combinations,,83,2.78,12.68,2.33,4.3,3.03,163,82.8,0.998,2022-10-28
2710018,75311027,"Classic mixed vegetables, frozen, cooked with oil",6420,Other vegetables and combinations,,89,2.77,12.67,3.05,4.3,3.02,146,89.2,1.002,2022-10-28
2710016,75311022,"Classic mixed vegetables, frozen, cooked, fat added, NS as to fat type",6420,Other vegetables and combinations,,86,2.78,12.68,2.69,4.3,3.02,155,86.0,1.001,2022-10-28
2710013,75311012,"Classic mixed vegetables, frozen, cooked, no added fat",6420,Other vegetables and combinations,,65,2.85,13.05,0.15,4.4,3.11,151,65.0,0.999,2022-10-28
2710015,75311020,"Classic mixed vegetables, NS as to form, cooked",6420,Other vegetables and combinations,,86,2.78,12.68,2.69,4.3,3.02,155,86.0,1.001,2022-10-28
2709164,61100600,"Clementine, raw",6012,Citrus fruits,raw,53,0.81,13.34,0.31,1.8,10.58,2,59.4,1.121,2022-10-28
2706995,27540125,Club sandwich on wheat,3740,Deli and cured meat sandwiches,,220,15.98,21.38,7.65,2.4,2.56,765,218.3,0.992,2022-10-28
2706996,27540126,"Club sandwich on wheat, with cheese",3740,Deli and cured meat sandwiches,,239,16.58,19.13,10.5,2.1,2.59,798,237.3,0.993,2022-10-28
2706993,27540123,Club sandwich on white,3740,Deli and cured meat sandwiches,,222,15.08,23.09,7.48,1,2.62,769,220.0,0.991,2022-10-28
2706994,27540124,"Club sandwich on white, with cheese",3740,Deli and cured meat sandwiches,,241,15.81,20.62,10.35,0.9,2.64,802,238.9,0.991,2022-10-28
2706997,27540127,"Club sandwich or sub, restaurant",3740,Deli and cured meat sandwiches,,234,15.99,18.43,10.55,0.8,2.47,814,232.6,0.994,2022-10-28
2709832,75148010,"Cobb salad, no dressing",3104,Vegetable dishes,,93,11.32,2.65,4.33,1.2,1.1,159,94.8,1.020,2022-10-28
2708019,53410100,"Cobbler, apple",5502,Cakes and pies,,217,2.05,33.56,8.66,1.6,16.87,180,220.4,1.016,2022-10-28
2708020,53410300,"Cobbler, berry",5502,Cakes and pies,,231,2.66,36.2,8.86,4,17.63,179,235.2,1.018,2022-10-28
2708021,53410500,"Cobbler, cherry",5502,Cakes and pies,,237,2.37,38.07,8.69,1.8,21.68,179,240.0,1.013,2022-10-28
2708022,53410800,"Cobbler, peach",5502,Cakes and pies,,217,2.22,32.98,8.66,1.7,16.57,182,218.7,1.008,2022-10-28
2709753,74406500,Cocktail sauce,8402,Tomato-based condiments,,128,1.36,28.22,1.05,1.8,11.83,1262,127.8,0.998,2022-10-28
2710626,93301000,"Cocktail, NFS",7506,Liquor and cocktails,,89,0,7.8,0.19,0,7.48,3,32.9,0.370,2022-10-28
2705587,11830150,"Cocoa powder, not reconstituted",9999,Not included in a food category,,228,19.6,57.9,13.7,37,1.75,21,433.3,1.900,2022-10-28
2707571,42402010,"Coconut cream, canned, sweetened",1902,Plant-based milk,,357,1.17,53.21,16.31,0.2,51.5,36,364.3,1.020,2022-10-28
2705413,11370000,Coconut milk,1902,Plant-based milk,,31,0.21,2.92,2.08,0,2.5,19,31.2,1.008,2022-10-28
2707568,42401010,"Coconut milk, used in cooking",1902,Plant-based milk,,230,2.29,5.54,23.84,2.2,3.34,15,245.9,1.069,2022-10-28
2710182,82101500,Coconut oil,8012,Salad dressings and vegetable oils,,895,0,0.84,99.1,0,0,0,895.3,1.000,2022-10-28
2707573,42404010,"Coconut water, sweetened",7204,Fruit drinks,,37,0.21,9.07,0.02,0,8.78,25,37.3,1.008,2022-10-28
2707572,42403010,"Coconut water, unsweetened",7204,Fruit drinks,,18,0.22,4.24,0,0,3.92,26,17.8,0.991,2022-10-28
2707500,42106000,"Coconut, fresh",2804,Nuts and seeds,raw,354,3.33,15.23,33.49,9,6.23,20,375.7,1.061,2022-10-28
2707501,42106020,"Coconut, packaged",2804,Nuts and seeds,,456,3.13,51.85,27.99,9.9,36.75,285,471.8,1.035,2022-10-28
2706871,27451070,"Codfish salad, Puerto Rican style, Serenata",3006,Seafood mixed dishes,,183,6.61,2.81,15.94,0.7,1.51,415,181.1,0.990,2022-10-28
2706719,27351010,"Codfish with starchy vegetables, Puerto Rican style",3006,Seafood mixed dishes,,135,3.53,18.46,5.43,2.7,2.93,54,136.8,1.014,2022-10-28
2710470,92152000,"Coffee and chicory, brewed",7302,Coffee,,1,0.12,0,0.02,0,0,2,0.7,0.660,2022-10-28
2710471,92152010,"Coffee and chicory, brewed, decaffeinated",7302,Coffee,,0,0.1,0,0,0,0,2,0.4,,2022-10-28
2708079,53610100,"Coffee cake, crumb or quick-bread type",5506,"Doughnuts, sweet rolls, pastries",,396,6.49,51.29,18.44,1.4,26.6,319,397.1,1.003,2022-10-28
2708081,53610200,"Coffee cake, crumb or quick-bread type, cheese-filled",5506,"Doughnuts, sweet rolls, pastries",,365,6.8,45.07,17.55,1.2,22.86,291,365.4,1.001,2022-10-28
2708080,53610170,"Coffee cake, crumb or quick-bread type, with fruit",5506,"Doughnuts, sweet rolls, pastries",,322,4.2,50.17,11.8,1.2,33.82,203,323.7,1.005,2022-10-28
2707677,51165000,"Coffee cake, yeast type",5506,"Doughnuts, sweet rolls, pastries",,372,6.2,50.9,16.4,2.4,31.73,304,376.0,1.011,2022-10-28
2705600,12210200,"Coffee creamer, liquid",8008,Cream and cream substitutes,,136,1,11.38,9.97,0,11.38,67,139.2,1.024,2022-10-28
2705602,12210260,"Coffee creamer, liquid, fat free",8008,Cream and cream substitutes,,71,0.8,9.1,3.5,0,9.1,60,71.1,1.001,2022-10-28
2705603,12210270,"Coffee creamer, liquid, fat free, flavored",8008,Cream and cream substitutes,,154,0.6,31.72,2.7,0,31.78,45,153.6,0.997,2022-10-28
2705604,12210280,"Coffee creamer, liquid, fat free, sugar free, flavored",8008,Cream and cream substitutes,,71,0.8,9.1,3.5,0,9.1,60,71.1,1.001,2022-10-28
2705601,12210210,"Coffee creamer, liquid, flavored",8008,Cream and cream substitutes,,251,0.69,35.07,13.5,1.1,33.04,67,264.5,1.054,2022-10-28
2705605,12210310,"Coffee creamer, liquid, sugar free, flavored",8008,Cream and cream substitutes,,71,0.8,9.1,3.5,0,9.1,60,71.1,1.001,2022-10-28
2705599,12200100,"Coffee creamer, NFS",8008,Cream and cream substitutes,,136,1,11.38,9.97,0,11.38,67,139.2,1.024,2022-10-28
2705606,12210400,"Coffee creamer, powder",8008,Cream and cream substitutes,,529,2.48,59.29,32.92,0,7.77,124,543.4,1.027,2022-10-28
2705608,12210430,"Coffee creamer, powder, fat free",8008,Cream and cream substitutes,,431,1.9,73.4,15.7,0,73.4,229,442.5,1.027,2022-10-28
2705607,12210420,"Coffee creamer, powder, flavored",8008,Cream and cream substitutes,,482,0.68,75.42,21.47,1.2,58.01,123,497.6,1.032,2022-10-28
2705610,12210520,"Coffee creamer, soy, liquid",8008,Cream and cream substitutes,,136,1,11.38,9.97,0,11.38,67,139.2,1.024,2022-10-28
2705609,12210505,"Coffee creamer,powder, sugar free, flavored",8008,Cream and cream substitutes,,529,2.48,59.29,32.92,0,7.77,124,543.4,1.027,2022-10-28
2710486,92201010,Coffee substitute,7302,Coffee,,6,0.1,1.3,0.04,0.4,0.08,5,6.0,0.993,2022-10-28
2710478,92171000,"Coffee, bottled/canned",7302,Coffee,,71,1.98,12.6,1.38,0,10.67,26,70.7,0.996,2022-10-28
2710479,92171010,"Coffee, bottled/canned, light",7302,Coffee,,35,1.27,5.91,0.7,0,5.91,15,35.0,1.001,2022-10-28
2710375,92101000,"Coffee, brewed",7302,Coffee,,1,0.12,0,0.02,0,0,2,0.7,0.660,2022-10-28
2710376,92101500,"Coffee, brewed, blend of regular and decaffeinated",7302,Coffee,,0,0.11,0,0.01,0,0,2,0.5,,2022-10-28
2710452,92111010,"Coffee, brewed, decaffeinated",7302,Coffee,,0,0.1,0,0,0,0,2,0.4,,2022-10-28
2710380,92101700,"Coffee, brewed, flavored",7302,Coffee,,1,0.12,0,0.02,0,0,2,0.7,0.660,2022-10-28
2710384,92101850,"Coffee, cafe con leche",7302,Coffee,,40,1.67,5.63,1.13,0,4.83,26,39.4,0.984,2022-10-28
2710385,92101851,"Coffee, cafe con leche, decaffeinated",7302,Coffee,,40,1.69,5.7,1.15,0,4.91,26,39.9,0.998,2022-10-28
2710410,92101950,"Coffee, Cafe Mocha",7302,Coffee,,64,2.56,10.22,1.47,0,9.3,46,64.4,1.005,2022-10-28
2710413,92101965,"Coffee, Cafe Mocha, decaffeinated",7302,Coffee,,64,2.56,10.23,1.47,0,9.3,46,64.4,1.006,2022-10-28
2710414,92101970,"Coffee, Cafe Mocha, decaffeinated, nonfat",7302,Coffee,,52,2.61,10.24,0.09,0,9.42,47,52.2,1.004,2022-10-28
2710415,92101975,"Coffee, Cafe Mocha, decaffeinated, with non-dairy milk",7302,Coffee,,50,0.88,8.8,1.24,0.1,7.12,54,49.9,0.998,2022-10-28
2710411,92101955,"Coffee, Cafe Mocha, nonfat",7302,Coffee,,52,2.6,10.2,0.09,0,9.37,47,52.0,1.000,2022-10-28
2710412,92101960,"Coffee, Cafe Mocha, with non-dairy milk",7302,Coffee,,50,0.88,8.76,1.24,0.1,7.08,54,49.7,0.994,2022-10-28
2710472,92161000,"Coffee, Cappuccino",7302,Coffee,,27,1.71,2.75,0.99,0,2.46,23,26.8,0.991,2022-10-28
2710475,92162000,"Coffee, Cappuccino, decaffeinated",7302,Coffee,,27,1.72,2.76,0.99,0,2.48,23,26.8,0.994,2022-10-28
2710476,92162001,"Coffee, Cappuccino, decaffeinated, nonfat",7302,Coffee,,19,1.75,2.77,0.07,0,2.56,24,18.7,0.985,2022-10-28
2710477,92162002,"Coffee, Cappuccino, decaffeinated, with non-dairy milk",7302,Coffee,,17,0.6,1.83,0.85,0.1,1.04,29,17.4,1.022,2022-10-28
2710473,92161001,"Coffee, Cappuccino, nonfat",7302,Coffee,,19,1.75,2.76,0.07,0,2.54,24,18.7,0.983,2022-10-28
2710474,92161002,"Coffee, Cappuccino, with non-dairy milk",7302,Coffee,,17,0.6,1.82,0.84,0.1,1.03,29,17.2,1.014,2022-10-28
2710381,92101800,"Coffee, Cuban",7302,Coffee,,34,0.11,7.84,0.19,0,6.28,13,33.5,0.986,2022-10-28
2710465,92130011,"Coffee, decaffeinated, pre-lightened",7302,Coffee,,14,0.15,1.89,0.71,0,0.17,7,14.6,1.039,2022-10-28
2710463,92130006,"Coffee, decaffeinated, pre-lightened and pre-sweetened with low calorie sweetener",7302,Coffee,,16,0.15,2.38,0.7,0,0.6,7,16.4,1.026,2022-10-28
2710461,92130001,"Coffee, decaffeinated, pre-lightened and pre-sweetened with sugar",7302,Coffee,,27,0.14,5.11,0.69,0,3.45,7,27.2,1.008,2022-10-28
2710469,92130031,"Coffee, decaffeinated, pre-sweetened with low calorie sweetener",7302,Coffee,,5,0.1,1.14,0,0,0.45,4,5.0,0.992,2022-10-28
2710467,92130021,"Coffee, decaffeinated, pre-sweetened with sugar",7302,Coffee,,16,0.09,3.97,0.01,0,3.36,4,16.3,1.021,2022-10-28
2710378,92101610,"Coffee, espresso",7302,Coffee,,9,0.12,1.67,0.18,0,0,14,8.8,0.976,2022-10-28
2710379,92101630,"Coffee, espresso, decaffeinated",7302,Coffee,,9,0.1,1.69,0.18,0,0,14,8.8,0.976,2022-10-28
2710443,92102600,"Coffee, Iced Cafe Mocha",7302,Coffee,,50,1.58,8.95,0.91,0,7.99,35,50.3,1.006,2022-10-28
2710446,92102610,"Coffee, Iced Cafe Mocha, decaffeinated",7302,Coffee,,51,1.59,8.99,0.92,0,8.03,36,50.6,0.992,2022-10-28
2710447,92102611,"Coffee, Iced Cafe Mocha, decaffeinated, nonfat",7302,Coffee,,43,1.62,9,0.06,0,8.11,37,43.0,1.000,2022-10-28
2710448,92102612,"Coffee, Iced Cafe Mocha, decaffeinated, with non-dairy milk",7302,Coffee,,42,0.55,8.1,0.78,0,6.69,41,41.6,0.991,2022-10-28
2710444,92102601,"Coffee, Iced Cafe Mocha, nonfat",7302,Coffee,,43,1.61,8.96,0.07,0,8.07,36,42.9,0.998,2022-10-28
2710445,92102602,"Coffee, Iced Cafe Mocha, with non-dairy milk",7302,Coffee,,42,0.55,8.07,0.78,0,6.65,41,41.5,0.988,2022-10-28
2710431,92102500,"Coffee, Iced Latte",7302,Coffee,,27,1.75,2.81,1.01,0,2.51,23,27.3,1.012,2022-10-28
2710437,92102510,"Coffee, Iced Latte, decaffeinated",7302,Coffee,,27,1.75,2.82,1.01,0,2.53,23,27.4,1.014,2022-10-28
2710440,92102513,"Coffee, Iced Latte, decaffeinated, flavored",7302,Coffee,,40,1.69,6.12,0.99,0,5.84,23,40.2,1.004,2022-10-28
2710438,92102511,"Coffee, Iced Latte, decaffeinated, nonfat",7302,Coffee,,19,1.79,2.83,0.07,0,2.61,25,19.1,1.006,2022-10-28
2710441,92102514,"Coffee, Iced Latte, decaffeinated, nonfat, flavored",7302,Coffee,,32,1.73,6.13,0.08,0,5.92,24,32.2,1.005,2022-10-28
2710439,92102512,"Coffee, Iced Latte, decaffeinated, with non-dairy milk",7302,Coffee,,18,0.61,1.86,0.86,0.1,1.05,30,17.6,0.979,2022-10-28
2710442,92102515,"Coffee, Iced Latte, decaffeinated, with non-dairy milk, flavored",7302,Coffee,,31,0.59,5.18,0.84,0.1,4.41,29,30.6,0.988,2022-10-28
2710434,92102503,"Coffee, Iced Latte, flavored",7302,Coffee,,40,1.69,6.09,0.98,0,5.81,23,39.9,0.998,2022-10-28
2710432,92102501,"Coffee, Iced Latte, nonfat",7302,Coffee,,19,1.78,2.82,0.07,0,2.6,24,19.0,1.002,2022-10-28
2710435,92102504,"Coffee, Iced Latte, nonfat, flavored",7302,Coffee,,32,1.72,6.1,0.08,0,5.89,24,32.0,1.000,2022-10-28
2710433,92102502,"Coffee, Iced Latte, with non-dairy milk",7302,Coffee,,24,1.36,2.83,0.79,0.1,1.88,28,23.9,0.995,2022-10-28
2710436,92102505,"Coffee, Iced Latte, with non-dairy milk, flavored",7302,Coffee,,31,0.59,5.16,0.84,0,4.39,28,30.6,0.986,2022-10-28
2710450,92104000,"Coffee, instant, 50% less caffeine, reconstituted",7302,Coffee,,3,0.12,0.61,0,0,0,4,2.9,0.973,2022-10-28
2710481,92191200,"Coffee, instant, decaffeinated, not reconstituted",9999,Not included in a food category,,351,11.6,76,0.2,0,0,23,352.2,1.003,2022-10-28
2710485,92193025,"Coffee, instant, decaffeinated, pre-lightened and pre-sweetened with low calorie sweetener, not reconstituted",9999,Not included in a food category,,457,4.22,68.16,20.14,0,17.26,81,470.8,1.030,2022-10-28
2710459,92121041,"Coffee, instant, decaffeinated, pre-lightened and pre-sweetened with low calorie sweetener, reconstituted",7302,Coffee,,16,0.15,2.38,0.7,0,0.6,7,16.4,1.026,2022-10-28
2710484,92193005,"Coffee, instant, decaffeinated, pre-lightened and pre-sweetened with sugar, not reconstituted",9999,Not included in a food category,,465,0,86.28,13.33,0,66.67,333,465.1,1.000,2022-10-28
2710455,92121001,"Coffee, instant, decaffeinated, pre-lightened and pre-sweetened with sugar, reconsitituted",7302,Coffee,,27,0.14,5.11,0.69,0,3.45,7,27.2,1.008,2022-10-28
2710453,92114000,"Coffee, instant, decaffeinated, reconstituted",7302,Coffee,,3,0.1,0.64,0,0,0,4,3.0,0.987,2022-10-28
2710480,92191100,"Coffee, instant, not reconstituted",9999,Not included in a food category,,353,12.2,75.4,0.5,0,0,37,354.9,1.005,2022-10-28
2710458,92121040,"Coffee, instant, pre-lightened and pre-sweetened with low calorie sweetener, reconstituted",7302,Coffee,,16,0.15,2.37,0.7,0,0.6,7,16.4,1.024,2022-10-28
2710483,92193000,"Coffee, instant, pre-lightened and pre-sweetened with sugar, not reconstituted",9999,Not included in a food category,,438,2.4,82.96,11.29,0,56.07,47,443.0,1.012,2022-10-28
2710454,92121000,"Coffee, instant, pre-lightened and pre-sweetened with sugar, reconstituted",7302,Coffee,,27,0.15,5.11,0.7,0,3.45,7,27.3,1.013,2022-10-28
2710482,92191400,"Coffee, instant, pre-sweetened with sugar, not reconstituted",9999,Not included in a food category,,392,2.36,94.92,0.36,0,80.48,8,392.4,1.001,2022-10-28
2710456,92121010,"Coffee, instant, pre-sweetened with sugar, reconstituted",7302,Coffee,,16,0.1,3.96,0.02,0,3.36,4,16.4,1.026,2022-10-28
2710449,92103000,"Coffee, instant, reconstituted",7302,Coffee,,3,0.1,0.63,0,0,0,4,2.9,0.973,2022-10-28
2710386,92101900,"Coffee, Latte",7302,Coffee,,43,2.81,4.35,1.61,0,4.06,35,43.1,1.003,2022-10-28
2710392,92101910,"Coffee, Latte, decaffeinated",7302,Coffee,,43,2.82,4.37,1.62,0,4.09,35,43.3,1.008,2022-10-28
2710395,92101917,"Coffee, Latte, decaffeinated, flavored",7302,Coffee,,55,2.73,7.53,1.57,0,7.26,34,55.2,1.003,2022-10-28
2710393,92101911,"Coffee, Latte, decaffeinated, nonfat",7302,Coffee,,30,2.88,4.39,0.1,0,4.22,37,30.0,0.999,2022-10-28
2710396,92101918,"Coffee, Latte, decaffeinated, nonfat, flavored",7302,Coffee,,42,2.79,7.54,0.1,0,7.38,35,42.2,1.005,2022-10-28
2710394,92101913,"Coffee, Latte, decaffeinated, with non-dairy milk",7302,Coffee,,28,0.97,2.82,1.37,0.1,1.7,45,27.5,0.982,2022-10-28
2710397,92101919,"Coffee, Latte, decaffeinated, with non-dairy milk, flavored",7302,Coffee,,40,0.94,6.01,1.33,0.1,4.94,43,39.8,0.994,2022-10-28
2710389,92101904,"Coffee, Latte, flavored",7302,Coffee,,55,2.72,7.49,1.57,0,7.22,34,55.0,0.999,2022-10-28
2710387,92101901,"Coffee, Latte, nonfat",7302,Coffee,,30,2.87,4.37,0.1,0,4.2,36,29.9,0.995,2022-10-28
2710390,92101905,"Coffee, Latte, nonfat, flavored",7302,Coffee,,42,2.78,7.51,0.1,0,7.35,35,42.1,1.001,2022-10-28
2710388,92101903,"Coffee, Latte, with non-dairy milk",7302,Coffee,,28,0.97,2.81,1.36,0.1,1.69,44,27.4,0.977,2022-10-28
2710391,92101906,"Coffee, Latte, with non-dairy milk, flavored",7302,Coffee,,40,0.94,5.99,1.33,0.1,4.91,43,39.7,0.992,2022-10-28
2710382,92101810,"Coffee, macchiato",7302,Coffee,,23,1.18,2.71,0.83,0,1.61,22,23.0,1.001,2022-10-28
2710383,92101820,"Coffee, macchiato, sweetened",7302,Coffee,,40,1.13,6.89,0.8,0,5.84,21,39.3,0.982,2022-10-28
2710457,92121030,"Coffee, mocha, instant, pre-lightened and pre-sweetened with low calorie sweetener, reconstituted",7302,Coffee,,15,0.32,2.46,0.43,0.2,1.14,20,15.0,0.999,2022-10-28
2710374,92100500,"Coffee, NS as to brewed or instant",7302,Coffee,,1,0.12,0,0.02,0,0,2,0.7,0.660,2022-10-28
2710451,92111000,"Coffee, NS as to brewed or instant, decaffeinated",7302,Coffee,,0,0.1,0,0,0,0,2,0.4,,2022-10-28
2710373,92100000,"Coffee, NS as to type",7302,Coffee,,1,0.12,0,0.02,0,0,2,0.7,0.660,2022-10-28
2710464,92130010,"Coffee, pre-lightened",7302,Coffee,,14,0.15,1.88,0.71,0,0.17,7,14.5,1.036,2022-10-28
2710462,92130005,"Coffee, pre-lightened and pre-sweetened with low calorie sweetener",7302,Coffee,,16,0.15,2.37,0.7,0,0.6,7,16.4,1.024,2022-10-28
2710460,92130000,"Coffee, pre-lightened and pre-sweetened with sugar",7302,Coffee,,27,0.15,5.11,0.7,0,3.45,7,27.3,1.013,2022-10-28
2710468,92130030,"Coffee, pre-sweetened with low calorie sweetener",7302,Coffee,,5,0.1,1.13,0,0,0.45,4,4.9,0.984,2022-10-28
2710466,92130020,"Coffee, pre-sweetened with sugar",7302,Coffee,,16,0.1,3.96,0.02,0,3.36,4,16.4,1.026,2022-10-28
2710377,92101600,"Coffee, Turkish",7302,Coffee,,27,0.11,6.47,0.04,0,6.48,2,26.7,0.988,2022-10-28
2709815,75141000,Coleslaw,6432,"Coleslaw, non-lettuce salads",,117,0.94,10.45,7.98,1.9,7.44,280,117.4,1.003,2022-10-28
2710200,83103000,Coleslaw dressing,8012,Salad dressings and vegetable oils,,404,0.85,22.4,34.53,0,21.23,850,403.8,0.999,2022-10-28
2709814,75140990,"Coleslaw, fast food / restaurant",6432,"Coleslaw, non-lettuce salads",,159,0.88,12.35,11.78,1.9,9.54,221,158.9,1.000,2022-10-28
2709817,75141100,"Coleslaw, with fruit",6432,"Coleslaw, non-lettuce salads",,113,0.91,13.65,6.34,2.1,10.15,222,115.3,1.020,2022-10-28
2709583,72107228,"Collards, fresh, cooked with butter or margarine",6411,Other dark green vegetables,raw,54,3.16,5.65,2.99,4.2,0.49,157,62.2,1.151,2022-10-28
2709582,72107227,"Collards, fresh, cooked with oil",6411,Other dark green vegetables,raw,61,3.14,5.64,3.76,4.2,0.48,139,69.0,1.130,2022-10-28
2709580,72107221,"Collards, fresh, cooked, fat added, NS as to fat type",6411,Other dark green vegetables,raw,58,3.15,5.65,3.37,4.2,0.48,148,65.5,1.130,2022-10-28
2709577,72107211,"Collards, fresh, cooked, no added fat",6411,Other dark green vegetables,raw,34,3.24,5.81,0.65,4.3,0.49,143,42.1,1.237,2022-10-28
2709585,72107231,"Collards, frozen, cooked with butter or margarine",6411,Other dark green vegetables,,55,2.89,6.88,2.58,2.7,0.56,178,62.3,1.133,2022-10-28
2709584,72107230,"Collards, frozen, cooked with oil",6411,Other dark green vegetables,,61,2.88,6.87,3.3,2.7,0.55,161,68.7,1.126,2022-10-28
2709581,72107222,"Collards, frozen, cooked, fat added, NS as to fat type",6411,Other dark green vegetables,,58,2.88,6.88,2.94,2.7,0.56,169,65.5,1.129,2022-10-28
2709578,72107212,"Collards, frozen, cooked, no added fat",6411,Other dark green vegetables,,36,2.96,7.08,0.41,2.8,0.57,166,43.8,1.218,2022-10-28
2709579,72107220,"Collards, NS as to form, cooked",6411,Other dark green vegetables,,58,3.15,5.65,3.37,4.2,0.48,148,65.5,1.130,2022-10-28
2709576,72107100,"Collards, raw",6411,Other dark green vegetables,raw,32,3.02,5.42,0.61,4,0.46,17,39.2,1.227,2022-10-28
2708418,56205101,Congee,4002,Rice,,39,0.8,8.4,0.08,0.1,0.02,234,37.5,0.962,2022-10-28
2708984,58157330,"Congee, with egg",3202,Rice mixed dishes,,60,3.12,6.91,2.06,0.1,0.05,213,58.7,0.978,2022-10-28
2708981,58157300,"Congee, with meat, poultry, and/or seafood",3202,Rice mixed dishes,,58,4.34,7,1.28,0.1,0.01,246,56.9,0.981,2022-10-28
2708982,58157310,"Congee, with meat, poultry, and/or seafood, and vegetables",3202,Rice mixed dishes,,48,2.73,7.44,0.7,0.3,0.19,241,47.0,0.979,2022-10-28
2708983,58157320,"Congee, with vegetables",3202,Rice mixed dishes,,38,1.12,7.88,0.12,0.4,0.37,235,37.1,0.976,2022-10-28
2707926,53211000,"Cookie bar, with chocolate, nuts, and graham crackers",5504,Cookies and brownies,,492,5.1,65.36,24.72,2,32.9,311,504.3,1.025,2022-10-28
2707900,53202000,"Cookie, almond",5504,Cookies and brownies,,514,5.37,63.78,26.22,1.3,21.65,353,512.6,0.997,2022-10-28
2707968,53240000,"Cookie, animal",5504,Cookies and brownies,,446,6.9,74.1,13.8,1.1,23.3,335,448.2,1.005,2022-10-28
2707969,53240010,"Cookie, animal, with frosting or icing",5504,Cookies and brownies,,509,3,70.09,24.1,0.9,41.1,257,509.3,1.001,2022-10-28
2707901,53203000,"Cookie, applesauce",5504,Cookies and brownies,,450,6.2,68.7,18.1,2.8,24.66,520,462.5,1.028,2022-10-28
2707908,53205260,"Cookie, bar, with chocolate",5504,Cookies and brownies,,492,5.1,65.36,24.72,2,32.9,311,504.3,1.025,2022-10-28
2707898,53200100,"Cookie, batter or dough, raw",5504,Cookies and brownies,raw,435,4.97,54.47,22.45,0.9,29.24,533,439.8,1.011,2022-10-28
2707902,53203500,"Cookie, biscotti",5504,Cookies and brownies,,373,7.63,66.99,8.38,1.4,28.44,262,373.9,1.002,2022-10-28
2707903,53204000,"Cookie, brownie, NS as to icing",5504,Cookies and brownies,,405,4.8,63.9,16.3,2.1,36.61,286,421.5,1.041,2022-10-28
2707906,53204840,"Cookie, brownie, reduced fat, NS as to icing",5504,Cookies and brownies,,345,2.77,61.58,9.68,11.1,38.73,290,344.5,0.999,2022-10-28
2707905,53204100,"Cookie, brownie, with icing or filling",5504,Cookies and brownies,,401,2.94,63.55,16.95,1.5,47.22,234,418.5,1.044,2022-10-28
2707904,53204010,"Cookie, brownie, without icing",5504,Cookies and brownies,,405,4.8,63.9,16.3,2.1,36.61,286,421.5,1.041,2022-10-28
2707970,53241500,"Cookie, butter or sugar",5504,Cookies and brownies,,464,5.35,67.34,19.55,1.3,27.31,385,466.7,1.006,2022-10-28
2707978,53244010,"Cookie, butter or sugar, with chocolate icing or filling",5504,Cookies and brownies,,503,4.1,68.83,23.5,1.9,33.8,301,503.2,1.000,2022-10-28
2707972,53241600,"Cookie, butter or sugar, with fruit and/or nuts",5504,Cookies and brownies,,470,6.52,65.01,21.11,1.6,23.97,227,476.1,1.013,2022-10-28
2707979,53244020,"Cookie, butter or sugar, with icing or filling other than chocolate",5504,Cookies and brownies,,433,3.38,72.7,14.93,0.4,45.92,204,438.7,1.013,2022-10-28
2707907,53205250,"Cookie, butterscotch, brownie",5504,Cookies and brownies,,405,4.8,63.9,16.3,2.1,36.61,286,421.5,1.041,2022-10-28
2707923,53209500,"Cookie, chocolate and vanilla sandwich",5504,Cookies and brownies,,464,5.21,71,19.14,2.9,40.67,388,477.1,1.028,2022-10-28
2707909,53206000,"Cookie, chocolate chip",5504,Cookies and brownies,,492,5.1,65.36,24.72,2,32.9,311,504.3,1.025,2022-10-28
2707912,53206100,"Cookie, chocolate chip sandwich",5504,Cookies and brownies,,425,2.94,63.52,17.65,0,38.24,279,424.7,0.999,2022-10-28
2707910,53206020,"Cookie, chocolate chip, made from home recipe or purchased at a bakery",5504,Cookies and brownies,,505,5.83,59.24,28.96,2.5,41.21,261,520.9,1.032,2022-10-28
2707911,53206030,"Cookie, chocolate chip, reduced fat",5504,Cookies and brownies,,451,5.97,67.49,17.91,3,32.84,418,455.0,1.009,2022-10-28
2707985,53260030,"Cookie, chocolate chip, reduced sugar",5504,Cookies and brownies,,450,3.9,73.4,16.8,1.6,39.81,244,460.4,1.023,2022-10-28
2707915,53207000,"Cookie, chocolate or fudge",5504,Cookies and brownies,,433,6.6,72.7,14.2,3.4,37.43,580,445.0,1.028,2022-10-28
2707920,53209015,"Cookie, chocolate sandwich",5504,Cookies and brownies,,464,5.21,71,19.14,2.9,40.67,388,477.1,1.028,2022-10-28
2707921,53209020,"Cookie, chocolate sandwich, reduced fat",5504,Cookies and brownies,,436,2.94,76.17,13.24,2.9,41.18,471,435.6,0.999,2022-10-28
2707924,53210000,"Cookie, chocolate wafer",5504,Cookies and brownies,,433,6.6,72.7,14.2,3.4,37.43,580,445.0,1.028,2022-10-28
2707914,53206550,"Cookie, chocolate, made with oatmeal and coconut, no bake",5504,Cookies and brownies,,450,6.2,68.7,18.1,2.8,24.66,520,462.5,1.028,2022-10-28
2707913,53206500,"Cookie, chocolate, made with rice cereal",5504,Cookies and brownies,,440,3.23,63.26,19.35,1.6,40.32,210,440.1,1.000,2022-10-28
2707922,53209100,"Cookie, chocolate, sandwich, with extra filling",5504,Cookies and brownies,,497,4.33,68.2,24.52,2.7,46,351,510.8,1.028,2022-10-28
2707918,53209005,"Cookie, chocolate, with icing or coating",5504,Cookies and brownies,,507,4.5,67.87,24.2,2.3,32,380,507.3,1.001,2022-10-28
2707927,53215500,"Cookie, coconut",5504,Cookies and brownies,,460,3.02,61.22,22.55,5.1,45.16,241,459.9,1.000,2022-10-28
2707931,53222020,"Cookie, cone shell, ice cream type, wafer or cake",5504,Cookies and brownies,,417,8.1,79,6.9,3,6,256,410.5,0.984,2022-10-28
2707929,53220030,"Cookie, fig bar",5504,Cookies and brownies,,348,3.7,70.9,7.3,4.6,46.36,350,364.1,1.046,2022-10-28
2707930,53222010,"Cookie, fortune",5504,Cookies and brownies,,378,4.2,84,2.7,1.6,45.42,31,377.1,0.998,2022-10-28
2707928,53220000,"Cookie, fruit-filled bar",5504,Cookies and brownies,,348,3.7,70.9,7.3,4.6,46.36,350,364.1,1.046,2022-10-28
2707932,53223000,"Cookie, gingersnaps",5504,Cookies and brownies,,416,5.6,76.9,9.8,2.2,19.92,555,418.2,1.005,2022-10-28
2707991,53261000,"Cookie, gluten free",5504,Cookies and brownies,,474,2.19,76.03,17.89,2.5,49,275,473.9,1.000,2022-10-28
2707925,53210900,"Cookie, graham cracker with chocolate and marshmallow",5504,Cookies and brownies,,465,6.36,68.97,18.57,2.8,43.87,221,468.4,1.007,2022-10-28
2707933,53223100,"Cookie, granola",5504,Cookies and brownies,,464,9.8,66.7,17.6,3.1,27.52,251,464.4,1.001,2022-10-28
2707934,53224000,"Cookie, ladyfinger",5504,Cookies and brownies,,365,10.6,59.7,9.1,1,25.39,147,363.1,0.995,2022-10-28
2707943,53231000,"Cookie, Lebkuchen",5504,Cookies and brownies,,430,5.6,73.8,12.8,1,17.6,459,432.8,1.007,2022-10-28
2707935,53224250,"Cookie, lemon bar",5504,Cookies and brownies,,437,5.13,62.65,18.94,0.8,42.07,224,441.6,1.010,2022-10-28
2707936,53225000,"Cookie, macaroon",5504,Cookies and brownies,,460,3.02,61.22,22.55,5.1,45.16,241,459.9,1.000,2022-10-28
2707940,53226600,"Cookie, marshmallow and peanut butter, with oat cereal, no bake",5504,Cookies and brownies,,417,3.4,80.5,9,0,19.36,351,416.6,0.999,2022-10-28
2707917,53208200,"Cookie, marshmallow pie, chocolate covered",5504,Cookies and brownies,,421,4,67.7,16.9,2,44.8,188,438.9,1.043,2022-10-28
2707916,53208000,"Cookie, marshmallow, chocolate-covered",5504,Cookies and brownies,,421,4,67.7,16.9,2,44.8,188,438.9,1.043,2022-10-28
2707937,53226000,"Cookie, marshmallow, with coconut",5504,Cookies and brownies,,421,4,67.7,16.9,2,44.8,188,438.9,1.043,2022-10-28
2707939,53226550,"Cookie, marshmallow, with rice cereal and chocolate chips",5504,Cookies and brownies,,435,4.55,63.26,18.18,0,40.91,341,434.9,1.000,2022-10-28
2707938,53226500,"Cookie, marshmallow, with rice cereal, no bake",5504,Cookies and brownies,,417,3.4,80.5,9,0,19.36,351,416.6,0.999,2022-10-28
2707941,53228000,"Cookie, meringue",5504,Cookies and brownies,,350,5.66,81.3,0.26,0,80.58,244,350.2,1.001,2022-10-28
2707942,53230000,"Cookie, molasses",5504,Cookies and brownies,,430,5.6,73.8,12.8,1,17.6,459,432.8,1.007,2022-10-28
2707944,53231400,"Cookie, multigrain, high fiber",5504,Cookies and brownies,,464,9.8,66.7,17.6,3.1,27.52,251,464.4,1.001,2022-10-28
2707899,53201000,"Cookie, NFS",5504,Cookies and brownies,,492,5.1,65.36,24.72,2,32.9,311,504.3,1.025,2022-10-28
2707945,53233000,"Cookie, oatmeal",5504,Cookies and brownies,,450,6.2,68.7,18.1,2.8,24.66,520,462.5,1.028,2022-10-28
2707948,53233050,"Cookie, oatmeal sandwich, with creme filling",5504,Cookies and brownies,,398,2.61,55.62,18.29,2.6,31.36,500,397.5,0.999,2022-10-28
2707950,53233080,"Cookie, oatmeal sandwich, with peanut butter and jelly filling",5504,Cookies and brownies,,398,2.61,55.62,18.29,2.6,31.36,500,397.5,0.999,2022-10-28
2707947,53233040,"Cookie, oatmeal, reduced fat, NS as to raisins",5504,Cookies and brownies,,365,4.02,64.62,10.04,16.1,32.14,562,364.9,1.000,2022-10-28
2707986,53260200,"Cookie, oatmeal, reduced sugar",5504,Cookies and brownies,,449,4.8,69.9,18,2.9,31.65,273,460.8,1.026,2022-10-28
2707951,53233100,"Cookie, oatmeal, with chocolate and peanut butter, no bake",5504,Cookies and brownies,,450,6.2,68.7,18.1,2.8,24.66,520,462.5,1.028,2022-10-28
2707949,53233060,"Cookie, oatmeal, with chocolate chips",5504,Cookies and brownies,,457,5.72,67.56,20.92,3.5,31.74,399,481.4,1.053,2022-10-28
2707946,53233010,"Cookie, oatmeal, with raisins",5504,Cookies and brownies,,450,6.2,68.7,18.1,2.8,24.66,520,462.5,1.028,2022-10-28
2707952,53234000,"Cookie, peanut butter",5504,Cookies and brownies,,473,8.92,58.15,23.82,2.1,28.58,463,482.7,1.020,2022-10-28
2707955,53235000,"Cookie, peanut butter sandwich",5504,Cookies and brownies,,478,8.8,65.6,21.1,1.9,35.44,368,487.5,1.020,2022-10-28
2707954,53234250,"Cookie, peanut butter with rice cereal, no bake",5504,Cookies and brownies,,417,3.4,80.5,9,0,19.36,351,416.6,0.999,2022-10-28
2707990,53260600,"Cookie, peanut butter, sugar free",5504,Cookies and brownies,,523,10.34,50.52,31.03,3.4,0,448,522.7,0.999,2022-10-28
2707953,53234100,"Cookie, peanut butter, with chocolate",5504,Cookies and brownies,,475,7.8,59.51,25.29,3,34.73,356,496.9,1.046,2022-10-28
2707957,53235600,"Cookie, Pfeffernusse",5504,Cookies and brownies,,514,5.37,63.78,26.22,1.3,21.65,353,512.6,0.997,2022-10-28
2707958,53236000,"Cookie, Pizzelle",5504,Cookies and brownies,,417,8.1,79,6.9,3,6,256,410.5,0.984,2022-10-28
2707959,53236100,"Cookie, pumpkin",5504,Cookies and brownies,,450,6.2,68.7,18.1,2.8,24.66,520,462.5,1.028,2022-10-28
2707960,53237000,"Cookie, raisin",5504,Cookies and brownies,,401,4.1,68,13.6,1.2,47.56,418,410.8,1.024,2022-10-28
2707961,53237010,"Cookie, raisin sandwich, cream-filled",5504,Cookies and brownies,,398,2.61,55.62,18.29,2.6,31.36,500,397.5,0.999,2022-10-28
2707984,53251100,"Cookie, rugelach",5504,Cookies and brownies,,348,3.7,70.9,7.3,4.6,46.36,350,364.1,1.046,2022-10-28
2707962,53237500,"Cookie, rum ball, no bake",5504,Cookies and brownies,,514,5.37,63.78,26.22,1.3,21.65,353,512.6,0.997,2022-10-28
2707987,53260300,"Cookie, sandwich, reduced sugar",5504,Cookies and brownies,,461,4.5,68,22.1,4.1,19.73,342,488.9,1.061,2022-10-28
2707963,53238000,"Cookie, sandwich-type, not chocolate or vanilla",5504,Cookies and brownies,,483,4.5,72.1,20,1.5,39.3,388,486.4,1.007,2022-10-28
2707964,53239000,"Cookie, shortbread",5504,Cookies and brownies,,514,5.37,63.78,26.22,1.3,21.65,353,512.6,0.997,2022-10-28
2707965,53239010,"Cookie, shortbread, reduced fat",5504,Cookies and brownies,,451,5.37,75.99,14,1.3,21.65,571,451.4,1.001,2022-10-28
2707966,53239050,"Cookie, shortbread, with icing or filling",5504,Cookies and brownies,,515,5.05,62.6,28.31,2.1,27.34,283,525.4,1.020,2022-10-28
2707988,53260400,"Cookie, sugar or plain, sugar free",5504,Cookies and brownies,,523,10.34,50.52,31.03,3.4,0,448,522.7,0.999,2022-10-28
2707973,53242000,"Cookie, sugar wafer",5504,Cookies and brownies,,502,3.84,70.64,23.24,1.6,42.95,103,507.1,1.010,2022-10-28
2707919,53209010,"Cookie, sugar wafer, chocolate-covered",5504,Cookies and brownies,,526,3.45,65.99,27.59,3.4,51.72,138,526.1,1.000,2022-10-28
2707989,53260500,"Cookie, sugar wafer, sugar free",5504,Cookies and brownies,,531,3.57,66.26,28.57,14.3,0,71,536.5,1.010,2022-10-28
2707980,53246000,"Cookie, tea, Japanese",5504,Cookies and brownies,,378,4.2,84,2.7,1.6,45.42,31,377.1,0.998,2022-10-28
2707974,53242500,"Cookie, toffee bar",5504,Cookies and brownies,,492,5.1,65.36,24.72,2,32.9,311,504.3,1.025,2022-10-28
2707975,53243000,"Cookie, vanilla sandwich",5504,Cookies and brownies,,483,4.5,72.1,20,1.5,39.3,388,486.4,1.007,2022-10-28
2707976,53243010,"Cookie, vanilla sandwich, extra filling",5504,Cookies and brownies,,497,4.33,68.2,24.52,2.7,46,351,510.8,1.028,2022-10-28
2707977,53243050,"Cookie, vanilla sandwich, reduced fat",5504,Cookies and brownies,,423,4.17,78.16,10.42,2.1,37.5,354,423.1,1.000,2022-10-28
2707981,53247000,"Cookie, vanilla wafer",5504,Cookies and brownies,,455,4.9,72.6,16.41,1.6,35.07,325,457.7,1.006,2022-10-28
2707982,53247050,"Cookie, vanilla wafer, reduced fat",5504,Cookies and brownies,,441,5,73.6,15.2,1.9,37.5,388,451.2,1.023,2022-10-28
2707983,53247500,"Cookie, vanilla with caramel, coconut, and chocolate coating",5504,Cookies and brownies,,489,3.5,64.1,25.8,4.4,35.8,182,502.6,1.028,2022-10-28
2707956,53235500,"Cookie, with peanut butter filling, chocolate-coated",5504,Cookies and brownies,,562,8.1,52.9,35.3,3.5,30.9,371,561.7,0.999,2022-10-28
2707992,53270100,"Cookies, Puerto Rican style",5504,Cookies and brownies,,506,6.32,67.94,23.2,1.6,23.31,271,505.8,1.000,2022-10-28
2710504,92306100,Corn beverage,7220,Smoothies and grain drinks,,44,0.84,9.4,0.21,0.5,0.19,135,42.9,0.974,2022-10-28
2708197,54401026,"Corn chips, flavored",5004,"Tortilla, corn, other chips",,543,6.11,56.7,34.02,4,0.27,509,557.4,1.027,2022-10-28
2708199,54401035,"Corn chips, flavored (Fritos)",5004,"Tortilla, corn, other chips",,536,6.14,56.98,33.19,4,0.27,704,551.2,1.028,2022-10-28
2708196,54401021,"Corn chips, plain",5004,"Tortilla, corn, other chips",,535,6.12,56.82,33.1,4,0.27,817,549.7,1.027,2022-10-28
2708198,54401031,"Corn chips, plain (Fritos)",5004,"Tortilla, corn, other chips",,539,6.17,57.27,33.36,4,0.27,514,554.0,1.028,2022-10-28
2708205,54401090,"Corn chips, reduced sodium",5004,"Tortilla, corn, other chips",,549,6.84,56.75,33.63,3.9,0.41,295,557.0,1.015,2022-10-28
2707044,27560300,Corn dog,3703,Frankfurter sandwiches,,250,8.57,26.96,12.02,1,7.54,668,250.3,1.001,2022-10-28
2707815,52207010,"Corn flour patty or tart, fried",4402,"Biscuits, muffins, quick breads",fried,218,3.98,41.18,4.64,3,5.91,483,222.4,1.020,2022-10-28
2708195,54401011,Corn nuts,5004,"Tortilla, corn, other chips",,446,8.5,71.86,15.64,6.9,0.61,564,462.2,1.036,2022-10-28
2710183,82102000,Corn oil,8012,Salad dressings and vegetable oils,,900,0,0,100,0,0,0,900.0,1.000,2022-10-28
2707816,52208010,"Corn pone, baked",4402,"Biscuits, muffins, quick breads",baked,214,3.5,39.68,4.31,1.9,0.79,437,211.5,0.988,2022-10-28
2707817,52208020,"Corn pone, fried",4402,"Biscuits, muffins, quick breads",fried,254,3.34,37.79,9.78,1.8,0.76,417,252.5,0.994,2022-10-28
2710274,91301030,Corn syrup,8806,"Jams, syrups, toppings",,283,0,76.79,0.2,0,76.77,62,309.0,1.092,2022-10-28
2709922,75216142,"Corn, canned, cooked with butter or margarine",6416,Corn,,85,2.24,13.93,3.38,1.9,4.32,216,95.1,1.119,2022-10-28
2709921,75216141,"Corn, canned, cooked with oil",6416,Corn,,91,2.22,13.92,4.1,1.9,4.31,199,101.5,1.115,2022-10-28
2709916,75216123,"Corn, canned, cooked, fat added, NS as to fat type",6416,Corn,,88,2.23,13.93,3.74,1.9,4.32,208,98.3,1.117,2022-10-28
2709912,75216113,"Corn, canned, cooked, no added fat",6416,Corn,,67,2.29,14.34,1.22,2,4.44,205,77.5,1.157,2022-10-28
2709927,75216322,"Corn, canned, reduced sodium, cooked with butter or margarine",6416,Corn,,85,2.05,14.48,3.16,1.8,4.34,31,94.6,1.112,2022-10-28
2709926,75216321,"Corn, canned, reduced sodium, cooked with oil",6416,Corn,,92,2.04,14.47,3.94,1.8,4.33,13,101.5,1.103,2022-10-28
2709925,75216320,"Corn, canned, reduced sodium, cooked, fat added, NS as to fat type",6416,Corn,,88,2.04,14.48,3.55,1.8,4.34,22,98.0,1.114,2022-10-28
2709924,75216310,"Corn, canned, reduced sodium, cooked, no added fat",6416,Corn,,66,2.1,14.9,0.83,1.8,4.46,13,75.5,1.143,2022-10-28
2709909,75215990,"Corn, cooked, from restaurant",6416,Corn,,119,3.11,17.73,5.43,1.9,5.94,212,132.2,1.111,2022-10-28
2709923,75216153,"Corn, creamed",6416,Corn,,72,1.74,18.13,0.42,1.2,3.23,261,83.3,1.156,2022-10-28
2709918,75216135,"Corn, fresh, cooked with butter or margarine",6416,Corn,raw,103,3.18,18.11,3.5,1.9,6.07,144,116.7,1.133,2022-10-28
2709917,75216134,"Corn, fresh, cooked with oil",6416,Corn,raw,109,3.17,18.1,4.21,1.9,6.06,127,123.0,1.128,2022-10-28
2709914,75216121,"Corn, fresh, cooked, fat added, NS as to fat type",6416,Corn,raw,106,3.17,18.11,3.85,1.9,6.06,136,119.8,1.130,2022-10-28
2709910,75216111,"Corn, fresh, cooked, no added fat",6416,Corn,raw,86,3.26,18.64,1.35,2,6.24,131,99.8,1.160,2022-10-28
2709920,75216138,"Corn, frozen, cooked with butter or margarine",6416,Corn,,98,2.48,18.69,2.84,2.3,2.98,131,110.2,1.125,2022-10-28
2709919,75216137,"Corn, frozen, cooked with oil",6416,Corn,,105,2.47,18.68,3.55,2.3,2.97,113,116.5,1.110,2022-10-28
2709915,75216122,"Corn, frozen, cooked, fat added, NS as to fat type",6416,Corn,,101,2.48,18.69,3.2,2.3,2.98,122,113.5,1.124,2022-10-28
2709911,75216112,"Corn, frozen, cooked, no added fat",6416,Corn,,81,2.54,19.24,0.67,2.4,3.06,117,93.1,1.150,2022-10-28
2709913,75216120,"Corn, NS as to form, cooked",6416,Corn,,88,2.23,13.93,3.74,1.9,4.32,208,98.3,1.117,2022-10-28
2709783,75109600,"Corn, raw",6416,Corn,raw,86,3.27,18.7,1.35,2,6.26,15,100.0,1.163,2022-10-28
2710046,75411010,"Corn, scalloped or pudding",3104,Vegetable dishes,,116,4.54,14.98,5.12,1.5,4.63,310,124.2,1.070,2022-10-28
2707813,52206010,"Cornbread muffin, stick, round",4402,"Biscuits, muffins, quick breads",,305,5.9,51,8.4,3.4,17.78,385,303.2,0.994,2022-10-28
2707814,52206060,"Cornbread muffin, stick, round, made from home recipe",4402,"Biscuits, muffins, quick breads",,307,7.02,45.94,10.51,1.6,7.34,519,306.4,0.998,2022-10-28
2707812,52204000,Cornbread stuffing,3208,Turnovers and other grain-based items,,179,2.9,21.9,8.8,2.9,0,526,178.4,0.997,2022-10-28
2707811,52202060,"Cornbread, made from home recipe",4402,"Biscuits, muffins, quick breads",,287,6.55,42.87,9.8,1.5,6.85,485,285.9,0.996,2022-10-28
2707810,52201000,"Cornbread, prepared from mix",4402,"Biscuits, muffins, quick breads",,330,6.59,54.46,9.58,2.3,16.05,599,330.4,1.001,2022-10-28
2706477,27211400,Corned beef hash,3002,Meat mixed dishes,,164,8.73,9.27,10.24,1.1,0.34,412,164.2,1.001,2022-10-28
2706502,27214500,Corned beef patty,3002,Meat mixed dishes,,164,8.73,9.27,10.24,1.1,0.34,412,164.2,1.001,2022-10-28
2706950,27510930,Corned beef sandwich on wheat,3740,Deli and cured meat sandwiches,,257,14.67,23.72,11.22,2.8,2.69,697,254.5,0.990,2022-10-28
2706951,27510940,"Corned beef sandwich on wheat, with cheese",3740,Deli and cured meat sandwiches,,273,15.55,20.86,13.86,2.4,2.71,745,270.4,0.990,2022-10-28
2706948,27510910,Corned beef sandwich on white,3740,Deli and cured meat sandwiches,,259,13.65,25.68,11.02,1.2,2.76,702,256.5,0.990,2022-10-28
2706949,27510920,"Corned beef sandwich on white, with cheese",3740,Deli and cured meat sandwiches,,274,14.68,22.51,13.69,1,2.77,750,272.0,0.993,2022-10-28
2706590,27311220,"Corned beef, potatoes, and vegetables excluding carrots, broccoli, and dark-green leafy; no sauce",3002,Meat mixed dishes,,127,4.84,15.35,5.38,1.7,1.14,312,129.2,1.017,2022-10-28
2706589,27311210,"Corned beef, potatoes, and vegetables including carrots, broccoli, and/or dark-green leafy; no sauce",3002,Meat mixed dishes,,127,4.76,13.73,6,1.8,1.21,318,128.0,1.008,2022-10-28
2706143,24400010,"Cornish game hen, cooked, skin eaten",2206,"Turkey, duck, other poultry",,257,22.08,0,18.06,0,0,386,250.9,0.976,2022-10-28
2706144,24400020,"Cornish game hen, cooked, skin not eaten",2206,"Turkey, duck, other poultry",,133,23.11,0,3.84,0,0,385,127.0,0.955,2022-10-28
2706145,24401010,"Cornish game hen, roasted, skin eaten",2206,"Turkey, duck, other poultry",roasted,257,22.08,0,18.06,0,0,386,250.9,0.976,2022-10-28
2706146,24401020,"Cornish game hen, roasted, skin not eaten",2206,"Turkey, duck, other poultry",roasted,133,23.11,0,3.84,0,0,385,127.0,0.955,2022-10-28
2708746,58128120,Cornmeal dressing with chicken or turkey and vegetables,3208,Turnovers and other grain-based items,,237,7.6,19.27,14.45,1.2,3.47,561,237.5,1.002,2022-10-28
2708375,56201517,"Cornmeal mush, fat added",4804,Grits and other cooked cereals,,71,1.11,12.25,1.84,0.6,0.26,82,70.0,0.986,2022-10-28
2708374,56201516,"Cornmeal mush, no added fat",4804,Grits and other cooked cereals,,58,1.12,12.47,0.28,0.6,0.25,71,56.9,0.981,2022-10-28
2708373,56201515,"Cornmeal mush, NS as to fat",4804,Grits and other cooked cereals,,71,1.11,12.25,1.84,0.6,0.26,82,70.0,0.986,2022-10-28
2708715,58117210,"Cornmeal stick, Puerto Rican style",4402,"Biscuits, muffins, quick breads",,415,6.92,48.38,20.97,2.4,1.03,414,409.9,0.988,2022-10-28
2705749,14201200,"Cottage cheese, farmer's",1604,Cottage/ricotta cheese,,148,10.96,4.33,9.73,0,2.52,330,148.7,1.005,2022-10-28
2710184,82103000,Cottonseed oil,8012,Salad dressings and vegetable oils,,884,0,0,100,0,0,0,900.0,1.018,2022-10-28
2710362,91745035,Cough drops,5704,Candy not containing chocolate,,394,0,98.3,0.1,0,31.45,19,394.1,1.000,2022-10-28
2708441,56207160,"Couscous, plain, cooked",4004,"Pasta, noodles, cooked grains",,111,3.77,23.11,0.16,1.4,0.1,189,109.0,0.982,2022-10-28
2706344,26305160,Crab,2404,Shellfish,,83,17.88,0,0.74,0,0,395,78.2,0.942,2022-10-28
2707022,27550110,Crab cake sandwich,3730,Seafood sandwiches,,231,12.74,19.39,11.18,1,2.22,436,229.1,0.992,2022-10-28
2706824,27450010,Crab salad,3006,Seafood mixed dishes,,188,9.4,1.27,15.89,0.4,0.57,462,185.7,0.988,2022-10-28
2706843,27450130,Crab salad made with imitation crab,3006,Seafood mixed dishes,,197,4.07,8.66,16.28,0.6,3.65,530,197.4,1.002,2022-10-28
2706549,27250040,"Crab, cake",3006,Seafood mixed dishes,,214,14.4,4.48,14.97,0.3,0.66,430,210.3,0.982,2022-10-28
2706345,26305180,"Crab, canned",2404,Shellfish,,83,17.88,0,0.74,0,0,563,78.2,0.942,2022-10-28
2706346,26307140,"Crab, soft shell",2404,Shellfish,,227,15.51,11.72,12.73,0.5,0.2,643,223.5,0.985,2022-10-28
2706464,27151040,"Crabs in tomato-based sauce, Puerto Rican style",3006,Seafood mixed dishes,,144,12.52,2.92,8.9,0.6,1.16,617,141.9,0.985,2022-10-28
2708293,54440020,Cracker chips,5004,"Tortilla, corn, other chips",,491,7.95,67.26,21.11,8.8,7.2,423,490.8,1.000,2022-10-28
2708140,54103000,"Crackers, breakfast biscuit",5202,"Crackers, excludes saltines",,427,7.12,70.99,15.07,7.3,22.83,430,448.1,1.049,2022-10-28
2708148,54301030,"Crackers, butter (Ritz)",5202,"Crackers, excludes saltines",,510,6.64,61.3,26.43,2.3,8.18,726,509.6,0.999,2022-10-28
2708147,54301020,"Crackers, butter, flavored",5202,"Crackers, excludes saltines",,510,6.64,61.3,26.43,2.3,8.18,726,509.6,0.999,2022-10-28
2708146,54301010,"Crackers, butter, plain",5202,"Crackers, excludes saltines",,510,6.64,61.3,26.43,2.3,8.18,726,509.6,0.999,2022-10-28
2708149,54301100,"Crackers, butter, reduced fat",5202,"Crackers, excludes saltines",,444,9.34,71.52,13.37,3.4,15.01,776,443.8,0.999,2022-10-28
2708141,54200100,"Crackers, butter, reduced sodium",5202,"Crackers, excludes saltines",,443,8.8,68.6,17.2,10.5,0.37,186,464.4,1.048,2022-10-28
2708150,54304000,"Crackers, cheese",5202,"Crackers, excludes saltines",,489,10.93,59.42,22.74,2.3,4.53,973,486.1,0.994,2022-10-28
2708151,54304005,"Crackers, cheese (Cheez-It)",5202,"Crackers, excludes saltines",,489,10.93,59.42,22.74,2.3,4.53,973,486.1,0.994,2022-10-28
2708152,54304020,"Crackers, cheese (Goldfish)",5202,"Crackers, excludes saltines",,489,10.93,59.42,22.74,2.3,4.53,973,486.1,0.994,2022-10-28
2708153,54304100,"Crackers, cheese, reduced fat",5202,"Crackers, excludes saltines",,418,10,68.19,11.67,3.3,0,1167,417.8,0.999,2022-10-28
2708154,54304110,"Crackers, cheese, reduced sodium",5202,"Crackers, excludes saltines",,503,10.1,58.2,25.3,2.4,0.28,458,500.9,0.996,2022-10-28
2708155,54304150,"Crackers, cheese, whole grain",5202,"Crackers, excludes saltines",,412,9.62,57.29,16.03,6.4,0,706,411.9,1.000,2022-10-28
2708156,54305010,"Crackers, crispbread",5202,"Crackers, excludes saltines",,366,7.9,82.2,1.3,16.5,1.07,410,372.1,1.017,2022-10-28
2708137,54102060,"Crackers, Cuban",5504,Cookies and brownies,,430,5.6,73.8,12.8,1,17.6,459,432.8,1.007,2022-10-28
2708157,54305020,"Crackers, flatbread",5202,"Crackers, excludes saltines",,412,9.85,75.23,8.25,10.2,2.92,632,414.6,1.006,2022-10-28
2708189,54340110,"Crackers, gluten free, flavored",5202,"Crackers, excludes saltines",,453,11.25,66.3,15.84,10.2,0.86,438,452.8,0.999,2022-10-28
2708188,54340100,"Crackers, gluten free, plain",5202,"Crackers, excludes saltines",,453,11.25,66.3,15.84,10.2,0.86,438,452.8,0.999,2022-10-28
2708158,54307000,"Crackers, matzo",5202,"Crackers, excludes saltines",,395,10,83.7,1.4,3,0.29,0,387.4,0.981,2022-10-28
2708142,54201010,"Crackers, matzo, reduced sodium",5202,"Crackers, excludes saltines",,395,10,83.7,1.4,3,0.29,0,387.4,0.981,2022-10-28
2708159,54308000,"Crackers, milk",5202,"Crackers, excludes saltines",,446,7.6,71.73,13.77,3.4,10.32,687,441.2,0.989,2022-10-28
2708170,54326000,"Crackers, multigrain",5202,"Crackers, excludes saltines",,482,7.1,67.6,20.4,3.5,12,883,482.4,1.001,2022-10-28
2708132,54001000,"Crackers, NFS",5202,"Crackers, excludes saltines",,510,6.64,61.3,26.43,2.3,8.18,726,509.6,0.999,2022-10-28
2708136,54102050,"Crackers, oatmeal",5202,"Crackers, excludes saltines",,455,7.3,70.73,16.4,6.9,15.48,699,459.7,1.010,2022-10-28
2708160,54313000,"Crackers, oyster",5204,Saltine crackers,,418,9.46,74.05,8.64,2.8,1.29,941,411.8,0.985,2022-10-28
2708163,54319000,"Crackers, rice",5202,"Crackers, excludes saltines",,416,10,82.64,5,0,0,233,415.6,0.999,2022-10-28
2708164,54319005,"Crackers, rice and nuts",5202,"Crackers, excludes saltines",,430,10.78,77.41,8.85,0.8,0.37,360,432.4,1.006,2022-10-28
2708167,54325000,"Crackers, saltine",5204,Saltine crackers,,418,9.46,74.05,8.64,2.8,1.29,941,411.8,0.985,2022-10-28
2708169,54325060,"Crackers, saltine, multigrain",5204,Saltine crackers,,398,7.14,68.25,10.71,6.7,0,1214,398.0,1.000,2022-10-28
2708168,54325010,"Crackers, saltine, reduced fat",5204,Saltine crackers,,393,10.5,82.3,1.6,2.7,0.38,849,385.6,0.981,2022-10-28
2708143,54202020,"Crackers, saltine, reduced sodium",5204,Saltine crackers,,416,9.39,73.48,8.75,2.9,2.19,646,410.2,0.986,2022-10-28
2708171,54328000,"Crackers, sandwich",5202,"Crackers, excludes saltines",,494,11.47,58.38,24.54,2.3,10.5,801,500.3,1.013,2022-10-28
2708176,54328200,"Crackers, sandwich, cheese filled",5202,"Crackers, excludes saltines",,477,9.3,61.7,21.1,1.9,3.18,978,473.9,0.994,2022-10-28
2708177,54328210,"Crackers, sandwich, cheese filled (Ritz)",5202,"Crackers, excludes saltines",,479,7.66,56.05,25.09,2.5,9.92,595,480.6,1.003,2022-10-28
2708172,54328100,"Crackers, sandwich, peanut butter filled",5202,"Crackers, excludes saltines",,494,11.47,58.38,24.54,2.3,10.5,801,500.3,1.013,2022-10-28
2708173,54328105,"Crackers, sandwich, peanut butter filled (Ritz)",5202,"Crackers, excludes saltines",,482,7.5,57.14,25,2.5,10,575,483.6,1.003,2022-10-28
2708174,54328110,"Crackers, sandwich, reduced fat, peanut butter filled",5202,"Crackers, excludes saltines",,437,8.33,63.49,16.67,2.8,11.11,639,437.3,1.001,2022-10-28
2708178,54336000,"Crackers, water",5202,"Crackers, excludes saltines",,384,7.14,72.81,7.14,7.1,0,571,384.1,1.000,2022-10-28
2708184,54338000,"Crackers, wheat",5202,"Crackers, excludes saltines",,441,8.94,70.14,15.26,8.6,8.34,750,453.7,1.029,2022-10-28
2708186,54338020,"Crackers, wheat, flavored (Wheat Thins)",5202,"Crackers, excludes saltines",,441,8.94,70.14,15.26,8.6,8.34,750,453.7,1.029,2022-10-28
2708185,54338010,"Crackers, wheat, plain (Wheat Thins)",5202,"Crackers, excludes saltines",,441,8.94,70.14,15.26,8.6,8.34,750,453.7,1.029,2022-10-28
2708187,54338100,"Crackers, wheat, reduced fat",5202,"Crackers, excludes saltines",,444,9.34,71.52,13.37,3.4,15.01,776,443.8,0.999,2022-10-28
2708144,54204020,"Crackers, wheat, reduced sodium",5202,"Crackers, excludes saltines",,443,8.8,68.6,17.2,10.5,0.37,186,464.4,1.048,2022-10-28
2708175,54328120,"Crackers, whole grain, sandwich, peanut butter filled",5202,"Crackers, excludes saltines",,465,14.12,54.59,21.18,9.4,9.41,635,465.5,1.001,2022-10-28
2708179,54336100,"Crackers, wonton",5202,"Crackers, excludes saltines",,521,10.33,51.9,31.72,1.9,0.25,378,534.4,1.026,2022-10-28
2708180,54337010,"Crackers, woven wheat",5202,"Crackers, excludes saltines",,441,8.94,70.14,15.26,8.6,8.34,750,453.7,1.029,2022-10-28
2708182,54337030,"Crackers, woven wheat, flavored (Triscuit)",5202,"Crackers, excludes saltines",,441,8.94,70.14,15.26,8.6,8.34,750,453.7,1.029,2022-10-28
2708181,54337020,"Crackers, woven wheat, plain (Triscuit)",5202,"Crackers, excludes saltines",,441,8.94,70.14,15.26,8.6,8.34,750,453.7,1.029,2022-10-28
2708183,54337060,"Crackers, woven wheat, reduced fat",5202,"Crackers, excludes saltines",,416,11.34,75.52,7.59,10.9,1.22,745,415.8,0.999,2022-10-28
2708145,54204030,"Crackers, woven wheat, reduced sodium",5202,"Crackers, excludes saltines",,443,8.8,68.6,17.2,10.5,0.37,186,464.4,1.048,2022-10-28
2709202,62109100,"Cranberries, dried",6016,Dried fruits,dried,308,0.17,82.8,1.09,5.3,72.56,5,341.7,1.109,2022-10-28
2709279,63207010,"Cranberries, raw",6011,Blueberries and other berries,raw,46,0.46,11.97,0.13,3.6,4.27,2,50.9,1.106,2022-10-28
2709317,64100200,"Cranberry juice blend, 100% juice",7006,Other fruit juice,,46,0.12,11.16,0.18,0.2,9.04,7,46.7,1.016,2022-10-28
2709318,64100220,"Cranberry juice blend, 100% juice, with calcium added",7006,Other fruit juice,,45,0.27,10.91,0.12,0.1,9.8,6,45.8,1.018,2022-10-28
2710579,92530510,"Cranberry juice drink, with high vitamin C",7204,Fruit drinks,,54,0,13.52,0.1,0,11.87,2,55.0,1.018,2022-10-28
2710588,92550110,"Cranberry juice drink, with high vitamin C, light",7204,Fruit drinks,,19,0.1,4.7,0,0.1,4.6,5,19.2,1.011,2022-10-28
2709324,64105400,"Cranberry juice, 100%, not a blend",7006,Other fruit juice,,32,0,7.26,0.34,0.1,3.41,6,32.1,1.003,2022-10-28
2709280,63207110,Cranberry sauce,6011,Blueberries and other berries,,159,0.9,40.4,0.15,1.1,31.75,5,166.5,1.047,2022-10-28
2706348,26309160,"Crayfish, cooked",2404,Shellfish,,97,20.22,0,1.2,0,0,73,91.7,0.945,2022-10-28
2706347,26309140,"Crayfish, fried",2404,Shellfish,fried,223,14.06,11.72,12.89,0.5,0.2,387,219.1,0.983,2022-10-28
2705769,14410380,"Cream cheese, fat free",8006,"Cream cheese, sour cream, whipped cream",,105,15.69,7.66,1,0,5.48,702,102.4,0.975,2022-10-28
2705762,14303010,"Cream cheese, light",8006,"Cream cheese, sour cream, whipped cream",,264,9.09,5.59,22.66,0,4.33,479,262.7,0.995,2022-10-28
2705761,14301100,"Cream cheese, regular, flavored",8006,"Cream cheese, sour cream, whipped cream",,275,8.23,14.09,20.55,0,12.96,574,274.2,0.997,2022-10-28
2705760,14301010,"Cream cheese, regular, plain",8006,"Cream cheese, sour cream, whipped cream",,343,5.79,4.56,33.49,0,3.76,368,342.8,0.999,2022-10-28
2708415,56205050,Cream of rice,4804,Grits and other cooked cereals,,69,1.17,15.28,0.09,0.1,0.06,69,66.6,0.965,2022-10-28
2708437,56207060,"Cream of wheat, instant, made with water, fat added",4804,Grits and other cooked cereals,,82,1.5,14.06,2.09,0.5,3.56,98,81.0,0.988,2022-10-28
2708436,56207030,"Cream of wheat, instant, made with water, no added fat",4804,Grits and other cooked cereals,,67,1.52,14.42,0.21,0.5,3.64,85,65.6,0.980,2022-10-28
2708433,56206990,"Cream of wheat, NFS",4804,Grits and other cooked cereals,,65,1.44,10.39,1.8,0.5,0.04,83,63.5,0.977,2022-10-28
2708435,56207017,"Cream of wheat, regular or quick, made with water, fat added",4804,Grits and other cooked cereals,,65,1.44,10.39,1.8,0.5,0.04,83,63.5,0.977,2022-10-28
2708434,56207016,"Cream of wheat, regular or quick, made with water, no added fat",4804,Grits and other cooked cereals,,51,1.45,10.57,0.21,0.5,0.03,72,50.0,0.980,2022-10-28
2708031,53420200,"Cream puff, eclair, custard or cream filled, iced",5506,"Doughnuts, sweet rolls, pastries",,334,4.41,37.43,18.52,0.9,22.05,265,334.0,1.000,2022-10-28
2708032,53420210,"Cream puff, eclair, custard or cream filled, iced, reduced fat",5506,"Doughnuts, sweet rolls, pastries",,242,3.48,41.93,7.24,1,33.42,261,246.8,1.020,2022-10-28
2708030,53420100,"Cream puff, eclair, custard or cream filled, not iced",5506,"Doughnuts, sweet rolls, pastries",,264,4.76,12.92,21.52,0.4,2.24,160,264.4,1.002,2022-10-28
2708029,53420000,"Cream puff, eclair, custard or cream filled, NS as to icing",5506,"Doughnuts, sweet rolls, pastries",,280,4.2,11.05,24.39,0.3,2.38,132,280.5,1.002,2022-10-28
2708033,53420250,"Cream puff, no filling or icing",5506,"Doughnuts, sweet rolls, pastries",,360,9,22.8,25.9,0.8,0.25,483,360.3,1.001,2022-10-28
2710243,89901010,"Cream sauce, for use with vegetables",9999,Not included in a food category,,175,0.83,10.6,14.17,0.1,1.16,936,173.2,0.990,2022-10-28
2705594,12120100,"Cream, half and half",8008,Cream and cream substitutes,,131,3.13,4.3,11.5,0,4.13,61,133.2,1.017,2022-10-28
2705596,12120110,"Cream, half and half, fat free",8008,Cream and cream substitutes,,59,2.6,9,1.4,0,5,100,59.0,1.000,2022-10-28
2705595,12120106,"Cream, half and half, flavored",8008,Cream and cream substitutes,,130,3.07,4.5,11.28,0,4.33,60,131.8,1.014,2022-10-28
2705597,12130100,"Cream, heavy",8008,Cream and cream substitutes,,343,2.02,3.8,35.56,0,2.92,21,343.3,1.001,2022-10-28
2705593,12110100,"Cream, light",8008,Cream and cream substitutes,,195,2.96,3.66,19.1,0,3.67,72,198.4,1.017,2022-10-28
2705592,12100100,"Cream, NS as to light, heavy, or half and half",8008,Cream and cream substitutes,,131,3.13,4.3,11.5,0,4.13,61,133.2,1.017,2022-10-28
2705598,12140000,"Cream, whipped",8006,"Cream cheese, sour cream, whipped cream",,346,1.9,9.49,33.45,0,8.55,20,346.6,1.002,2022-10-28
2706383,27113200,Creamed chipped or dried beef,3002,Meat mixed dishes,,133,7.65,7.57,8.05,0.1,4.58,478,133.3,1.002,2022-10-28
2705673,13140700,Creamsicle,5802,Ice cream and frozen dairy desserts,,165,1.54,32.75,3.08,0,18.46,46,164.9,0.999,2022-10-28
2710209,83112400,Creamy Italian dressing,8012,Salad dressings and vegetable oils,,268,0.55,11.19,24.63,0,9.86,966,268.6,1.002,2022-10-28
2710231,83300250,"Creamy Italian dressing, fat free",8012,Salad dressings and vegetable oils,,56,1.03,10.44,1.14,0.5,8.32,1094,56.1,1.002,2022-10-28
2710217,83201500,"Creamy Italian dressing, light",8012,Salad dressings and vegetable oils,,111,0.56,9.54,7.78,0,8.63,882,110.4,0.995,2022-10-28
2705684,13210370,Creme brulee,5804,Pudding,,113,4.06,17.85,2.83,0,17.86,74,113.1,1.001,2022-10-28
2708036,53430100,"Crepe, chocolate filled",4404,"Pancakes, waffles, French toast",,170,4.87,22.92,6.52,0.2,12.25,219,169.8,0.999,2022-10-28
2708037,53430200,"Crepe, fruit filled",4404,"Pancakes, waffles, French toast",,188,4.57,26.55,7.12,1.2,15.98,176,188.6,1.003,2022-10-28
2708341,55400010,"Crepe, NFS",4404,"Pancakes, waffles, French toast",,224,8.85,22.02,11.29,0.6,4.48,278,225.1,1.005,2022-10-28
2708342,55401000,"Crepe, plain",4404,"Pancakes, waffles, French toast",,224,8.85,22.02,11.29,0.6,4.48,278,225.1,1.005,2022-10-28
2708719,58120110,"Crepe, with meat",3208,Turnovers and other grain-based items,,173,12.86,7.73,10.06,0.3,1.61,384,172.9,0.999,2022-10-28
2709587,72110221,"Cress, cooked",6411,Other dark green vegetables,,58,2.72,5.73,3.47,1.1,4.58,145,65.0,1.121,2022-10-28
2709586,72110100,"Cress, raw",6411,Other dark green vegetables,raw,32,2.6,5.5,0.7,1.1,4.4,14,38.7,1.209,2022-10-28
2708023,53415100,"Crisp, apple",5502,Cakes and pies,,215,2.81,30.18,9.59,2.7,15.82,119,218.3,1.015,2022-10-28
2708026,53415300,"Crisp, berry",5502,Cakes and pies,,228,3.41,32.81,9.78,5,16.59,119,232.9,1.021,2022-10-28
2708027,53415400,"Crisp, cherry",5502,Cakes and pies,,234,3.13,34.67,9.61,2.8,20.63,119,237.7,1.016,2022-10-28
2708028,53415500,"Crisp, peach",5502,Cakes and pies,,214,2.98,29.6,9.59,2.7,15.52,121,216.6,1.012,2022-10-28
2707678,51166000,Croissant,5506,"Doughnuts, sweet rolls, pastries",,406,8.2,45.8,21,2.6,11.26,300,405.0,0.998,2022-10-28
2707679,51166100,"Croissant, cheese",5506,"Doughnuts, sweet rolls, pastries",,414,9.2,47,20.9,2.6,11.35,361,412.9,0.997,2022-10-28
2707680,51166200,"Croissant, chocolate",5506,"Doughnuts, sweet rolls, pastries",,421,7.4,49.4,22.79,3.3,19.87,242,432.3,1.027,2022-10-28
2707681,51166500,"Croissant, fruit",5506,"Doughnuts, sweet rolls, pastries",,396,7.75,47.04,19.72,3,14.1,287,396.6,1.002,2022-10-28
2707697,51185000,Croutons,5202,"Crackers, excludes saltines",,465,10.8,63.5,18.3,5,4.41,1333,461.9,0.993,2022-10-28
2706973,27520410,Cuban sandwich,3742,Meat and BBQ sandwiches,,228,15.86,16.3,10.69,0.8,2.46,553,224.8,0.986,2022-10-28
2709818,75142000,Cucumber and vegetable namasu,6432,"Coleslaw, non-lettuce salads",,56,0.47,12.22,0.18,0.6,10.78,120,52.4,0.935,2022-10-28
2709821,75142600,Cucumber salad made with cucumber and vinegar,6432,"Coleslaw, non-lettuce salads",,34,0.5,6.79,0.13,0.5,5.33,236,30.3,0.892,2022-10-28
2709820,75142550,"Cucumber salad, made with Italian dressing",6432,"Coleslaw, non-lettuce salads",,120,0.46,6.19,9.96,0.5,4.78,207,116.2,0.969,2022-10-28
2709819,75142500,"Cucumber salad, made with sour cream dressing",6432,"Coleslaw, non-lettuce salads",,66,1.3,3.7,5.18,0.4,2.16,219,66.6,1.009,2022-10-28
2709928,75216720,"Cucumber, cooked",6420,Other vegetables and combinations,,45,0.72,3.37,3.2,0.6,1.91,145,45.2,1.004,2022-10-28
2710249,89902010,"Cucumber, for use on a sandwich",6489,Vegetables on a sandwich,,16,0.62,2.95,0.18,0.5,1.67,2,15.9,0.994,2022-10-28
2709784,75111000,"Cucumber, raw",6420,Other vegetables and combinations,raw,16,0.62,2.95,0.18,0.5,1.67,2,15.9,0.994,2022-10-28
2709201,62108100,"Currants, dried",6016,Dried fruits,dried,290,3.43,76.98,0.22,4.4,62.28,43,323.6,1.116,2022-10-28
2710178,81312100,Curry sauce,8412,"Dips, gravies, other sauces",,95,1.39,5.03,8.22,1.4,3.37,383,99.7,1.049,2022-10-28
2705682,13210300,Custard,5804,Pudding,,97,5.08,10.97,3.64,0,10.89,84,97.0,1.000,2022-10-28
2710630,93301040,Daiquiri,7506,Liquor and cocktails,,119,0.09,15.64,0.1,0.1,14.93,64,63.8,0.536,2022-10-28
2707427,41305050,Dal,2802,"Beans, peas, legumes",,145,8.6,19.17,4.31,7.5,1.71,309,149.9,1.034,2022-10-28
2709589,72113220,"Dandelion greens, cooked",6411,Other dark green vegetables,,71,2.82,9.58,3.47,3.6,0.74,209,80.8,1.138,2022-10-28
2709588,72113100,"Dandelion greens, raw",6411,Other dark green vegetables,raw,45,2.7,9.2,0.7,3.5,0.71,76,53.9,1.198,2022-10-28
2708059,53510000,"Danish pastry, plain or spice",5506,"Doughnuts, sweet rolls, pastries",,403,7,44.6,22.4,1.3,19.78,414,408.0,1.012,2022-10-28
2708061,53511000,"Danish pastry, with cheese",5506,"Doughnuts, sweet rolls, pastries",,374,8,37.2,21.9,1,6.95,417,377.9,1.010,2022-10-28
2708060,53510100,"Danish pastry, with fruit",5506,"Doughnuts, sweet rolls, pastries",,371,5.4,47.8,18.5,1.9,27.53,445,379.3,1.022,2022-10-28
2710336,91705300,Dark chocolate candy,5702,Candy containing chocolate,,550,5.09,59.97,32.2,7.2,46.14,23,550.0,1.000,2022-10-28
2710338,91705315,Dark chocolate candy with nuts,5702,Candy containing chocolate,,560,8.26,52.18,36.27,7.9,37.88,19,568.2,1.015,2022-10-28
2710337,91705312,"Dark chocolate candy with nuts, other, NFS",5702,Candy containing chocolate,,560,8.26,52.18,36.27,7.9,37.88,19,568.2,1.015,2022-10-28
2710335,91705290,"Dark chocolate candy, other, NFS",5702,Candy containing chocolate,,550,5.09,59.97,32.2,7.2,46.14,23,550.0,1.000,2022-10-28
2710806,99997800,Dark green vegetables as ingredient in omelet,9999,Not included in a food category,,35,2.97,4.51,0.56,1.9,1.19,94,35.0,0.999,2022-10-28
2709203,62110100,Date,6016,Dried fruits,,282,2.45,75.03,0.39,8,63.35,2,313.4,1.111,2022-10-28
2710295,91306040,Dessert dip,8806,"Jams, syrups, toppings",,249,6.01,22.48,15.05,0,22.18,170,249.4,1.002,2022-10-28
2708008,53344300,Dessert pizza,5502,Cakes and pies,,204,1.84,32.38,7.53,1.7,15.75,130,204.7,1.003,2022-10-28
2710297,91361040,Dessert sauce,8806,"Jams, syrups, toppings",,150,0.09,19.53,7.95,0,17.15,103,150.0,1.000,2022-10-28
2705618,12350010,"Dip, NFS",8412,"Dips, gravies, other sauces",,432,2.55,3.94,45.18,0.3,2.48,718,432.6,1.001,2022-10-28
2709078,58163130,Dirty rice,3202,Rice mixed dishes,,112,5.12,17.25,2.25,0.6,0.87,316,109.7,0.980,2022-10-28
2708347,55702100,"Dosa, plain",4404,"Pancakes, waffles, French toast",,210,5.7,37.04,4.05,1.8,0.3,309,207.4,0.988,2022-10-28
2709129,58174100,"Dosa, with filling",4404,"Pancakes, waffles, French toast",,184,5.46,30.8,4.27,2.2,1.1,330,183.5,0.997,2022-10-28
2706913,27510386,Double cheeseburger (Burger King),3702,Burgers,,278,16.3,16.92,15.73,0.7,3.62,502,274.4,0.987,2022-10-28
2706914,27510387,Double cheeseburger (McDonalds),3702,Burgers,,282,16.24,17.97,16.18,0.9,4.16,617,282.5,1.002,2022-10-28
2706918,27510405,"Double cheeseburger, from fast food, 2 large patties",3702,Burgers,,299,20.24,9.66,19.36,0.3,1.66,409,293.8,0.983,2022-10-28
2706917,27510401,"Double cheeseburger, from fast food, 2 medium patties",3702,Burgers,,300,19.64,11.79,18.84,0.4,2.03,440,295.3,0.984,2022-10-28
2706912,27510371,"Double cheeseburger, from fast food, 2 small patties",3702,Burgers,,297,18.12,17.68,16.6,0.6,2.85,447,292.6,0.985,2022-10-28
2706911,27510263,"Double cheeseburger, on wheat bun, 2 large patties",3702,Burgers,,296,20.53,8.81,19.37,1,1.29,399,291.7,0.985,2022-10-28
2706908,27510258,"Double cheeseburger, on wheat bun, 2 medium patties",3702,Burgers,,297,20,10.76,18.85,1.2,1.57,428,292.7,0.985,2022-10-28
2706906,27510255,"Double cheeseburger, on wheat bun, 2 small patties",3702,Burgers,,292,19.72,12.11,17.88,1.4,1.62,399,288.2,0.987,2022-10-28
2706910,27510262,"Double cheeseburger, on white bun, 2 large patties",3702,Burgers,,299,20.24,9.66,19.36,0.3,1.66,409,293.8,0.983,2022-10-28
2706907,27510257,"Double cheeseburger, on white bun, 2 medium patties",3702,Burgers,,300,19.64,11.79,18.84,0.4,2.03,440,295.3,0.984,2022-10-28
2706905,27510254,"Double cheeseburger, on white bun, 2 small patties",3702,Burgers,,296,19.31,13.31,17.86,0.5,2.15,412,291.2,0.984,2022-10-28
2706944,27510675,"Double hamburger, from fast food, 2 large patties",3702,Burgers,,290,20.22,10.33,18.05,0.4,1.5,322,284.6,0.982,2022-10-28
2706943,27510671,"Double hamburger, from fast food, 2 medium patties",3702,Burgers,,290,19.51,13.02,17.09,0.5,1.89,336,283.9,0.979,2022-10-28
2706942,27510661,"Double hamburger, from fast food, 2 small patties",3702,Burgers,,288,17.76,19.68,14.73,0.7,2.86,357,282.3,0.980,2022-10-28
2706941,27510659,"Double hamburger, on wheat bun, 2 large patties",3702,Burgers,,287,20.56,9.36,18.06,1.1,1.07,311,282.2,0.983,2022-10-28
2706939,27510657,"Double hamburger, on wheat bun, 2 medium patties",3702,Burgers,,286,19.93,11.8,17.11,1.4,1.35,322,280.9,0.982,2022-10-28
2706937,27510652,"Double hamburger, on wheat bun, 2 small patties",3702,Burgers,,285,19.65,12.93,16.66,1.5,1.48,328,280.3,0.983,2022-10-28
2706940,27510658,"Double hamburger, on white bun, 2 large patties",3702,Burgers,,290,20.22,10.33,18.05,0.4,1.5,322,284.6,0.982,2022-10-28
2706938,27510655,"Double hamburger, on white bun, 2 medium patties",3702,Burgers,,290,19.51,13.02,17.09,0.5,1.89,336,283.9,0.979,2022-10-28
2706936,27510649,"Double hamburger, on white bun, 2 small patties",3702,Burgers,,289,19.18,14.26,16.65,0.5,2.07,344,283.6,0.981,2022-10-28
2708069,53520170,Doughnut holes,5506,"Doughnuts, sweet rolls, pastries",,426,5.52,49.52,22.86,1.8,23.51,378,425.9,1.000,2022-10-28
2708067,53520140,"Doughnut, cake type, chocolate icing",5506,"Doughnuts, sweet rolls, pastries",,427,4.47,50.29,23.46,1.5,26.06,418,430.2,1.007,2022-10-28
2708063,53520100,"Doughnut, cake type, plain",5506,"Doughnuts, sweet rolls, pastries",,434,5.31,47.06,24.93,1.7,18.15,477,433.9,1.000,2022-10-28
2708065,53520130,"Doughnut, cake type, powdered sugar",5506,"Doughnuts, sweet rolls, pastries",,431,4.9,51.12,23.01,1.6,24.28,440,431.2,1.000,2022-10-28
2708066,53520135,"Doughnut, cake type, with icing",5506,"Doughnuts, sweet rolls, pastries",,431,4.25,51.23,23.19,1.4,27.14,418,430.6,0.999,2022-10-28
2708064,53520120,"Doughnut, chocolate",5506,"Doughnuts, sweet rolls, pastries",,417,5.2,51.95,22.44,3.7,26.05,388,430.6,1.033,2022-10-28
2708068,53520160,"Doughnut, chocolate, with chocolate icing",5506,"Doughnuts, sweet rolls, pastries",,413,5.42,51.01,22.72,3.9,24.97,388,430.2,1.042,2022-10-28
2708075,53521210,"Doughnut, custard-filled",5506,"Doughnuts, sweet rolls, pastries",,363,5.2,42.86,18.92,1.7,21.59,287,362.5,0.999,2022-10-28
2708076,53521230,"Doughnut, custard-filled, with icing",5506,"Doughnuts, sweet rolls, pastries",,368,4.52,46.25,18.7,1.6,27.61,270,371.4,1.009,2022-10-28
2708074,53521140,"Doughnut, jelly",5506,"Doughnuts, sweet rolls, pastries",,390,4.94,52.33,18.16,1.9,28.44,259,392.5,1.006,2022-10-28
2708062,53520000,"Doughnut, NFS",5506,"Doughnuts, sweet rolls, pastries",,426,5.52,49.52,22.86,1.8,23.51,378,425.9,1.000,2022-10-28
2708072,53521110,"Doughnut, yeast type",5506,"Doughnuts, sweet rolls, pastries",,421,6.14,47.93,22.7,2.1,22.75,316,420.6,0.999,2022-10-28
2708073,53521130,"Doughnut, yeast type, with chocolate icing",5506,"Doughnuts, sweet rolls, pastries",,416,5.13,50.98,21.68,1.9,29.74,289,419.6,1.009,2022-10-28
2706147,24402100,"Dove, cooked, NS as to cooking method",2206,"Turkey, duck, other poultry",,212,23.8,0,12.95,0,0,219,211.8,0.999,2022-10-28
2706148,24402110,"Dove, fried",2206,"Turkey, duck, other poultry",fried,223,23.06,1.46,13.84,0,0.11,197,222.6,0.998,2022-10-28
2709234,63116010,Dragon fruit,6018,Other fruits and fruit salads,,68,0.68,16.24,0.21,1.8,12,1,69.6,1.023,2022-10-28
2708748,58128220,Dressing with chicken or turkey and vegetables,3208,Turnovers and other grain-based items,,217,8.2,20.97,11.17,1.4,2.72,509,217.2,1.001,2022-10-28
2708749,58128250,Dressing with meat and vegetables,3208,Turnovers and other grain-based items,,243,7.94,20.36,14.56,1.3,2.96,635,244.2,1.005,2022-10-28
2708747,58128210,Dressing with oysters,3208,Turnovers and other grain-based items,,189,4.95,18.4,10.75,1.2,2.62,503,190.1,1.006,2022-10-28
2709195,62101050,"Dried, fruit, NFS",6016,Dried fruits,dried,298,2.28,78.62,0.62,4.8,66.33,32,329.2,1.105,2022-10-28
2707176,31201000,"Duck egg, cooked",2502,Eggs and omelets,,224,11.96,1.36,18.55,0,0.88,264,220.2,0.983,2022-10-28
2710298,91361050,Duck sauce,8406,Mustard and other condiments,,245,0.36,60.66,0.13,0.6,30.54,712,245.2,1.001,2022-10-28
2706137,24300110,"Duck, cooked, skin eaten",2206,"Turkey, duck, other poultry",,336,18.91,0,28.23,0,0,221,329.7,0.981,2022-10-28
2706138,24300120,"Duck, cooked, skin not eaten",2206,"Turkey, duck, other poultry",,200,23.38,0,11.15,0,0,227,193.9,0.969,2022-10-28
2706141,24302010,"Duck, Peking",2206,"Turkey, duck, other poultry",,154,5.32,6.47,11.76,0.3,4.41,287,153.0,0.994,2022-10-28
2706139,24301010,"Duck, roasted, skin eaten",2206,"Turkey, duck, other poultry",roasted,336,18.91,0,28.23,0,0,221,329.7,0.981,2022-10-28
2706140,24301020,"Duck, roasted, skin not eaten",2206,"Turkey, duck, other poultry",roasted,200,23.38,0,11.15,0,0,227,193.9,0.969,2022-10-28
2708957,58150520,"Dukboki or Tteokbokki, Korean",3202,Rice mixed dishes,,131,4.11,19.61,4.05,0.8,1.52,198,131.3,1.003,2022-10-28
2705699,13252200,Dulce de leche,5804,Pudding,,315,6.84,55.35,7.35,0,49.74,129,314.9,1.000,2022-10-28
2708344,55610300,"Dumpling, no meat",4402,"Biscuits, muffins, quick breads",,125,3.45,20.49,3.37,0.7,1.23,428,126.1,1.009,2022-10-28
2707436,41420020,"Edamame, cooked",2802,"Beans, peas, legumes",,140,11.54,8.63,7.58,5,2.12,127,148.9,1.064,2022-10-28
2707343,34003100,Egg burrito,3706,Egg/breakfast sandwiches,,249,10.91,20.06,13.71,1.4,1.75,470,247.3,0.993,2022-10-28
2707345,34003130,"Egg burrito, with bacon",3706,Egg/breakfast sandwiches,,260,12.12,19.09,14.84,1.3,1.66,534,258.4,0.994,2022-10-28
2707346,34003140,"Egg burrito, with ham",3706,Egg/breakfast sandwiches,,242,11.29,19.09,13.22,1.3,1.74,508,240.5,0.994,2022-10-28
2707344,34003120,"Egg burrito, with sausage",3706,Egg/breakfast sandwiches,,257,11.27,18.88,14.96,1.3,1.7,484,255.2,0.993,2022-10-28
2707192,32105190,"Egg casserole with bread, cheese, milk and meat",2502,Eggs and omelets,,175,11.43,10.22,9.75,0.4,2.77,420,174.3,0.996,2022-10-28
2707193,32105200,"Egg foo yung, NFS",3404,Stir-fry and soy-based sauce mixtures,,125,11.69,5.2,6.16,0.3,3.07,340,123.0,0.984,2022-10-28
2707206,32130080,"Egg omelet or scrambled egg, from fast food / restaurant",2502,Eggs and omelets,,192,11.56,0.9,15.81,0,0.19,228,192.1,1.001,2022-10-28
2707202,32130040,"Egg omelet or scrambled egg, made with animal fat or meat drippings",2502,Eggs and omelets,,188,11.7,0.9,15.3,0,0.19,268,188.1,1.001,2022-10-28
2707201,32130020,"Egg omelet or scrambled egg, made with butter",2502,Eggs and omelets,,182,11.61,0.9,14.64,0,0.22,263,181.8,0.999,2022-10-28
2707203,32130060,"Egg omelet or scrambled egg, made with cooking spray",2502,Eggs and omelets,,149,12.24,1.15,10.61,0,0.2,243,149.1,1.000,2022-10-28
2707199,32130000,"Egg omelet or scrambled egg, made with margarine",2502,Eggs and omelets,,171,11.57,0.95,13.52,0,0.19,274,171.8,1.004,2022-10-28
2707200,32130010,"Egg omelet or scrambled egg, made with oil",2502,Eggs and omelets,,192,11.56,0.9,15.81,0,0.19,228,192.1,1.001,2022-10-28
2707205,32130070,"Egg omelet or scrambled egg, no added fat",2502,Eggs and omelets,,143,12.36,0.96,9.93,0,0.2,244,142.7,0.998,2022-10-28
2707198,32129990,"Egg omelet or scrambled egg, NS as to fat",2502,Eggs and omelets,,185,11.58,0.91,15,0,0.2,248,185.0,1.000,2022-10-28
2707204,32130065,"Egg omelet or scrambled egg, NS as to fat type",2502,Eggs and omelets,,185,11.58,0.91,15,0,0.2,248,185.0,1.000,2022-10-28
2707244,32130630,"Egg omelet or scrambled egg, with cheese and dark-green vegetables, fat added",2502,Eggs and omelets,,187,11.6,1.75,14.89,0.2,0.59,314,187.4,1.002,2022-10-28
2707245,32130640,"Egg omelet or scrambled egg, with cheese and dark-green vegetables, no added fat",2502,Eggs and omelets,,155,12.2,1.84,10.98,0.2,0.61,315,155.0,1.000,2022-10-28
2707246,32130650,"Egg omelet or scrambled egg, with cheese and dark-green vegetables, NS as to fat",2502,Eggs and omelets,,187,11.6,1.75,14.89,0.2,0.59,314,187.4,1.002,2022-10-28
2707225,32130340,"Egg omelet or scrambled egg, with cheese and meat, made with animal fat or meat drippings",2502,Eggs and omelets,,212,13.38,1.42,16.98,0,0.54,415,212.0,1.000,2022-10-28
2707224,32130320,"Egg omelet or scrambled egg, with cheese and meat, made with butter",2502,Eggs and omelets,,207,13.3,1.42,16.45,0,0.57,411,206.9,1.000,2022-10-28
2707226,32130360,"Egg omelet or scrambled egg, with cheese and meat, made with cooking spray",2502,Eggs and omelets,,182,13.89,1.65,13.3,0,0.56,402,181.9,0.999,2022-10-28
2707222,32130300,"Egg omelet or scrambled egg, with cheese and meat, made with margarine",2502,Eggs and omelets,,198,13.27,1.46,15.54,0,0.54,420,198.8,1.004,2022-10-28
2707223,32130310,"Egg omelet or scrambled egg, with cheese and meat, made with oil",2502,Eggs and omelets,,215,13.26,1.42,17.39,0,0.54,383,215.2,1.001,2022-10-28
2707228,32130370,"Egg omelet or scrambled egg, with cheese and meat, no added fat",2502,Eggs and omelets,,177,14,1.5,12.78,0,0.57,404,177.0,1.000,2022-10-28
2707221,32130290,"Egg omelet or scrambled egg, with cheese and meat, NS as to fat",2502,Eggs and omelets,,209,13.27,1.43,16.74,0,0.55,399,209.5,1.002,2022-10-28
2707227,32130365,"Egg omelet or scrambled egg, with cheese and meat, NS as to fat type",2502,Eggs and omelets,,209,13.27,1.43,16.74,0,0.55,399,209.5,1.002,2022-10-28
2707241,32130600,"Egg omelet or scrambled egg, with cheese and tomatoes, fat added",2502,Eggs and omelets,,186,11.39,1.86,14.86,0.2,0.83,305,186.7,1.004,2022-10-28
2707242,32130610,"Egg omelet or scrambled egg, with cheese and tomatoes, no added fat",2502,Eggs and omelets,,154,11.99,1.95,10.94,0.2,0.87,305,154.2,1.001,2022-10-28
2707243,32130620,"Egg omelet or scrambled egg, with cheese and tomatoes, NS as to fat",2502,Eggs and omelets,,186,11.39,1.86,14.86,0.2,0.83,305,186.7,1.004,2022-10-28
2707250,32130690,"Egg omelet or scrambled egg, with cheese and vegetables other than dark green and/or tomatoes, fat added",2502,Eggs and omelets,,188,11.63,1.89,14.87,0.2,0.76,305,187.9,1.000,2022-10-28
2707251,32130700,"Egg omelet or scrambled egg, with cheese and vegetables other than dark green and/or tomatoes, no added fat",2502,Eggs and omelets,,155,12.24,1.98,10.96,0.2,0.79,305,155.5,1.003,2022-10-28
2707252,32130710,"Egg omelet or scrambled egg, with cheese and vegetables other than dark green and/or tomatoes, NS as to fat",2502,Eggs and omelets,,188,11.63,1.89,14.87,0.2,0.76,305,187.9,1.000,2022-10-28
2707210,32130140,"Egg omelet or scrambled egg, with cheese, made with animal fat or meat drippings",2502,Eggs and omelets,,209,12.77,1.4,16.91,0,0.51,359,208.9,0.999,2022-10-28
2707209,32130120,"Egg omelet or scrambled egg, with cheese, made with butter",2502,Eggs and omelets,,203,12.69,1.41,16.34,0,0.54,354,203.5,1.002,2022-10-28
2707211,32130160,"Egg omelet or scrambled egg, with cheese, made with cooking spray",2502,Eggs and omelets,,176,13.29,1.65,12.91,0,0.53,341,175.9,1.000,2022-10-28
2707207,32130100,"Egg omelet or scrambled egg, with cheese, made with margarine",2502,Eggs and omelets,,194,12.65,1.45,15.35,0,0.51,364,194.6,1.003,2022-10-28
2707208,32130110,"Egg omelet or scrambled egg, with cheese, made with oil",2502,Eggs and omelets,,212,12.64,1.4,17.36,0,0.51,324,212.4,1.002,2022-10-28
2707268,32131030,"Egg omelet or scrambled egg, with cheese, meat, and dark-green vegetables, fat added",2502,Eggs and omelets,,199,12.68,1.6,15.82,0.1,0.58,381,199.5,1.003,2022-10-28
2707269,32131040,"Egg omelet or scrambled egg, with cheese, meat, and dark-green vegetables, no added fat",2502,Eggs and omelets,,169,13.34,1.68,12.05,0.1,0.6,386,168.5,0.997,2022-10-28
2707270,32131050,"Egg omelet or scrambled egg, with cheese, meat, and dark-green vegetables, NS as to fat",2502,Eggs and omelets,,199,12.68,1.6,15.82,0.1,0.58,381,199.5,1.003,2022-10-28
2707265,32131000,"Egg omelet or scrambled egg, with cheese, meat, and tomatoes, fat added",2502,Eggs and omelets,,199,12.58,1.66,15.8,0.1,0.71,376,199.2,1.001,2022-10-28
2707266,32131010,"Egg omelet or scrambled egg, with cheese, meat, and tomatoes, no added fat",2502,Eggs and omelets,,168,13.22,1.74,12.03,0.1,0.74,381,168.1,1.001,2022-10-28
2707267,32131020,"Egg omelet or scrambled egg, with cheese, meat, and tomatoes, NS as to fat",2502,Eggs and omelets,,199,12.58,1.66,15.8,0.1,0.71,376,199.2,1.001,2022-10-28
2707274,32131090,"Egg omelet or scrambled egg, with cheese, meat, and vegetables other than dark-green and/or tomatoes, fat added",2502,Eggs and omelets,,200,12.7,1.67,15.81,0.1,0.67,376,199.8,0.999,2022-10-28
2707275,32131100,"Egg omelet or scrambled egg, with cheese, meat, and vegetables other than dark-green and/or tomatoes, no added fat",2502,Eggs and omelets,,169,13.35,1.75,12.04,0.1,0.7,381,168.8,0.999,2022-10-28
2707276,32131110,"Egg omelet or scrambled egg, with cheese, meat, and vegetables other than dark-green and/or tomatoes, NS as to fat",2502,Eggs and omelets,,200,12.7,1.67,15.81,0.1,0.67,376,199.8,0.999,2022-10-28
2707271,32131060,"Egg omelet or scrambled egg, with cheese, meat, tomatoes, and dark-green vegetables, fat added",2502,Eggs and omelets,,190,12.06,1.81,14.98,0.2,0.74,361,190.3,1.002,2022-10-28
2707272,32131070,"Egg omelet or scrambled egg, with cheese, meat, tomatoes, and dark-green vegetables, no added fat",2502,Eggs and omelets,,160,12.64,1.89,11.38,0.2,0.76,364,160.5,1.003,2022-10-28
2707273,32131080,"Egg omelet or scrambled egg, with cheese, meat, tomatoes, and dark-green vegetables, NS as to fat",2502,Eggs and omelets,,190,12.06,1.81,14.98,0.2,0.74,361,190.3,1.002,2022-10-28
2707212,32130170,"Egg omelet or scrambled egg, with cheese, no added fat",2502,Eggs and omelets,,171,13.41,1.49,12.34,0,0.54,344,170.7,0.998,2022-10-28
2707247,32130660,"Egg omelet or scrambled egg, with cheese, tomatoes, and dark-green vegetables, fat added",2502,Eggs and omelets,,186,11.43,1.83,14.77,0.2,0.72,308,186.0,1.000,2022-10-28
2707248,32130670,"Egg omelet or scrambled egg, with cheese, tomatoes, and dark-green vegetables, no added fat",2502,Eggs and omelets,,153,12.02,1.92,10.88,0.2,0.75,308,153.7,1.004,2022-10-28
2707249,32130680,"Egg omelet or scrambled egg, with cheese, tomatoes, and dark-green vegetables, NS as to fat",2502,Eggs and omelets,,186,11.43,1.83,14.77,0.2,0.72,308,186.0,1.000,2022-10-28
2707232,32130430,"Egg omelet or scrambled egg, with dark-green vegetables, fat added",2502,Eggs and omelets,,166,10.52,1.35,13.23,0.2,0.32,229,166.6,1.003,2022-10-28
2707233,32130440,"Egg omelet or scrambled egg, with dark-green vegetables, no added fat",2502,Eggs and omelets,,129,11.14,1.42,8.71,0.3,0.33,225,128.6,0.997,2022-10-28
2707234,32130450,"Egg omelet or scrambled egg, with dark-green vegetables, NS as to fat",2502,Eggs and omelets,,166,10.52,1.35,13.23,0.2,0.32,229,166.6,1.003,2022-10-28
2707256,32130830,"Egg omelet or scrambled egg, with meat and dark-green vegetables, fat added",2502,Eggs and omelets,,173,11.3,1.37,13.58,0.2,0.36,295,172.9,0.999,2022-10-28
2707257,32130840,"Egg omelet or scrambled egg, with meat and dark-green vegetables, no added fat",2502,Eggs and omelets,,138,11.91,1.44,9.44,0.2,0.37,295,138.4,1.003,2022-10-28
2707258,32130850,"Egg omelet or scrambled egg, with meat and dark-green vegetables, NS as to fat",2502,Eggs and omelets,,173,11.3,1.37,13.58,0.2,0.36,295,172.9,0.999,2022-10-28
2707253,32130800,"Egg omelet or scrambled egg, with meat and tomatoes, fat added",2502,Eggs and omelets,,172,11.09,1.48,13.54,0.2,0.62,285,172.1,1.001,2022-10-28
2707254,32130810,"Egg omelet or scrambled egg, with meat and tomatoes, no added fat",2502,Eggs and omelets,,137,11.69,1.55,9.4,0.2,0.64,284,137.6,1.004,2022-10-28
2707255,32130820,"Egg omelet or scrambled egg, with meat and tomatoes, NS as to fat",2502,Eggs and omelets,,172,11.09,1.48,13.54,0.2,0.62,285,172.1,1.001,2022-10-28
2707262,32130890,"Egg omelet or scrambled egg, with meat and vegetables other than dark-green and/or tomatoes, fat added",2502,Eggs and omelets,,173,11.33,1.51,13.56,0.2,0.54,285,173.4,1.002,2022-10-28
2707263,32130900,"Egg omelet or scrambled egg, with meat and vegetables other than dark-green and/or tomatoes, no added fat",2502,Eggs and omelets,,139,11.95,1.58,9.42,0.2,0.56,284,138.9,0.999,2022-10-28
2707264,32130910,"Egg omelet or scrambled egg, with meat and vegetables other than dark-green and/or tomatoes, NS as to fat",2502,Eggs and omelets,,173,11.33,1.51,13.56,0.2,0.54,285,173.4,1.002,2022-10-28
2707217,32130240,"Egg omelet or scrambled egg, with meat, made with animal fat or meat drippings",2502,Eggs and omelets,,196,12.82,0.98,15.61,0,0.27,370,195.7,0.998,2022-10-28
2707216,32130220,"Egg omelet or scrambled egg, with meat, made with butter",2502,Eggs and omelets,,190,12.74,0.99,15.04,0,0.31,366,190.3,1.001,2022-10-28
2707218,32130260,"Egg omelet or scrambled egg, with meat, made with cooking spray",2502,Eggs and omelets,,162,13.35,1.21,11.54,0,0.29,353,162.1,1.001,2022-10-28
2707214,32130200,"Egg omelet or scrambled egg, with meat, made with margarine",2502,Eggs and omelets,,181,12.7,1.03,14.06,0,0.27,375,181.5,1.003,2022-10-28
2707215,32130210,"Egg omelet or scrambled egg, with meat, made with oil",2502,Eggs and omelets,,199,12.69,0.98,16.06,0,0.27,336,199.2,1.001,2022-10-28
2707220,32130270,"Egg omelet or scrambled egg, with meat, no added fat",2502,Eggs and omelets,,157,13.46,1.04,10.96,0,0.29,356,156.6,0.998,2022-10-28
2707213,32130190,"Egg omelet or scrambled egg, with meat, NS as to fat",2502,Eggs and omelets,,193,12.71,0.99,15.35,0,0.28,353,193.0,1.000,2022-10-28
2707219,32130265,"Egg omelet or scrambled egg, with meat, NS as to fat type",2502,Eggs and omelets,,193,12.71,0.99,15.35,0,0.28,353,193.0,1.000,2022-10-28
2707259,32130860,"Egg omelet or scrambled egg, with meat, tomatoes, and dark-green vegetables, fat added",2502,Eggs and omelets,,174,11.47,1.46,13.62,0.2,0.52,318,174.3,1.002,2022-10-28
2707260,32130870,"Egg omelet or scrambled egg, with meat, tomatoes, and dark-green vegetables, no added fat",2502,Eggs and omelets,,141,12.07,1.52,9.68,0.2,0.54,319,141.5,1.003,2022-10-28
2707261,32130880,"Egg omelet or scrambled egg, with meat, tomatoes, and dark-green vegetables, NS as to fat",2502,Eggs and omelets,,174,11.47,1.46,13.62,0.2,0.52,318,174.3,1.002,2022-10-28
2707277,32131200,"Egg omelet or scrambled egg, with potatoes and/or onions, fat added",2502,Eggs and omelets,,172,10.41,2.97,13.18,0.3,0.47,218,172.1,1.001,2022-10-28
2707278,32131210,"Egg omelet or scrambled egg, with potatoes and/or onions, no added fat",2502,Eggs and omelets,,134,11.03,3.14,8.65,0.3,0.49,214,134.5,1.004,2022-10-28
2707279,32131220,"Egg omelet or scrambled egg, with potatoes and/or onions, NS as to fat",2502,Eggs and omelets,,172,10.41,2.97,13.18,0.3,0.47,218,172.1,1.001,2022-10-28
2707235,32130460,"Egg omelet or scrambled egg, with tomatoes and dark-green vegetables, fat added",2502,Eggs and omelets,,165,10.34,1.44,13.11,0.2,0.47,222,165.1,1.001,2022-10-28
2707236,32130470,"Egg omelet or scrambled egg, with tomatoes and dark-green vegetables, no fat added",2502,Eggs and omelets,,127,10.94,1.51,8.62,0.2,0.49,218,127.4,1.003,2022-10-28
2707237,32130480,"Egg omelet or scrambled egg, with tomatoes and dark-green vegetables, NS as to fat",2502,Eggs and omelets,,165,10.34,1.44,13.11,0.2,0.47,222,165.1,1.001,2022-10-28
2707229,32130400,"Egg omelet or scrambled egg, with tomatoes, fat added",2502,Eggs and omelets,,165,10.29,1.47,13.19,0.2,0.59,218,165.8,1.005,2022-10-28
2707230,32130410,"Egg omelet or scrambled egg, with tomatoes, no added fat",2502,Eggs and omelets,,127,10.9,1.55,8.67,0.2,0.62,213,127.8,1.007,2022-10-28
2707231,32130420,"Egg omelet or scrambled egg, with tomatoes, NS as to fat",2502,Eggs and omelets,,165,10.29,1.47,13.19,0.2,0.59,218,165.8,1.005,2022-10-28
2707238,32130490,"Egg omelet or scrambled egg, with vegetables other than dark green and/or tomatoes, fat added",2502,Eggs and omelets,,167,10.55,1.5,13.21,0.3,0.51,218,167.1,1.001,2022-10-28
2707239,32130500,"Egg omelet or scrambled egg, with vegetables other than dark green and/or tomatoes, no added fat",2502,Eggs and omelets,,129,11.18,1.58,8.69,0.3,0.53,213,129.2,1.002,2022-10-28
2707240,32130510,"Egg omelet or scrambled egg, with vegetables other than dark green and/or tomatoes, NS as to fat",2502,Eggs and omelets,,167,10.55,1.5,13.21,0.3,0.51,218,167.1,1.001,2022-10-28
2708700,58110110,"Egg roll, meatless",3406,"Egg rolls, dumplings, sushi",,270,5.62,30.02,14.14,2.3,5.63,463,269.8,0.999,2022-10-28
2708702,58110130,"Egg roll, with beef and/or pork",3406,"Egg rolls, dumplings, sushi",,272,7.58,27.02,14.7,2,5.07,447,270.7,0.995,2022-10-28
2708703,58110170,"Egg roll, with chicken or turkey",3406,"Egg rolls, dumplings, sushi",,266,7.59,27.02,14.09,2,5.07,449,265.2,0.997,2022-10-28
2708701,58110120,"Egg roll, with shrimp",3406,"Egg rolls, dumplings, sushi",,258,6.68,27.12,13.61,2,5.07,440,257.7,0.999,2022-10-28
2707281,32203020,Egg salad sandwich on wheat,3706,Egg/breakfast sandwiches,,259,10.64,15.81,16.75,1.8,2.41,399,256.6,0.991,2022-10-28
2707280,32203010,Egg salad sandwich on white,3706,Egg/breakfast sandwiches,,260,9.98,17.07,16.62,0.8,2.45,402,257.8,0.991,2022-10-28
2707190,32103050,"Egg Salad, made with any type of fat free dressing",2502,Eggs and omelets,,139,9.8,4.29,8.82,0.4,3.14,420,135.7,0.977,2022-10-28
2707186,32103030,"Egg salad, made with creamy dressing",2502,Eggs and omelets,,212,10.17,2.12,17.68,0,1.86,420,208.3,0.982,2022-10-28
2707188,32103040,"Egg salad, made with Italian dressing",2502,Eggs and omelets,,172,10.02,3.38,12.74,0,3.11,456,168.3,0.978,2022-10-28
2707187,32103035,"Egg salad, made with light creamy dressing",2502,Eggs and omelets,,155,10.17,2.37,11.29,0,2.08,426,151.8,0.979,2022-10-28
2707189,32103045,"Egg salad, made with light Italian dressing",2502,Eggs and omelets,,143,9.98,2.98,9.74,0,2.8,437,139.5,0.976,2022-10-28
2707183,32103015,"Egg salad, made with light mayonnaise",2502,Eggs and omelets,,172,9.97,2.82,13,0,1.63,423,168.2,0.978,2022-10-28
2707185,32103025,"Egg salad, made with light mayonnaise-type salad dressing",2502,Eggs and omelets,,172,9.97,2.82,13,0,1.63,423,168.2,0.978,2022-10-28
2707182,32103000,"Egg salad, made with mayonnaise",2502,Eggs and omelets,,257,10.26,1.01,23.14,0,1.01,378,253.3,0.986,2022-10-28
2707184,32103020,"Egg salad, made with mayonnaise-type salad dressing",2502,Eggs and omelets,,174,10.07,3.93,12.83,0,2.95,385,171.5,0.985,2022-10-28
2707328,34001600,Egg sandwich on bagel,3706,Egg/breakfast sandwiches,,251,11.97,31.81,8.43,0.9,5.36,437,251.0,1.000,2022-10-28
2707330,34001620,"Egg sandwich on bagel, with bacon",3706,Egg/breakfast sandwiches,,268,13.71,29.43,10.54,0.9,4.93,536,267.4,0.998,2022-10-28
2707331,34001630,"Egg sandwich on bagel, with ham",3706,Egg/breakfast sandwiches,,238,12.55,28.88,8.04,0.9,4.99,510,238.1,1.000,2022-10-28
2707329,34001610,"Egg sandwich on bagel, with sausage",3706,Egg/breakfast sandwiches,,274,12.83,26.17,13.09,0.8,4.54,483,273.8,0.999,2022-10-28
2707323,34001500,Egg sandwich on biscuit,3706,Egg/breakfast sandwiches,,298,10.69,21.6,18.81,1.2,2.34,708,298.4,1.002,2022-10-28
2707326,34001530,"Egg sandwich on biscuit, with bacon",3706,Egg/breakfast sandwiches,,309,11.88,21.8,19.23,1.2,2,774,307.8,0.996,2022-10-28
2707327,34001540,"Egg sandwich on biscuit, with bacon and cheese",3706,Egg/breakfast sandwiches,,315,12.98,19.63,20.42,1.1,2.1,804,314.2,0.998,2022-10-28
2707324,34001510,"Egg sandwich on biscuit, with sausage",3706,Egg/breakfast sandwiches,,310,10.96,18.55,21.35,1,1.92,665,310.2,1.001,2022-10-28
2707325,34001520,"Egg sandwich on biscuit, with sausage and cheese",3706,Egg/breakfast sandwiches,,316,12.01,17.04,22.14,0.9,2.02,703,315.5,0.998,2022-10-28
2707319,34001400,Egg sandwich on croissant,3706,Egg/breakfast sandwiches,,309,11.45,21.35,19.72,1.1,5.48,388,308.7,0.999,2022-10-28
2707321,34001420,"Egg sandwich on croissant, with bacon",3706,Egg/breakfast sandwiches,,326,13.81,19.28,21.34,1,4.9,525,324.4,0.995,2022-10-28
2707322,34001430,"Egg sandwich on croissant, with ham",3706,Egg/breakfast sandwiches,,284,12.29,18.81,17.76,1,4.98,492,284.2,1.001,2022-10-28
2707320,34001410,"Egg sandwich on croissant, with sausage",3706,Egg/breakfast sandwiches,,325,12.67,16.59,23.03,0.9,4.4,459,324.3,0.998,2022-10-28
2707315,34001300,Egg sandwich on English muffin,3706,Egg/breakfast sandwiches,,230,11.74,20.63,11.2,1.5,2.07,444,230.3,1.001,2022-10-28
2707317,34001320,"Egg sandwich on English muffin, with bacon",3706,Egg/breakfast sandwiches,,255,14.08,18.64,13.72,1.4,1.85,574,254.4,0.997,2022-10-28
2707318,34001330,"Egg sandwich on English muffin, with ham",3706,Egg/breakfast sandwiches,,222,12.17,19.32,10.74,1.4,2.03,495,222.6,1.003,2022-10-28
2707316,34001310,"Egg sandwich on English muffin, with sausage",3706,Egg/breakfast sandwiches,,264,12.89,16.04,16.52,1.2,1.8,501,264.4,1.002,2022-10-28
2707332,34001700,Egg sandwich on griddle/pancake,3706,Egg/breakfast sandwiches,,242,8.32,22.81,13.21,0.8,8.22,439,243.4,1.006,2022-10-28
2707333,34001710,"Egg sandwich on griddle/pancake, with meat",3706,Egg/breakfast sandwiches,,287,11.69,15.62,19.84,0.5,5.86,565,287.8,1.003,2022-10-28
2707311,34001200,Egg sandwich on wheat bread,3706,Egg/breakfast sandwiches,,226,11.48,24.13,9.25,2.8,2.81,348,225.7,0.999,2022-10-28
2707312,34001210,"Egg sandwich on wheat bread, with cheese",3706,Egg/breakfast sandwiches,,246,12.86,21.18,12.21,2.4,2.81,450,246.1,1.000,2022-10-28
2707313,34001220,"Egg sandwich on wheat bread, with meat",3706,Egg/breakfast sandwiches,,266,12.86,17.99,15.8,2.1,2.3,439,265.6,0.998,2022-10-28
2707314,34001230,"Egg sandwich on wheat bread, with meat and cheese",3706,Egg/breakfast sandwiches,,277,13.75,16.46,17.29,1.8,2.36,506,276.4,0.998,2022-10-28
2707307,34001100,Egg sandwich on white bread,3706,Egg/breakfast sandwiches,,228,10.46,26.1,9.05,1.2,2.88,353,227.7,0.999,2022-10-28
2707308,34001110,"Egg sandwich on white bread, with cheese",3706,Egg/breakfast sandwiches,,248,11.99,22.85,12.04,1,2.87,455,247.7,0.999,2022-10-28
2707309,34001120,"Egg sandwich on white bread, with meat",3706,Egg/breakfast sandwiches,,267,12.1,19.44,15.65,0.9,2.35,443,267.0,1.000,2022-10-28
2707310,34001130,"Egg sandwich on white bread, with meat and cheese",3706,Egg/breakfast sandwiches,,278,13.08,17.74,17.16,0.8,2.4,510,277.7,0.999,2022-10-28
2707298,33001010,"Egg substitute, omelet, scrambled, or fried, fat added",2502,Eggs and omelets,,96,9.34,1.88,5.72,0,1.88,313,96.4,1.004,2022-10-28
2707299,33001050,"Egg substitute, omelet, scrambled, or fried, no added fat",2502,Eggs and omelets,,48,9.97,1.99,0,0,1.99,314,47.8,0.997,2022-10-28
2707300,33401000,"Egg substitute, omelet, scrambled, or fried, with cheese",2502,Eggs and omelets,,128,10.69,2.26,8.51,0,1.99,398,128.4,1.003,2022-10-28
2707303,33401300,"Egg substitute, omelet, scrambled, or fried, with cheese and meat",2502,Eggs and omelets,,138,11.46,2.21,9.21,0,1.9,452,137.6,0.997,2022-10-28
2707304,33401400,"Egg substitute, omelet, scrambled, or fried, with cheese and vegetables",2502,Eggs and omelets,,118,9.85,2.51,7.64,0.2,1.9,365,118.2,1.002,2022-10-28
2707306,33401600,"Egg substitute, omelet, scrambled, or fried, with cheese, meat, and vegetables",2502,Eggs and omelets,,132,10.97,2.35,8.72,0.1,1.86,431,131.8,0.998,2022-10-28
2707301,33401100,"Egg substitute, omelet, scrambled, or fried, with meat",2502,Eggs and omelets,,115,10.75,1.84,7.21,0,1.76,410,115.2,1.002,2022-10-28
2707305,33401500,"Egg substitute, omelet, scrambled, or fried, with meat and vegetables",2502,Eggs and omelets,,101,9.48,2.15,6.05,0.2,1.72,348,101.0,1.000,2022-10-28
2707302,33401200,"Egg substitute, omelet, scrambled, or fried, with vegetables",2502,Eggs and omelets,,89,8.56,2.2,5.09,0.2,1.79,286,88.9,0.998,2022-10-28
2707286,32400070,"Egg white omelet, scrambled, or fried, made with butter",2502,Eggs and omelets,,97,10.03,2.2,5.36,0,0.7,297,97.2,1.002,2022-10-28
2707287,32400075,"Egg white omelet, scrambled, or fried, made with cooking spray",2502,Eggs and omelets,,59,10.56,2.53,0.78,0,0.7,279,59.4,1.006,2022-10-28
2707284,32400060,"Egg white omelet, scrambled, or fried, made with margarine",2502,Eggs and omelets,,86,9.98,2.25,4.24,0,0.66,308,87.1,1.013,2022-10-28
2707285,32400065,"Egg white omelet, scrambled, or fried, made with oil",2502,Eggs and omelets,,107,9.97,2.2,6.52,0,0.66,263,107.4,1.003,2022-10-28
2707289,32400080,"Egg white omelet, scrambled, or fried, no added fat",2502,Eggs and omelets,,52,10.67,2.35,0,0,0.71,281,52.1,1.002,2022-10-28
2707283,32400055,"Egg white omelet, scrambled, or fried, NS as to fat",2502,Eggs and omelets,,100,9.99,2.21,5.72,0,0.67,282,100.3,1.003,2022-10-28
2707288,32400078,"Egg white omelet, scrambled, or fried, NS as to fat type",2502,Eggs and omelets,,100,9.99,2.21,5.72,0,0.67,282,100.3,1.003,2022-10-28
2707334,34002000,Egg white sandwich,3706,Egg/breakfast sandwiches,,166,9.41,24.1,3.62,1.8,2.16,357,166.6,1.004,2022-10-28
2707335,34002010,"Egg white sandwich, with cheese",3706,Egg/breakfast sandwiches,,196,11.1,21.16,7.45,1.5,2.26,458,196.1,1.000,2022-10-28
2707336,34002020,"Egg white sandwich, with meat",3706,Egg/breakfast sandwiches,,195,12.85,17.05,8.43,1.2,1.8,508,195.5,1.002,2022-10-28
2707290,32400100,"Egg white, omelet, scrambled, or fried, with cheese",2502,Eggs and omelets,,132,11.27,2.56,8.51,0,0.93,371,131.9,0.999,2022-10-28
2707293,32400400,"Egg white, omelet, scrambled, or fried, with cheese and meat",2502,Eggs and omelets,,141,11.99,2.49,9.21,0,0.93,427,140.8,0.999,2022-10-28
2707294,32400500,"Egg white, omelet, scrambled, or fried, with cheese and vegetables",2502,Eggs and omelets,,121,10.36,2.77,7.64,0.2,0.96,341,121.3,1.002,2022-10-28
2707296,32400700,"Egg white, omelet, scrambled, or fried, with cheese, meat, and vegetables",2502,Eggs and omelets,,135,11.47,2.6,8.72,0.1,0.94,408,134.8,0.998,2022-10-28
2707291,32400200,"Egg white, omelet, scrambled, or fried, with meat",2502,Eggs and omelets,,119,11.32,2.14,7.21,0,0.7,383,118.7,0.998,2022-10-28
2707295,32400600,"Egg white, omelet, scrambled, or fried, with meat and vegetables",2502,Eggs and omelets,,104,10.01,2.43,6.05,0.2,0.75,323,104.2,1.002,2022-10-28
2707292,32400300,"Egg white, omelet, scrambled, or fried, with vegetables",2502,Eggs and omelets,,92,9.13,2.49,5.09,0.2,0.74,259,92.3,1.003,2022-10-28
2707180,32101500,"Egg, Benedict",2502,Eggs and omelets,,288,13.81,8.48,22.1,0.6,1.17,468,288.1,1.000,2022-10-28
2707179,32101000,"Egg, creamed",2502,Eggs and omelets,,148,7.79,5.52,10.35,0.1,3.02,363,146.4,0.989,2022-10-28
2707181,32102000,"Egg, deviled",2502,Eggs and omelets,,198,11.52,1.07,15.9,0,1.07,430,193.5,0.977,2022-10-28
2707168,31108010,"Egg, white only, raw",2502,Eggs and omelets,raw,52,10.7,2.36,0,0,0.71,166,52.2,1.005,2022-10-28
2707171,31108120,"Egg, white, cooked, fat added",2502,Eggs and omelets,,100,9.99,2.21,5.72,0,0.67,282,100.3,1.003,2022-10-28
2707170,31108110,"Egg, white, cooked, no added fat",2502,Eggs and omelets,,52,10.67,2.35,0,0,0.71,281,52.1,1.002,2022-10-28
2707169,31108100,"Egg, white, cooked, NS as to fat",2502,Eggs and omelets,,100,9.99,2.21,5.72,0,0.67,282,100.3,1.003,2022-10-28
2707166,31106020,"Egg, whole, baked, fat added",2502,Eggs and omelets,baked,185,11.58,0.91,15,0,0.2,248,185.0,1.000,2022-10-28
2707165,31106010,"Egg, whole, baked, no added fat",2502,Eggs and omelets,baked,143,12.36,0.96,9.93,0,0.2,244,142.7,0.998,2022-10-28
2707164,31106000,"Egg, whole, baked, NS as to fat",2502,Eggs and omelets,baked,185,11.58,0.91,15,0,0.2,248,185.0,1.000,2022-10-28
2707154,31103010,"Egg, whole, boiled or poached",2502,Eggs and omelets,,143,12.4,0.96,9.96,0,0.2,129,143.1,1.001,2022-10-28
2707153,31102000,"Egg, whole, cooked, NS as to cooking method",2502,Eggs and omelets,,176,11.84,0.92,13.86,0,0.19,195,175.8,0.999,2022-10-28
2707156,31105010,"Egg, whole, fried no added fat",2502,Eggs and omelets,,143,12.36,0.96,9.93,0,0.2,244,142.7,0.998,2022-10-28
2707160,31105060,"Egg, whole, fried with animal fat or meat drippings",2502,Eggs and omelets,,188,11.7,0.9,15.3,0,0.19,268,188.1,1.001,2022-10-28
2707159,31105040,"Egg, whole, fried with butter",2502,Eggs and omelets,,182,11.61,0.9,14.64,0,0.22,263,181.8,0.999,2022-10-28
2707161,31105080,"Egg, whole, fried with cooking spray",2502,Eggs and omelets,,149,12.24,1.15,10.61,0,0.2,243,149.1,1.000,2022-10-28
2707157,31105020,"Egg, whole, fried with margarine",2502,Eggs and omelets,,171,11.57,0.95,13.52,0,0.19,274,171.8,1.004,2022-10-28
2707158,31105030,"Egg, whole, fried with oil",2502,Eggs and omelets,,192,11.56,0.9,15.81,0,0.19,228,192.1,1.001,2022-10-28
2707163,31105090,"Egg, whole, fried, from fast food / restaurant",2502,Eggs and omelets,fried,192,11.56,0.9,15.81,0,0.19,228,192.1,1.001,2022-10-28
2707155,31105005,"Egg, whole, fried, NS as to fat",2502,Eggs and omelets,fried,185,11.58,0.91,15,0,0.2,248,185.0,1.000,2022-10-28
2707162,31105085,"Egg, whole, fried, NS as to fat type",2502,Eggs and omelets,fried,185,11.58,0.91,15,0,0.2,248,185.0,1.000,2022-10-28
2707167,31107000,"Egg, whole, pickled",2502,Eggs and omelets,,154,12.49,1.11,10.54,0,1.11,392,149.3,0.969,2022-10-28
2707152,31101010,"Egg, whole, raw",2502,Eggs and omelets,raw,143,12.4,0.96,9.96,0,0.2,129,143.1,1.001,2022-10-28
2707175,31111020,"Egg, yolk only, cooked, fat added",2502,Eggs and omelets,,357,15.12,0.96,32.56,0,0.53,172,357.4,1.001,2022-10-28
2707174,31111010,"Egg, yolk only, cooked, no added fat",2502,Eggs and omelets,,327,16.15,1.02,28.71,0,0.56,164,327.1,1.000,2022-10-28
2707173,31111000,"Egg, yolk only, cooked, NS as to fat",2502,Eggs and omelets,,357,15.12,0.96,32.56,0,0.53,172,357.4,1.001,2022-10-28
2707172,31110010,"Egg, yolk only, raw",2502,Eggs and omelets,raw,328,16.2,1.02,28.8,0,0.56,48,328.1,1.000,2022-10-28
2705502,11531000,Eggnog,1402,Milk shakes and other dairy drinks,,88,4.55,8.05,4.19,0,8.05,54,88.1,1.001,2022-10-28
2710684,93301550,"Eggnog, alcoholic",7506,Liquor and cocktails,,113,3.74,6.62,3.45,0,6.62,45,72.5,0.642,2022-10-28
2710144,77316600,Eggplant and meat casserole,3002,Meat mixed dishes,,96,7.11,4.67,5.53,1.5,2.89,176,96.9,1.009,2022-10-28
2710049,75412030,Eggplant dip,8412,"Dips, gravies, other sauces",,183,4.8,8.15,14.98,3.9,2.81,209,186.6,1.020,2022-10-28
2710050,75412060,"Eggplant parmesan casserole, regular",3104,Vegetable dishes,,155,7.02,8.96,10.5,1.9,3.01,351,158.4,1.022,2022-10-28
2710051,75412070,Eggplant with cheese and tomato sauce,3104,Vegetable dishes,,90,6.16,6.34,4.84,2.2,3.39,325,93.6,1.040,2022-10-28
2710802,99997540,"Eggplant, cooked, as ingredient",9999,Not included in a food category,,27,1.05,6.32,0.19,3.2,3.8,2,31.2,1.155,2022-10-28
2709930,75217020,"Eggplant, cooked, fat added",6420,Other vegetables and combinations,,51,1.03,6.13,2.92,3.1,3.68,132,54.9,1.077,2022-10-28
2709929,75217010,"Eggplant, cooked, no added fat",6420,Other vegetables and combinations,,27,1.05,6.3,0.19,3.2,3.78,127,31.1,1.152,2022-10-28
2710081,75503080,"Eggplant, pickled",8408,"Olives, pickles, pickled vegetables",,41,0.81,9.74,0.16,2.5,7.8,946,43.6,1.064,2022-10-28
2709785,75111200,"Eggplant, raw",6420,Other vegetables and combinations,raw,25,0.98,5.88,0.18,3,3.53,2,29.1,1.162,2022-10-28
2708711,58116117,"Empanada, beef",3208,Turnovers and other grain-based items,,333,12.09,27.45,19.2,1.6,2.1,459,331.0,0.994,2022-10-28
2708712,58116120,"Empanada, beef, with vegetables",3208,Turnovers and other grain-based items,,291,7.19,29.91,16,2,2.75,446,292.4,1.005,2022-10-28
2708713,58116125,"Empanada, chicken",3208,Turnovers and other grain-based items,,309,12.57,27.45,16.46,1.6,2.1,460,308.2,0.997,2022-10-28
2708714,58116130,"Empanada, chicken, with vegetables",3208,Turnovers and other grain-based items,,283,7.35,29.91,15.09,2,2.75,446,284.9,1.007,2022-10-28
2708057,53453150,"Empanada, fruit",5502,Cakes and pies,,260,2.67,36.96,11.51,1.8,15.43,188,262.1,1.008,2022-10-28
2708709,58116100,"Empanada, NFS",3208,Turnovers and other grain-based items,,291,7.19,29.91,16,2,2.75,446,292.4,1.005,2022-10-28
2708710,58116115,"Empanada, no meat",3208,Turnovers and other grain-based items,,265,5.75,31.5,13.16,3.4,2.56,399,267.4,1.009,2022-10-28
2709742,74402260,"Enchilada sauce, green",8412,"Dips, gravies, other sauces",,38,1.13,6.36,0.89,1.9,3.5,906,38.0,0.999,2022-10-28
2709741,74402250,"Enchilada sauce, red",8402,Tomato-based condiments,,30,0.62,4.87,0.91,0.5,1.83,547,30.1,1.005,2022-10-28
2708566,58102810,"Enchilada, beef",3506,Other Mexican mixed dishes,,191,9.76,14.64,10.54,2.3,0.79,458,192.5,1.008,2022-10-28
2708568,58102830,"Enchilada, chicken",3506,Other Mexican mixed dishes,,178,10.03,14.64,9.02,2.3,0.79,459,179.9,1.010,2022-10-28
2708565,58102800,"Enchilada, NFS",3506,Other Mexican mixed dishes,,178,10.03,14.64,9.02,2.3,0.79,459,179.9,1.010,2022-10-28
2708569,58102840,"Enchilada, no meat",3506,Other Mexican mixed dishes,,165,6.37,17.34,8.2,3.1,0.9,474,168.6,1.022,2022-10-28
2708567,58102820,"Enchilada, pork",3506,Other Mexican mixed dishes,,192,9.54,14.64,10.74,2.3,0.79,456,193.4,1.007,2022-10-28
2710756,95311000,Energy Drink,7206,Sport and energy drinks,,43,0.46,10.23,0,0,10.22,39,42.8,0.994,2022-10-28
2710746,95310200,Energy drink (Full Throttle),7206,Sport and energy drinks,,46,0.25,12.08,0.08,0,12.08,35,50.0,1.088,2022-10-28
2710747,95310400,Energy drink (Monster),7206,Sport and energy drinks,,47,0.47,11.28,0,0,10.93,77,47.0,1.000,2022-10-28
2710748,95310500,Energy drink (Mountain Dew AMP),7206,Sport and energy drinks,,46,0.25,12.08,0.08,0,12.08,27,50.0,1.088,2022-10-28
2710750,95310555,Energy drink (No Fear Motherload),7206,Sport and energy drinks,,62,0.42,15,0,0,13.75,48,61.7,0.995,2022-10-28
2710749,95310550,Energy drink (No Fear),7206,Sport and energy drinks,,62,0.42,15,0,0,13.75,48,61.7,0.995,2022-10-28
2710751,95310560,Energy drink (NOS),7206,Sport and energy drinks,,44,0,11.25,0,0,11.25,85,45.0,1.023,2022-10-28
2710762,95312560,Energy drink (Ocean Spray Cran-Energy Juice Drink),7206,Sport and energy drinks,,15,0,3.75,0,0,3.75,21,15.0,1.000,2022-10-28
2710752,95310600,Energy drink (Red Bull),7206,Sport and energy drinks,,43,0.46,10.23,0,0,10.22,39,42.8,0.994,2022-10-28
2710753,95310700,Energy drink (Rockstar),7206,Sport and energy drinks,,58,0.34,12.7,0.22,0,12.26,16,54.1,0.933,2022-10-28
2710754,95310750,Energy drink (SoBe Energize Energy Juice Drink),7206,Sport and energy drinks,,45,0,11.27,0,0,10.42,10,45.1,1.002,2022-10-28
2710755,95310800,Energy drink (Vault),7206,Sport and energy drinks,,49,0,12.99,0,0,12.99,12,52.0,1.060,2022-10-28
2710767,95312905,Energy drink (XS Gold Plus),7206,Sport and energy drinks,,5,0.25,0.7,0.08,0,0,83,4.5,0.904,2022-10-28
2710766,95312900,Energy drink (XS),7206,Sport and energy drinks,,5,0.25,0.7,0.08,0,0,83,4.5,0.904,2022-10-28
2710757,95312400,"Energy drink, low calorie (Monster)",7104,Diet sport and energy drinks,,5,0,1.38,0,0,1.38,75,5.5,1.104,2022-10-28
2710768,95313200,"Energy drink, sugar free",7104,Diet sport and energy drinks,,4,0.25,0.7,0.08,0,0,68,4.5,1.130,2022-10-28
2710758,95312410,"Energy drink, sugar free (Monster)",7104,Diet sport and energy drinks,,5,0,1.38,0,0,1.38,75,5.5,1.104,2022-10-28
2710759,95312500,"Energy drink, sugar free (Mountain Dew AMP)",7104,Diet sport and energy drinks,,2,0,1.03,0,0,0,31,4.1,2.060,2022-10-28
2710760,95312550,"Energy drink, sugar free (No Fear)",7104,Diet sport and energy drinks,,4,0.42,0.42,0,0,0,42,3.4,0.840,2022-10-28
2710764,95312700,"Energy drink, sugar free (Rockstar)",7104,Diet sport and energy drinks,,4,0.25,0.7,0.08,0,0,52,4.5,1.130,2022-10-28
2710765,95312800,"Energy drink, sugar free (Vault)",7104,Diet sport and energy drinks,,1,0.25,0.7,0.08,0,0,14,4.5,4.520,2022-10-28
2710761,95312555,"Energy drink, sugar-free (NOS)",7104,Diet sport and energy drinks,,4,0,1.03,0,0,0,85,4.1,1.030,2022-10-28
2710763,95312600,"Energy drink, sugar-free (Red Bull)",7104,Diet sport and energy drinks,,5,0.25,0.7,0.08,0,0,83,4.5,0.904,2022-10-28
2706368,26321110,Escargot,2404,Shellfish,,158,19.99,2.48,6.91,0,0,287,152.1,0.962,2022-10-28
2709592,72116220,"Escarole, cooked",6411,Other dark green vegetables,,37,1.12,2.98,2.72,2.7,0.23,139,40.9,1.105,2022-10-28
2708605,58105050,"Fajita, beef or pork",3506,Other Mexican mixed dishes,,231,12.07,17.99,12.24,1.5,2.44,459,230.4,0.997,2022-10-28
2708604,58105000,"Fajita, chicken",3506,Other Mexican mixed dishes,,206,11.33,17.99,9.8,1.5,2.44,451,205.5,0.997,2022-10-28
2708603,58104990,"Fajita, NFS",3506,Other Mexican mixed dishes,,219,11.7,17.99,11.02,1.5,2.44,455,217.9,0.995,2022-10-28
2708606,58105060,"Fajita, shrimp",3506,Other Mexican mixed dishes,,189,8.33,18.35,8.92,1.5,2.44,456,187.0,0.989,2022-10-28
2708607,58105075,"Fajita, vegetable",3506,Other Mexican mixed dishes,,166,3.22,20.43,7.84,2,3.7,343,165.2,0.995,2022-10-28
2707408,41209000,Falafel,3102,"Bean, pea, legume dishes",,514,8.28,28.96,41.19,4.8,4.52,499,519.7,1.011,2022-10-28
2707483,41901030,Falafel sandwich,3744,Vegetable sandwiches/burgers,,265,6.22,27.04,14.76,2.5,2.98,359,265.9,1.003,2022-10-28
2705892,22621100,"Fat back, cooked",8002,Butter and animal fats,,750,2.68,0,81.93,0,0,2039,748.1,0.997,2022-10-28
2707367,41102210,"Fava beans, cooked",2802,"Beans, peas, legumes",,161,7.06,18.26,6.88,5,1.69,220,163.2,1.014,2022-10-28
2709907,75215120,"Fennel bulb, cooked",6420,Other vegetables and combinations,,62,1.42,8.32,3.22,3.5,4.48,202,67.9,1.096,2022-10-28
2709779,75109010,"Fennel bulb, raw",6420,Other vegetables and combinations,raw,31,1.24,7.3,0.2,3.1,3.93,52,36.0,1.160,2022-10-28
2709236,63119110,"Fig, canned",6018,Other fruits and fruit salads,,76,0.56,19.36,0.24,2.2,17.18,1,81.8,1.077,2022-10-28
2709204,62113100,"Fig, dried",6016,Dried fruits,dried,277,3.3,63.9,0.92,9.8,47.9,10,277.1,1.000,2022-10-28
2709235,63119010,"Fig, raw",6018,Other fruits and fruit salads,raw,74,0.75,19.18,0.3,2.9,16.26,1,82.4,1.114,2022-10-28
2705686,13210450,"Firni, Indian pudding",5804,Pudding,,144,3.58,25.13,3.11,0.3,15.66,30,142.8,0.992,2022-10-28
2706576,27250900,Fish and noodles with mushroom sauce,3006,Seafood mixed dishes,,131,6.3,14.79,5.11,0.8,0.79,312,130.3,0.995,2022-10-28
2706574,27250820,Fish and rice with cream sauce,3006,Seafood mixed dishes,,133,5.54,15.76,4.98,0.2,1.32,305,130.0,0.978,2022-10-28
2706575,27250830,Fish and rice with mushroom sauce,3006,Seafood mixed dishes,,135,5.34,16.11,5.16,0.4,0.61,307,132.2,0.980,2022-10-28
2706573,27250810,Fish and rice with tomato-based sauce,3006,Seafood mixed dishes,,135,5.41,16.53,5.12,0.7,1.15,310,133.8,0.991,2022-10-28
2706866,27450750,"Fish and vegetables excluding  carrots, broccoli, and dark-green leafy; no potatoes, soy-based sauce",3404,Stir-fry and soy-based sauce mixtures,,106,8.04,4.33,6.22,1,1.56,250,105.5,0.995,2022-10-28
2706864,27450710,"Fish and vegetables excluding carrots, broccoli, and dark- green leafy; no potatoes, tomato-based sauce",3006,Seafood mixed dishes,,112,6.33,6.3,7.26,1.5,2.36,303,115.9,1.034,2022-10-28
2706865,27450740,"Fish and vegetables including carrots, broccoli, and/or dark-green leafy; no potatoes, soy-based sauce",3404,Stir-fry and soy-based sauce mixtures,,104,7.79,4.64,5.99,1.2,1.5,255,103.6,0.996,2022-10-28
2706863,27450700,"Fish and vegetables including carrots, broccoli, and/or dark-green leafy; no potatoes, tomato-based sauce",3006,Seafood mixed dishes,,106,6.28,4.39,7.26,1.6,2.46,302,108.0,1.019,2022-10-28
2706460,27150320,Fish curry,3006,Seafood mixed dishes,,93,4.94,6.65,5.42,1.4,2.56,351,95.1,1.023,2022-10-28
2706461,27150325,Fish curry with rice,3006,Seafood mixed dishes,,107,4.03,15.19,3.36,1,1.56,309,107.1,1.001,2022-10-28
2710784,99992610,"Fish fillet, fried as ingredient in sandwiches",9999,Not included in a food category,,195,18.16,8.27,10.08,0.3,0.14,240,196.4,1.007,2022-10-28
2707119,28150510,"Fish in lemon-butter sauce with starch item, vegetable, frozen meal",3006,Seafood mixed dishes,,101,5.46,10.98,3.78,1.1,1.07,452,99.8,0.988,2022-10-28
2707020,27550000,"Fish sandwich, fried, from fast food",3730,Seafood sandwiches,fried,235,14.46,25.7,8.15,0.9,3.13,462,234.0,0.996,2022-10-28
2707021,27550100,"Fish sandwich, fried, from fast food, with cheese",3730,Seafood sandwiches,fried,252,15.27,22.85,10.95,0.8,3.08,537,251.0,0.996,2022-10-28
2707029,27550410,"Fish sandwich, fried, on wheat bun",3730,Seafood sandwiches,fried,229,15.16,23.77,8.19,2.4,2.26,381,229.4,1.002,2022-10-28
2707030,27550415,"Fish sandwich, fried, on wheat bun, with cheese",3730,Seafood sandwiches,fried,247,15.88,21.18,10.98,2.1,2.33,468,247.1,1.000,2022-10-28
2707027,27550400,"Fish sandwich, fried, on white bun",3730,Seafood sandwiches,fried,236,14.48,25.74,8.16,0.9,3.13,403,234.3,0.993,2022-10-28
2707028,27550405,"Fish sandwich, fried, on white bun, with cheese",3730,Seafood sandwiches,fried,252,15.29,22.88,10.96,0.8,3.08,487,251.3,0.997,2022-10-28
2707025,27550200,"Fish sandwich, from school cafeteria",3730,Seafood sandwiches,,209,15,27.4,4.34,3.5,2.51,387,208.7,0.998,2022-10-28
2707031,27550420,"Fish sandwich, grilled",3730,Seafood sandwiches,grilled,180,16.06,21.21,3.29,0.8,3.08,379,178.7,0.993,2022-10-28
2707026,27550300,"Fish sandwich, NFS",3730,Seafood sandwiches,,252,15.27,22.85,10.95,0.8,3.08,537,251.0,0.996,2022-10-28
2706457,27150210,Fish sauce,8404,Soy-based condiments,,35,5.06,3.64,0.01,0,3.64,7851,34.9,0.997,2022-10-28
2706867,27450760,"Fish shish kabob with vegetables, excluding potatoes",3006,Seafood mixed dishes,,68,9.41,5.06,1.05,0.8,2.37,250,67.3,0.990,2022-10-28
2706448,27150050,Fish timbale or mousse,3006,Seafood mixed dishes,,149,10.08,1.96,10.95,0,0.92,247,146.7,0.985,2022-10-28
2706447,27150010,"Fish with cream or white sauce, not tuna or lobster",3006,Seafood mixed dishes,,116,17.05,2.75,3.64,0,1.38,343,112.0,0.965,2022-10-28
2706459,27150310,Fish with tomato-based sauce,3006,Seafood mixed dishes,,80,16.28,1.59,0.69,0.4,1.06,350,77.7,0.971,2022-10-28
2707032,27550425,Fish wrap sandwich,3730,Seafood sandwiches,,262,14.73,22.61,12.44,1.4,1.79,562,261.3,0.997,2022-10-28
2706232,26101110,"Fish, anchovy",2402,Fish,,210,28.89,0,9.71,0,0,3668,203.0,0.966,2022-10-28
2706295,26141120,"Fish, bass, baked or broiled",2402,Fish,,161,22.9,0.01,7.02,0,0.01,300,154.8,0.962,2022-10-28
2706297,26141130,"Fish, bass, baked or broiled, coated",2402,Fish,,182,20.6,7.79,6.95,0.3,0.14,334,176.1,0.968,2022-10-28
2706298,26141140,"Fish, bass, fried",2402,Fish,fried,238,15.93,11.72,13.69,0.5,0.2,395,233.8,0.982,2022-10-28
2706296,26141121,"Fish, bass, grilled",2402,Fish,grilled,143,23.37,0,4.8,0,0,294,136.7,0.956,2022-10-28
2706294,26141110,"Fish, bass, NFS",2402,Fish,,161,22.9,0.01,7.02,0,0.01,300,154.8,0.962,2022-10-28
2706299,26141160,"Fish, bass, steamed",2402,Fish,steamed,123,23.28,0,2.53,0,0,184,115.9,0.942,2022-10-28
2706550,27250050,"Fish, cake or patty",3006,Seafood mixed dishes,,212,13.63,10.4,12.64,1.2,1.01,429,209.9,0.990,2022-10-28
2706229,26100180,"Fish, canned",2402,Fish,,156,23.19,0,6.3,0,0,379,149.5,0.958,2022-10-28
2706233,26105110,"Fish, carp",2402,Fish,,213,19.97,7.79,10.72,0.3,0.14,314,207.5,0.974,2022-10-28
2706235,26107120,"Fish, catfish, baked or broiled",2402,Fish,,189,18.93,0.01,11.91,0,0.01,337,182.9,0.968,2022-10-28
2706237,26107130,"Fish, catfish, baked or broiled, coated",2402,Fish,,205,17.24,7.79,11.08,0.3,0.14,366,199.8,0.975,2022-10-28
2706238,26107140,"Fish, catfish, fried",2402,Fish,fried,255,13.49,11.72,16.68,0.5,0.2,418,251.0,0.984,2022-10-28
2706236,26107123,"Fish, catfish, grilled",2402,Fish,grilled,171,19.31,0,9.8,0,0,332,165.4,0.967,2022-10-28
2706234,26107110,"Fish, catfish, NFS",2402,Fish,,255,13.49,11.72,16.68,0.5,0.2,418,251.0,0.984,2022-10-28
2706239,26107160,"Fish, catfish, steamed",2402,Fish,steamed,150,19.24,0,7.5,0,0,222,144.5,0.963,2022-10-28
2706241,26109120,"Fish, cod, baked or broiled",2402,Fish,,126,18.98,0.01,5.04,0,0.01,351,121.3,0.963,2022-10-28
2706243,26109130,"Fish, cod, baked or broiled, coated",2402,Fish,,152,17.29,7.79,5.28,0.3,0.14,377,147.8,0.973,2022-10-28
2706244,26109140,"Fish, cod, fried",2402,Fish,fried,217,13.52,11.72,12.48,0.5,0.2,426,213.3,0.983,2022-10-28
2706242,26109123,"Fish, cod, grilled",2402,Fish,grilled,108,19.36,0,2.79,0,0,346,102.5,0.950,2022-10-28
2706240,26109110,"Fish, cod, NFS",2402,Fish,,217,13.52,11.72,12.48,0.5,0.2,426,213.3,0.983,2022-10-28
2706245,26109160,"Fish, cod, steamed",2402,Fish,steamed,87,19.29,0,0.52,0,0,235,81.8,0.941,2022-10-28
2710783,99992600,"Fish, cooked, as ingredient",9999,Not included in a food category,,82,19.37,0,0.56,0,0,115,82.5,1.006,2022-10-28
2706246,26111110,"Fish, croaker",2402,Fish,,189,19.92,7.79,8.17,0.3,0.14,322,184.4,0.976,2022-10-28
2706247,26113110,"Fish, eel",2402,Fish,,273,20.61,7.79,17.07,0.3,0.14,317,267.2,0.979,2022-10-28
2706249,26115120,"Fish, flounder, baked or broiled",2402,Fish,,128,15.42,0.01,6.93,0,0.01,316,124.1,0.969,2022-10-28
2706251,26115130,"Fish, flounder, baked or broiled, coated",2402,Fish,,153,14.29,7.79,6.87,0.3,0.14,348,150.1,0.981,2022-10-28
2706252,26115140,"Fish, flounder, fried",2402,Fish,fried,217,11.35,11.72,13.64,0.5,0.2,405,215.0,0.991,2022-10-28
2706250,26115123,"Fish, flounder, grilled",2402,Fish,grilled,109,15.74,0,4.72,0,0,311,105.4,0.967,2022-10-28
2706248,26115110,"Fish, flounder, NFS",2402,Fish,,128,15.42,0.01,6.93,0,0.01,316,124.1,0.969,2022-10-28
2706253,26115160,"Fish, flounder, steamed",2402,Fish,steamed,88,15.68,0,2.44,0,0,200,84.7,0.962,2022-10-28
2706255,26117120,"Fish, haddock, baked or broiled",2402,Fish,,126,20.26,0.01,5.1,0,0.01,300,127.0,1.008,2022-10-28
2706257,26117130,"Fish, haddock, baked or broiled, coated",2402,Fish,,152,18.37,7.79,5.32,0.3,0.14,334,152.5,1.003,2022-10-28
2706258,26117140,"Fish, haddock, fried",2402,Fish,fried,217,14.31,11.72,12.51,0.5,0.2,395,216.7,0.999,2022-10-28
2706256,26117121,"Fish, haddock, grilled",2402,Fish,grilled,108,20.67,0,2.84,0,0,294,108.2,1.002,2022-10-28
2706254,26117110,"Fish, haddock, NFS",2402,Fish,,217,14.31,11.72,12.51,0.5,0.2,395,216.7,0.999,2022-10-28
2706259,26117160,"Fish, haddock, steamed",2402,Fish,steamed,87,20.59,0,0.57,0,0,184,87.5,1.006,2022-10-28
2706260,26118010,"Fish, halibut",2402,Fish,,175,20.73,7.79,6.24,0.3,0.14,334,170.2,0.973,2022-10-28
2706261,26119110,"Fish, herring",2402,Fish,,245,20.1,7.79,14.32,0.3,0.14,357,240.4,0.981,2022-10-28
2706264,26121120,"Fish, mackerel, baked or broiled",2402,Fish,,237,24.94,0.01,14.33,0,0.01,322,228.8,0.965,2022-10-28
2706266,26121131,"Fish, mackerel, baked or broiled, coated",2402,Fish,,245,22.32,7.79,13.12,0.3,0.14,353,238.5,0.974,2022-10-28
2706268,26121180,"Fish, mackerel, canned",2402,Fish,,156,23.19,0,6.3,0,0,379,149.5,0.958,2022-10-28
2706267,26121140,"Fish, mackerel, fried",2402,Fish,fried,284,17.17,11.72,18.17,0.5,0.2,409,279.1,0.983,2022-10-28
2706265,26121121,"Fish, mackerel, grilled",2402,Fish,grilled,221,25.45,0,12.27,0,0,317,212.2,0.960,2022-10-28
2706263,26121110,"Fish, mackerel, NFS",2402,Fish,,237,24.94,0.01,14.33,0,0.01,322,228.8,0.965,2022-10-28
2706269,26123110,"Fish, mullet",2402,Fish,,202,21.56,7.79,8.82,0.3,0.14,331,196.8,0.974,2022-10-28
2706224,26100110,"Fish, NFS",2402,Fish,,238,19.32,6.64,14.52,0.3,0.12,350,234.5,0.985,2022-10-28
2706716,27350100,"Fish, noodles, and vegetables excluding carrots, broccoli, and dark-green leafy; cheese sauce",3006,Seafood mixed dishes,,141,8.39,15.32,5.22,1.1,0.69,303,141.8,1.006,2022-10-28
2706715,27350090,"Fish, noodles, and vegetables including carrots, broccoli, and/or dark green leafy; cheese sauce",3006,Seafood mixed dishes,,137,8.35,14.16,5.22,1.1,0.74,309,137.0,1.000,2022-10-28
2706225,26100120,"Fish, NS as to type, baked or broiled",2402,Fish,,208,23,0.01,12.39,0,0.01,307,203.6,0.979,2022-10-28
2706226,26100130,"Fish, NS as to type, baked or broiled, coated",2402,Fish,,223,20.73,7.79,11.67,0.3,0.14,340,219.1,0.983,2022-10-28
2706227,26100140,"Fish, NS as to type, fried",2402,Fish,fried,269,16.05,11.72,17.23,0.5,0.2,399,266.1,0.989,2022-10-28
2706228,26100160,"Fish, NS as to type, steamed",2402,Fish,steamed,171,23.41,0,8.11,0,0,191,166.6,0.974,2022-10-28
2706271,26127120,"Fish, perch, baked or broiled",2402,Fish,,139,19.03,0.01,6.45,0,0.01,309,134.2,0.966,2022-10-28
2706273,26127130,"Fish, perch, baked or broiled, coated",2402,Fish,,163,17.33,7.79,6.46,0.3,0.14,342,158.6,0.973,2022-10-28
2706274,26127140,"Fish, perch, fried",2402,Fish,fried,224,13.56,11.72,13.34,0.5,0.2,400,221.2,0.987,2022-10-28
2706272,26127123,"Fish, perch, grilled",2402,Fish,grilled,121,19.42,0,4.22,0,0,303,115.7,0.956,2022-10-28
2706270,26127110,"Fish, perch, NFS",2402,Fish,,224,13.56,11.72,13.34,0.5,0.2,400,221.2,0.987,2022-10-28
2706275,26127160,"Fish, perch, steamed",2402,Fish,steamed,115,24.5,0,1.16,0,0,176,108.4,0.943,2022-10-28
2706262,26119180,"Fish, pickled",2402,Fish,,262,14.19,9.64,18,0,7.71,870,257.3,0.982,2022-10-28
2706276,26129110,"Fish, pike",2402,Fish,,172,21.47,7.79,5.58,0.3,0.14,304,167.3,0.972,2022-10-28
2706278,26131120,"Fish, pompano, baked or broiled",2402,Fish,,244,22.96,0.01,16.3,0,0.01,296,238.6,0.978,2022-10-28
2706280,26131130,"Fish, pompano, baked or broiled, coated",2402,Fish,,252,20.65,7.79,14.77,0.3,0.14,331,246.7,0.979,2022-10-28
2706281,26131140,"Fish, pompano, fried",2402,Fish,fried,289,15.96,11.72,19.37,0.5,0.2,393,285.1,0.986,2022-10-28
2706279,26131121,"Fish, pompano, grilled",2402,Fish,grilled,228,23.43,0,14.27,0,0,290,222.2,0.974,2022-10-28
2706277,26131110,"Fish, pompano, NFS",2402,Fish,,244,22.96,0.01,16.3,0,0.01,296,238.6,0.978,2022-10-28
2706282,26131160,"Fish, pompano, steamed",2402,Fish,steamed,207,23.35,0,11.96,0,0,180,201.0,0.971,2022-10-28
2706223,26100100,"Fish, raw",2402,Fish,raw,94,17.22,0,2.34,0,0,83,89.9,0.957,2022-10-28
2706552,27250070,"Fish, salmon cake or patty",3006,Seafood mixed dishes,,285,16.07,4.46,22.1,0.3,0.65,404,281.0,0.986,2022-10-28
2706286,26137120,"Fish, salmon, baked or broiled",2402,Fish,,274,25.4,0.01,18.4,0,0.01,294,267.2,0.975,2022-10-28
2706288,26137130,"Fish, salmon, baked or broiled, coated",2402,Fish,,277,22.7,7.79,16.58,0.3,0.14,329,271.2,0.979,2022-10-28
2706291,26137180,"Fish, salmon, canned",2402,Fish,,136,24.62,0,4.21,0,0,378,136.4,1.003,2022-10-28
2706289,26137140,"Fish, salmon, fried",2402,Fish,fried,307,17.45,11.72,20.68,0.5,0.2,391,302.8,0.986,2022-10-28
2706287,26137123,"Fish, salmon, grilled",2402,Fish,grilled,259,25.92,0,16.48,0,0,288,252.0,0.973,2022-10-28
2706285,26137110,"Fish, salmon, NFS",2402,Fish,,274,25.4,0.01,18.4,0,0.01,294,267.2,0.975,2022-10-28
2706284,26137100,"Fish, salmon, raw",2402,Fish,raw,188,20.44,0,11.16,0,0,63,182.2,0.969,2022-10-28
2706292,26137190,"Fish, salmon, smoked",2402,Fish,,117,18.28,0,4.32,0,0,672,112.0,0.957,2022-10-28
2706290,26137160,"Fish, salmon, steamed",2402,Fish,steamed,237,25.82,0,14.1,0,0,177,230.2,0.971,2022-10-28
2706293,26139180,"Fish, sardines, canned",2402,Fish,,208,24.62,0,11.45,0,0,307,201.5,0.969,2022-10-28
2706300,26143110,"Fish, shark",2402,Fish,,216,23.27,7.79,9.58,0.3,0.14,346,210.5,0.974,2022-10-28
2706230,26100190,"Fish, smoked",2402,Fish,,116,25.23,0,0.96,0,0,763,109.6,0.944,2022-10-28
2706283,26133110,"Fish, snapper",2402,Fish,,185,22.78,7.79,6.26,0.3,0.14,330,178.6,0.966,2022-10-28
2706231,26100270,"Fish, stick",2402,Fish,,277,11.01,21.66,16.23,1.5,1.65,402,276.8,0.999,2022-10-28
2706301,26149110,"Fish, swordfish",2402,Fish,,231,21.89,7.79,11.82,0.3,0.14,348,225.1,0.974,2022-10-28
2706319,26158010,"Fish, tilapia, baked or broiled",2402,Fish,,160,24.95,0.01,6.65,0,0.01,280,159.7,0.998,2022-10-28
2706321,26158020,"Fish, tilapia, baked or broiled, coated",2402,Fish,,180,22.33,7.79,6.63,0.3,0.14,318,180.1,1.001,2022-10-28
2706322,26158030,"Fish, tilapia, fried",2402,Fish,fried,237,17.18,11.72,13.46,0.5,0.2,383,236.7,0.999,2022-10-28
2706320,26158013,"Fish, tilapia, grilled",2402,Fish,grilled,142,25.46,0,4.42,0,0,274,141.6,0.997,2022-10-28
2706318,26158000,"Fish, tilapia, NFS",2402,Fish,,160,24.95,0.01,6.65,0,0.01,280,159.7,0.998,2022-10-28
2706323,26158050,"Fish, tilapia, steamed",2402,Fish,steamed,121,25.37,0,2.15,0,0,163,120.8,0.999,2022-10-28
2706844,27450150,"Fish, tofu, and vegetables, tempura",3006,Seafood mixed dishes,,177,4.01,4.53,16,1.1,1.56,22,178.2,1.007,2022-10-28
2706303,26151120,"Fish, trout, baked or broiled",2402,Fish,,216,24.78,0.01,12.21,0,0.01,279,209.1,0.968,2022-10-28
2706305,26151130,"Fish, trout, baked or broiled, coated",2402,Fish,,228,22.18,7.79,11.33,0.3,0.14,317,221.8,0.973,2022-10-28
2706306,26151140,"Fish, trout, fried",2402,Fish,fried,271,17.08,11.72,16.87,0.5,0.2,382,267.0,0.985,2022-10-28
2706304,26151123,"Fish, trout, grilled",2402,Fish,grilled,199,25.28,0,10.1,0,0,273,192.0,0.965,2022-10-28
2706302,26151110,"Fish, trout, NFS",2402,Fish,,271,17.08,11.72,16.87,0.5,0.2,382,267.0,0.985,2022-10-28
2706307,26151160,"Fish, trout, steamed",2402,Fish,steamed,178,25.19,0,7.81,0,0,162,171.1,0.961,2022-10-28
2706311,26155110,"Fish, tuna, canned",2402,Fish,,85,19,0.08,0.94,0,0,219,84.8,0.997,2022-10-28
2706310,26153120,"Fish, tuna, cooked",2402,Fish,,176,30.31,0.01,5.14,0,0.01,271,167.5,0.952,2022-10-28
2706309,26153110,"Fish, tuna, NFS",2402,Fish,,85,19,0.08,0.94,0,0,219,84.8,0.997,2022-10-28
2706308,26153100,"Fish, tuna, raw",2402,Fish,raw,109,24.4,0,0.49,0,0,45,102.0,0.936,2022-10-28
2706325,26158110,"Fish, white, mixed species, baked or broiled",2402,Fish,,143,21.96,0.01,5.85,0,0.01,316,140.5,0.983,2022-10-28
2706326,26158120,"Fish, white, mixed species, baked or broiled, coated",2402,Fish,,166,19.77,7.79,5.95,0.3,0.14,348,163.8,0.987,2022-10-28
2706327,26158130,"Fish, white, mixed species, fried",2402,Fish,fried,227,15.32,11.72,12.96,0.5,0.2,405,224.8,0.990,2022-10-28
2706329,26158150,"Fish, white, mixed species, grilled",2402,Fish,grilled,125,22.41,0,3.6,0,0,310,122.0,0.976,2022-10-28
2706324,26158100,"Fish, white, mixed species, NFS",2402,Fish,,143,21.96,0.01,5.85,0,0.01,316,140.5,0.983,2022-10-28
2706328,26158140,"Fish, white, mixed species, steamed",2402,Fish,steamed,104,22.33,0,1.33,0,0,199,101.3,0.974,2022-10-28
2706313,26157120,"Fish, whiting, baked or broiled",2402,Fish,,153,22.75,0.01,6.16,0,0.01,305,146.5,0.957,2022-10-28
2706315,26157130,"Fish, whiting, baked or broiled, coated",2402,Fish,,174,20.47,7.79,6.22,0.3,0.14,339,169.0,0.971,2022-10-28
2706316,26157140,"Fish, whiting, fried",2402,Fish,fried,233,15.84,11.72,13.17,0.5,0.2,398,228.8,0.982,2022-10-28
2706314,26157123,"Fish, whiting, grilled",2402,Fish,grilled,134,23.22,0,3.93,0,0,299,128.2,0.957,2022-10-28
2706312,26157110,"Fish, whiting, NFS",2402,Fish,,233,15.84,11.72,13.17,0.5,0.2,398,228.8,0.982,2022-10-28
2706317,26157160,"Fish, whiting, steamed",2402,Fish,steamed,114,23.13,0,1.66,0,0,189,107.5,0.943,2022-10-28
2705683,13210350,Flan,5804,Pudding,,178,5.23,28.24,4.94,0,28.1,163,178.3,1.002,2022-10-28
2708930,58147510,Flavored pasta,3204,"Pasta mixed dishes, excludes macaroni and cheese",,87,2.47,14.45,2.21,0.4,0.99,174,87.6,1.007,2022-10-28
2709082,58163380,Flavored rice and pasta mixture,3202,Rice mixed dishes,,118,2.68,19.11,3.49,0.3,0.18,255,118.6,1.005,2022-10-28
2709083,58163400,"Flavored rice and pasta mixture, reduced sodium",3202,Rice mixed dishes,,111,2.59,17.29,3.43,0.6,0.76,157,110.4,0.995,2022-10-28
2709079,58163310,Flavored rice mixture,3202,Rice mixed dishes,,127,1.87,19.83,4.26,0.4,0.56,296,125.1,0.985,2022-10-28
2709080,58163330,Flavored rice mixture with cheese,3202,Rice mixed dishes,,124,2.99,25.22,1.2,0.6,1.8,389,123.6,0.997,2022-10-28
2709081,58163360,"Flavored rice, brown and wild",3202,Rice mixed dishes,,106,2.72,19.34,2.15,1.1,0.38,292,107.6,1.015,2022-10-28
2707588,43104000,Flax seeds,2804,Nuts and seeds,,545,18.04,34.36,37.28,23.1,1.55,37,545.1,1.000,2022-10-28
2710185,82103500,Flaxseed oil,8012,Salad dressings and vegetable oils,,884,0.11,0,99.98,0,0,0,900.3,1.018,2022-10-28
2706562,27250250,Flounder with crab stuffing,3006,Seafood mixed dishes,,136,15.07,5.73,5.52,0.3,0.85,427,132.9,0.977,2022-10-28
2709931,75217301,"Flowers or blossoms of sesbania, squash, or lily, cooked",6420,Other vegetables and combinations,,37,1.06,3.2,2.62,0.9,2.33,127,40.6,1.098,2022-10-28
2710776,95330500,"Fluid replacement, 5% glucose in water",7206,Sport and energy drinks,,0,0,0.12,0,0,0.12,9,0.5,,2022-10-28
2710775,95330100,"Fluid replacement, electrolyte solution",7206,Sport and energy drinks,,10,0,2.45,0,0,2.45,101,9.8,0.980,2022-10-28
2707612,51108010,"Focaccia, Italian, plain",4202,Yeast breads,,249,8.77,35.82,7.89,1.8,1.75,561,249.4,1.001,2022-10-28
2706757,27420040,Frankfurters or hot dogs and sauerkraut,3002,Meat mixed dishes,,198,7.56,3.42,17.31,1.1,1.46,764,199.7,1.009,2022-10-28
2706410,27120250,Frankfurters or hot dogs with tomato-based sauce,3002,Meat mixed dishes,,223,8.52,3.6,19.61,0.4,1.94,873,225.0,1.009,2022-10-28
2710322,91612000,Freezer pop,5806,"Gelatins, ices, sorbets",,79,0,19.23,0.24,0,13.66,7,79.1,1.001,2022-10-28
2706957,27513070,French dip sandwich,3740,Deli and cured meat sandwiches,,184,13.23,24.47,3.47,1.1,2.76,631,182.0,0.989,2022-10-28
2710201,83104000,French or Catalina dressing,8012,Salad dressings and vegetable oils,,419,0.87,18.79,39.07,2.4,17.43,661,430.3,1.027,2022-10-28
2710232,83300400,"French or Catalina dressing, fat free",8012,Salad dressings and vegetable oils,,132,0.2,32.14,0.27,2.2,16.45,853,131.8,0.998,2022-10-28
2710218,83202020,"French or Catalina dressing, light",8012,Salad dressings and vegetable oils,,222,0.58,31.22,11.52,1.5,16.86,838,230.9,1.040,2022-10-28
2708338,55301031,French toast sticks,4404,"Pancakes, waffles, French toast",,278,7.52,40.62,9.18,1.3,12.86,535,275.2,0.990,2022-10-28
2708339,55301040,"French toast sticks, fast food / restaurant",4404,"Pancakes, waffles, French toast",,400,7.06,48.48,20.87,1.6,11.64,471,410.0,1.025,2022-10-28
2708340,55301048,"French toast sticks, school",4404,"Pancakes, waffles, French toast",,162,9.15,22.65,3.8,2.9,3.46,245,161.4,0.996,2022-10-28
2708333,55300050,"French toast, fast food / restaurant",4404,"Pancakes, waffles, French toast",,310,9.84,35.71,14.3,1.3,10.08,357,310.9,1.003,2022-10-28
2708332,55300020,"French toast, frozen",4404,"Pancakes, waffles, French toast",,183,7.24,29.89,3.82,1.1,9.01,243,182.9,0.999,2022-10-28
2708337,55301025,"French toast, gluten free",4404,"Pancakes, waffles, French toast",,264,7.79,30.62,12.21,2.2,9.17,300,263.5,0.998,2022-10-28
2708331,55300010,"French toast, NFS",4404,"Pancakes, waffles, French toast",,273,10.36,32.34,11.38,1.2,10.08,302,273.2,1.001,2022-10-28
2708335,55301000,"French toast, plain",4404,"Pancakes, waffles, French toast",,273,10.36,32.34,11.38,1.2,10.08,302,273.2,1.001,2022-10-28
2708334,55300060,"French toast, school",4404,"Pancakes, waffles, French toast",,162,9.15,22.65,3.8,2.9,3.46,245,161.4,0.996,2022-10-28
2708336,55301015,"French toast, whole grain",4404,"Pancakes, waffles, French toast",,271,11.34,30.44,11.57,2.7,10.01,297,271.2,1.001,2022-10-28
2710604,92611010,Frescavena,7220,Smoothies and grain drinks,,45,0.25,10.59,0.15,0.2,9.36,4,44.7,0.994,2022-10-28
2709656,72202030,Fried broccoli,6430,Fried vegetables,,223,4.28,22.41,12.88,1.7,0.88,329,222.7,0.999,2022-10-28
2710042,75409020,Fried cauliflower,6430,Fried vegetables,,218,4.02,21.9,12.86,1.6,1.08,326,219.4,1.007,2022-10-28
2710048,75412010,Fried eggplant,6430,Fried vegetables,,218,3.66,22.33,12.82,2,1.77,315,219.3,1.006,2022-10-28
2706868,27451010,"Fried fish with sauce, Puerto Rican style",3006,Seafood mixed dishes,,155,11.81,3.42,10.3,0.8,1.7,662,153.6,0.991,2022-10-28
2709869,75205200,Fried green beans,6430,Fried vegetables,,223,4.04,22.86,12.86,2,1.25,314,223.3,1.002,2022-10-28
2709725,74205010,Fried green tomatoes,6430,Fried vegetables,,216,3.68,21.78,12.84,1.3,1.58,317,217.4,1.006,2022-10-28
2710053,75414030,Fried mushrooms,6430,Fried vegetables,,222,4.63,21.9,12.91,1.6,1.27,317,222.3,1.001,2022-10-28
2710054,75414500,Fried okra,6430,Fried vegetables,,219,3.88,22.37,12.84,1.6,1.42,316,220.6,1.007,2022-10-28
2710055,75415022,Fried onion rings,6430,Fried vegetables,,352,4.19,39.94,19.82,2.6,4.96,575,354.9,1.008,2022-10-28
2707024,27550150,Fried seafood sandwich,3730,Seafood sandwiches,,234,11.32,24.67,9.82,1.1,1.91,439,232.3,0.993,2022-10-28
2710138,77121010,"Fried stuffed potatoes, Puerto Rican style",6806,Mashed potatoes and white potato mixtures,,185,4.9,16.18,11.33,1.9,0.9,144,186.3,1.007,2022-10-28
2710058,75418010,"Fried summer squash, yellow or green",6430,Fried vegetables,,216,3.76,21.5,12.88,1.2,1.53,317,217.0,1.004,2022-10-28
2708506,58101830,Frito pie,3506,Other Mexican mixed dishes,,328,9.96,26.32,20.98,2.9,0.86,572,333.9,1.018,2022-10-28
2710047,75411020,"Fritter, corn",4402,"Biscuits, muffins, quick breads",,404,7.37,33.55,27.14,1.6,3.03,339,407.9,1.010,2022-10-28
2708025,53415120,"Fritter, fruit",5506,"Doughnuts, sweet rolls, pastries",,403,6.3,37.29,25.59,1.2,12.44,321,404.7,1.004,2022-10-28
2708024,53415110,"Fritter, plain",5506,"Doughnuts, sweet rolls, pastries",,378,6.56,27.46,26.93,0.9,2.06,340,378.5,1.001,2022-10-28
2706330,26203110,Frog legs,2404,Shellfish,,220,14.38,11.72,12.4,0.5,0.2,387,216.0,0.982,2022-10-28
2710398,92101920,Frozen coffee drink,7302,Coffee,,68,1.56,13.4,0.93,0,13.16,21,68.2,1.003,2022-10-28
2710404,92101930,"Frozen coffee drink, decaffeinated",7302,Coffee,,68,1.56,13.46,0.94,0,13.23,21,68.5,1.008,2022-10-28
2710405,92101931,"Frozen coffee drink, decaffeinated, nonfat",7302,Coffee,,61,1.59,13.47,0.1,0,13.3,22,61.1,1.002,2022-10-28
2710408,92101936,"Frozen coffee drink, decaffeinated, nonfat, with whipped cream",7302,Coffee,,76,1.62,12.96,1.99,0,12.75,22,76.2,1.003,2022-10-28
2710406,92101933,"Frozen coffee drink, decaffeinated, with non-dairy milk",7302,Coffee,,70,1.58,13.61,1,0,13.06,18,69.8,0.997,2022-10-28
2710409,92101938,"Frozen coffee drink, decaffeinated, with non-dairy milk and whipped cream",7302,Coffee,,80,1.26,12.94,2.59,0.1,12.12,25,80.1,1.001,2022-10-28
2710407,92101935,"Frozen coffee drink, decaffeinated, with whipped cream",7302,Coffee,,83,1.58,12.95,2.78,0,12.68,21,83.1,1.002,2022-10-28
2710399,92101921,"Frozen coffee drink, nonfat",7302,Coffee,,61,1.59,13.41,0.1,0,13.23,22,60.9,0.998,2022-10-28
2710402,92101926,"Frozen coffee drink, nonfat, with whipped cream",7302,Coffee,,76,1.61,12.9,1.98,0,12.69,22,75.9,0.998,2022-10-28
2710400,92101923,"Frozen coffee drink, with non-dairy milk",7302,Coffee,,60,0.54,12.53,0.8,0,11.83,26,59.5,0.991,2022-10-28
2710403,92101928,"Frozen coffee drink, with non-dairy milk and whipped cream",7302,Coffee,,75,0.62,12.06,2.64,0,11.36,26,74.5,0.993,2022-10-28
2710401,92101925,"Frozen coffee drink, with whipped cream",7302,Coffee,,83,1.58,12.89,2.77,0,12.62,21,82.8,0.998,2022-10-28
2710682,93301500,Frozen daiquiri,7506,Liquor and cocktails,,127,0.07,17.65,0.08,0,17.65,76,71.6,0.564,2022-10-28
2707452,41480020,"Frozen dessert, non-dairy",2806,Soy and meat-alternative products,,159,0.87,18.24,9.27,0.1,17.51,39,159.9,1.005,2022-10-28
2707095,28101000,"Frozen dinner, NFS",3002,Meat mixed dishes,,146,6.82,10.94,8.4,1.2,1.35,268,146.6,1.004,2022-10-28
2709312,63420105,Frozen fruit juice bar,5806,"Gelatins, ices, sorbets",,106,0.81,25.4,0.06,0.5,22.6,6,105.4,0.994,2022-10-28
2709313,63420205,"Frozen fruit juice bar, no sugar added",5806,"Gelatins, ices, sorbets",,30,0.12,7.35,0.01,0.1,3.12,9,30.0,0.999,2022-10-28
2710683,93301510,Frozen margarita,7506,Liquor and cocktails,,122,0.08,16.06,0.08,0,16.06,204,65.3,0.535,2022-10-28
2710416,92102000,Frozen mocha coffee drink,7302,Coffee,,66,1.51,13.07,0.88,0,12.17,34,66.2,1.004,2022-10-28
2710422,92102060,"Frozen mocha coffee drink, decaffeinated",7302,Coffee,,67,1.51,13.13,0.89,0,12.23,34,66.6,0.994,2022-10-28
2710423,92102070,"Frozen mocha coffee drink, decaffeinated, nonfat",7302,Coffee,,59,1.54,13.14,0.08,0,12.3,35,59.4,1.007,2022-10-28
2710426,92102100,"Frozen mocha coffee drink, decaffeinated, nonfat, with whipped cream",7302,Coffee,,74,1.57,12.65,1.91,0,11.81,34,74.1,1.001,2022-10-28
2710424,92102080,"Frozen mocha coffee drink, decaffeinated, with non-dairy milk",7302,Coffee,,58,0.52,12.28,0.76,0,10.93,39,58.0,1.001,2022-10-28
2710427,92102110,"Frozen mocha coffee drink, decaffeinated, with non-dairy milk and whipped cream",7302,Coffee,,73,0.6,11.84,2.56,0,10.52,38,72.8,0.997,2022-10-28
2710425,92102090,"Frozen mocha coffee drink, decaffeinated, with whipped cream",7302,Coffee,,81,1.54,12.64,2.68,0,11.74,33,80.8,0.998,2022-10-28
2710417,92102010,"Frozen mocha coffee drink, nonfat",7302,Coffee,,59,1.54,13.08,0.08,0,12.24,35,59.2,1.003,2022-10-28
2710420,92102040,"Frozen mocha coffee drink, nonfat, with whipped cream",7302,Coffee,,74,1.56,12.6,1.91,0,11.76,34,73.8,0.998,2022-10-28
2710418,92102020,"Frozen mocha coffee drink, with non-dairy milk",7302,Coffee,,58,0.52,12.22,0.75,0,10.88,39,57.7,0.995,2022-10-28
2710421,92102050,"Frozen mocha coffee drink, with non-dairy milk and whipped cream",7302,Coffee,,73,0.6,11.79,2.54,0,10.47,38,72.4,0.992,2022-10-28
2710419,92102030,"Frozen mocha coffee drink, with whipped cream",7302,Coffee,,81,1.54,12.59,2.67,0,11.69,33,80.5,0.994,2022-10-28
2705458,11461220,"Frozen yogurt bar, chocolate",5802,Ice cream and frozen dairy desserts,,131,3,21.6,3.6,2.3,19.24,63,130.8,0.998,2022-10-28
2705457,11461210,"Frozen yogurt bar, vanilla",5802,Ice cream and frozen dairy desserts,,127,3,21.6,3.6,0,19.92,63,130.8,1.030,2022-10-28
2705459,11461250,"Frozen yogurt cone, chocolate",5802,Ice cream and frozen dairy desserts,,142,3.2,23.9,3.73,2.3,18.71,71,142.0,1.000,2022-10-28
2705462,11461320,"Frozen yogurt cone, chocolate, waffle cone",5802,Ice cream and frozen dairy desserts,,147,3.29,25.28,3.61,2.3,19.62,77,146.8,0.998,2022-10-28
2705460,11461260,"Frozen yogurt cone, vanilla",5802,Ice cream and frozen dairy desserts,,139,3.2,23.9,3.73,0.1,19.36,71,142.0,1.021,2022-10-28
2705461,11461300,"Frozen yogurt cone, vanilla, waffle cone",5802,Ice cream and frozen dairy desserts,,143,3.29,25.28,3.61,0.1,20.26,77,146.8,1.026,2022-10-28
2705456,11461200,Frozen yogurt sandwich,5802,Ice cream and frozen dairy desserts,,204,3.9,34.38,6.25,0.8,24.3,192,209.4,1.026,2022-10-28
2705453,11460100,"Frozen yogurt, chocolate",5802,Ice cream and frozen dairy desserts,,131,3,21.6,3.6,2.3,19.24,63,130.8,0.998,2022-10-28
2705451,11459990,"Frozen yogurt, NFS",5802,Ice cream and frozen dairy desserts,,127,3,21.6,3.6,0,19.92,63,130.8,1.030,2022-10-28
2705455,11460510,"Frozen yogurt, soft serve, chocolate",5802,Ice cream and frozen dairy desserts,,160,4.31,24.87,5.76,0.7,23.56,86,168.6,1.054,2022-10-28
2705454,11460500,"Frozen yogurt, soft serve, vanilla",5802,Ice cream and frozen dairy desserts,,159,4,24.2,5.6,0,24,87,163.2,1.026,2022-10-28
2705452,11460000,"Frozen yogurt, vanilla",5802,Ice cream and frozen dairy desserts,,127,3,21.6,3.6,0,19.92,63,130.8,1.030,2022-10-28
2710147,78101110,"Fruit and vegetable smoothie, added protein",7220,Smoothies and grain drinks,,86,7.49,12.24,0.78,1.1,8.47,36,85.9,0.999,2022-10-28
2710150,78101120,"Fruit and vegetable smoothie, bottled",7220,Smoothies and grain drinks,,53,0.6,12.53,0.26,0.7,11.15,6,54.9,1.035,2022-10-28
2710151,78101125,"Fruit and vegetable smoothie, no dairy",7220,Smoothies and grain drinks,,63,1.09,13.78,0.37,1,9.82,19,62.8,0.997,2022-10-28
2710148,78101115,"Fruit and vegetable smoothie, non-dairy",7220,Smoothies and grain drinks,,60,1.16,12.39,0.61,1,8.62,28,59.7,0.995,2022-10-28
2710149,78101118,"Fruit and vegetable smoothie, non-dairy, added protein",7220,Smoothies and grain drinks,,83,7.09,11.92,0.69,1.2,7.95,38,82.2,0.991,2022-10-28
2710146,78101100,"Fruit and vegetable smoothie, with dairy",7220,Smoothies and grain drinks,,64,1.59,12.74,0.72,1,9.17,26,63.8,0.997,2022-10-28
2710302,91403000,Fruit butter,8806,"Jams, syrups, toppings",,173,0.39,42.47,0.3,1.5,35.3,15,174.1,1.007,2022-10-28
2709290,63311140,"Fruit cocktail, canned, in syrup",6018,Other fruits and fruit salads,,62,0.39,15.8,0.07,0.9,14.89,4,65.4,1.055,2022-10-28
2709291,63311170,"Fruit cocktail, canned, juice pack",6018,Other fruits and fruit salads,,48,0.43,12.41,0.09,0.9,11.27,7,52.2,1.087,2022-10-28
2709289,63311110,"Fruit cocktail, canned, NFS",6018,Other fruits and fruit salads,,55,0.41,14.1,0.08,0.9,13.08,5,58.8,1.068,2022-10-28
2710214,83115000,Fruit dressing,8012,Salad dressings and vegetable oils,,219,2.51,12.42,17.97,0.1,9.67,31,221.4,1.011,2022-10-28
2710573,92511015,Fruit flavored drink,7204,Fruit drinks,,64,0,16.03,0,0,15.85,36,64.1,1.002,2022-10-28
2710597,92550620,"Fruit flavored drink, diet",7106,Other diet drinks,,4,0.01,1.45,0,0,0,11,5.8,1.460,2022-10-28
2710613,92900110,"Fruit flavored drink, powdered, not reconstituted",9999,Not included in a food category,,380,0,97.9,1.01,0,97.15,130,400.7,1.054,2022-10-28
2710614,92900200,"Fruit flavored drink, powdered, not reconstituted, diet",9999,Not included in a food category,,218,0.45,87.38,0.04,0.1,0,404,351.7,1.613,2022-10-28
2710583,92541010,"Fruit flavored drink, powdered, reconstituted",7204,Fruit drinks,,25,0,6.55,0.07,0,6.5,12,26.8,1.073,2022-10-28
2710599,92552010,"Fruit flavored drink, powdered, reconstituted, diet",7106,Other diet drinks,,2,0,0.73,0,0,0,7,2.9,1.460,2022-10-28
2710578,92530410,"Fruit flavored drink, with high vitamin C",7204,Fruit drinks,,27,0,6.67,0,0,5,36,26.7,0.988,2022-10-28
2710596,92550610,"Fruit flavored drink, with high vitamin C, diet",7106,Other diet drinks,,2,0,0.87,0,0,0,8,3.5,1.740,2022-10-28
2710612,92900100,"Fruit flavored drink, with high vitamin C, powdered, not reconstituted",9999,Not included in a food category,,386,0,98.94,0,0.4,92.31,17,395.8,1.025,2022-10-28
2710584,92542000,"Fruit flavored drink, with high vitamin C, powdered, reconstituted",7204,Fruit drinks,,41,0,10.45,0,0,9.75,5,41.8,1.020,2022-10-28
2710598,92552000,"Fruit flavored drink, with high vitamin C, powdered, reconstituted, diet",7106,Other diet drinks,,2,0,0.87,0,0,0,8,3.5,1.740,2022-10-28
2709316,64100110,"Fruit juice blend, 100% juice",7006,Other fruit juice,,50,0.16,12.46,0.12,0.2,10.92,7,51.6,1.031,2022-10-28
2709194,61213800,"Fruit juice blend, citrus, 100% juice",7006,Other fruit juice,,47,0.77,10.18,0.34,0.3,8.18,2,46.9,0.997,2022-10-28
2710567,92510610,Fruit juice drink,7204,Fruit drinks,,10,0,2.5,0,0,2.5,13,10.0,1.000,2022-10-28
2710600,92552030,Fruit juice drink (Capri Sun),7204,Fruit drinks,,39,0,10,0.07,0,9,2,40.6,1.042,2022-10-28
2710582,92531030,Fruit juice drink (Sunny D),7204,Fruit drinks,,54,0.13,13.16,0,0.1,12.11,61,53.2,0.984,2022-10-28
2710601,92582110,"Fruit juice drink, added calcium (Sunny D)",7204,Fruit drinks,,53,0,13.2,0,0.1,8.02,54,52.8,0.996,2022-10-28
2710565,92432000,"Fruit juice drink, citrus, carbonated",7204,Fruit drinks,,32,0.46,7.16,0.24,0.2,5.99,7,32.6,1.020,2022-10-28
2710587,92550040,"Fruit juice drink, diet",7204,Fruit drinks,,1,0,0.47,0,0,0,5,1.9,1.880,2022-10-28
2710586,92550035,"Fruit juice drink, light",7204,Fruit drinks,,39,0,10,0.07,0,9,2,40.6,1.042,2022-10-28
2710566,92433000,"Fruit juice drink, noncitrus, carbonated",7204,Fruit drinks,,33,0.07,7.74,0.18,0.1,6.38,12,32.9,0.996,2022-10-28
2710580,92530610,"Fruit juice drink, with high vitamin C",7204,Fruit drinks,,46,0.13,11.35,0.11,0.1,10.69,8,46.9,1.020,2022-10-28
2710585,92550030,"Fruit juice drink, with high vitamin C, light",7204,Fruit drinks,,19,0.1,4.7,0,0.1,4.6,5,19.2,1.011,2022-10-28
2710777,95342000,"Fruit juice, acai blend",7204,Fruit drinks,,62,0.83,12.83,0.83,1.2,11.1,13,62.1,1.002,2022-10-28
2709315,64100100,"Fruit juice, NFS",7006,Other fruit juice,,51,0.29,12.1,0.26,0.2,10.4,5,51.9,1.018,2022-10-28
2709292,63311180,"Fruit mixture, frozen",6018,Other fruits and fruit salads,,48,0.69,11.29,0.23,1.4,9.18,9,50.0,1.041,2022-10-28
2709340,64200100,"Fruit nectar, NFS",7204,Fruit drinks,,51,0.11,13.12,0.06,0.3,12.45,5,53.5,1.048,2022-10-28
2710674,93301270,"Fruit punch, alcoholic",7506,Liquor and cocktails,,90,0.14,8.14,0.04,0.1,7.11,4,33.5,0.372,2022-10-28
2710569,92510720,"Fruit punch, made with fruit juice and soda",7204,Fruit drinks,,44,0.18,10.82,0.06,0.1,9.44,4,44.5,1.012,2022-10-28
2709299,63402980,"Fruit salad, excluding citrus fruits, with marshmallows",6018,Other fruits and fruit salads,,251,1.78,17.54,19.48,1.4,12.72,124,252.6,1.006,2022-10-28
2709298,63402970,"Fruit salad, excluding citrus fruits, with nondairy whipped topping",6018,Other fruits and fruit salads,,153,1.93,17.28,8.67,1.7,13.09,3,154.9,1.012,2022-10-28
2709301,63403000,"Fruit salad, excluding citrus fruits, with pudding",6018,Other fruits and fruit salads,,137,1.86,18.11,6.48,1.4,13.32,40,138.2,1.009,2022-10-28
2709296,63402950,"Fruit salad, excluding citrus fruits, with salad dressing or mayonnaise",6018,Other fruits and fruit salads,,247,1.78,13.57,20.68,1.5,9.93,127,247.5,1.002,2022-10-28
2709297,63402960,"Fruit salad, excluding citrus fruits, with whipped cream",6018,Other fruits and fruit salads,,164,1.99,15.25,10.62,1.6,11.14,3,164.5,1.003,2022-10-28
2709287,63311000,"Fruit salad, fresh or raw, excluding citrus fruits, no dressing",6018,Other fruits and fruit salads,,59,0.64,13.94,0.21,1.5,10.45,4,60.2,1.021,2022-10-28
2709288,63311050,"Fruit salad, fresh or raw, including citrus fruits, no dressing",6018,Other fruits and fruit salads,,56,0.71,13.48,0.19,1.7,10.22,4,58.5,1.044,2022-10-28
2709303,63403020,"Fruit salad, including citrus fruit, with whipped cream",6018,Other fruits and fruit salads,,158,2.08,14.61,10.37,2,10.6,3,160.1,1.013,2022-10-28
2709305,63403040,"Fruit salad, including citrus fruits, with marshmallows",6018,Other fruits and fruit salads,,244,1.87,16.95,19.1,1.7,12.23,122,247.2,1.013,2022-10-28
2709304,63403030,"Fruit salad, including citrus fruits, with nondairy whipped topping",6018,Other fruits and fruit salads,,148,2.03,16.57,8.45,2.1,12.48,3,150.4,1.017,2022-10-28
2709300,63402990,"Fruit salad, including citrus fruits, with pudding",6018,Other fruits and fruit salads,,133,1.95,17.49,6.34,1.8,12.8,39,134.8,1.014,2022-10-28
2709302,63403010,"Fruit salad, including citrus fruits, with salad dressing or mayonnaise",6018,Other fruits and fruit salads,,240,1.87,13.02,20.26,1.8,9.46,124,241.9,1.008,2022-10-28
2709337,64134030,"Fruit smoothie juice drink, no dairy",7220,Smoothies and grain drinks,,51,0.6,11.88,0.24,1,8.35,2,52.1,1.021,2022-10-28
2705516,11553130,"Fruit smoothie juice drink, with dairy",7220,Smoothies and grain drinks,,65,0.86,15.05,0.14,0.9,12.68,14,64.9,0.998,2022-10-28
2709339,64134200,"Fruit smoothie, bottled",7220,Smoothies and grain drinks,,50,0.48,11.66,0.27,0.6,10.05,2,51.0,1.020,2022-10-28
2709338,64134100,"Fruit smoothie, light",7220,Smoothies and grain drinks,,53,2.61,9.71,0.61,1,7.47,31,54.8,1.033,2022-10-28
2705513,11553100,"Fruit smoothie, NFS",7220,Smoothies and grain drinks,,66,2.32,11.98,1.1,1.1,8.91,28,67.1,1.017,2022-10-28
2705514,11553110,"Fruit smoothie, with whole fruit and dairy",7220,Smoothies and grain drinks,,66,2.32,11.98,1.1,1.1,8.91,28,67.1,1.017,2022-10-28
2705515,11553120,"Fruit smoothie, with whole fruit and dairy, added protein",7220,Smoothies and grain drinks,,79,7.35,10.04,1.24,1.1,7.36,40,80.7,1.022,2022-10-28
2709334,64134015,"Fruit smoothie, with whole fruit, no dairy",7220,Smoothies and grain drinks,,54,0.61,12.67,0.35,1.5,8.78,2,56.3,1.042,2022-10-28
2709335,64134020,"Fruit smoothie, with whole fruit, no dairy, added protein",7220,Smoothies and grain drinks,,76,6.23,12.2,0.44,1.6,8.14,13,77.7,1.022,2022-10-28
2709336,64134025,"Fruit smoothie, with whole fruit, non-dairy",7220,Smoothies and grain drinks,,60,1.45,11.56,1.06,1.1,5.17,23,61.6,1.026,2022-10-28
2709295,63401070,"Fruit, chocolate covered",6018,Other fruits and fruit salads,,133,1.41,20.12,6.69,2.7,15.65,2,146.3,1.100,2022-10-28
2709213,63100100,"Fruit, NFS",6018,Other fruits and fruit salads,,68,0.68,16.24,0.21,1.8,12,1,69.6,1.023,2022-10-28
2709214,63100110,"Fruit, pickled",6018,Other fruits and fruit salads,,63,0.56,15.32,0.24,1.4,13.68,957,65.7,1.043,2022-10-28
2710176,81308100,Fry sauce,8406,Mustard and other condiments,,535,0.98,7.28,56.16,0.1,5.74,481,538.5,1.007,2022-10-28
2705674,13140900,Fudgesicle,5802,Ice cream and frozen dairy desserts,,163,2.56,29.99,3.67,1,17.47,104,163.2,1.001,2022-10-28
2705678,13161600,"Fudgesicle, light",5802,Ice cream and frozen dairy desserts,,124,3.67,23.11,1.87,1.5,5.1,96,124.0,1.000,2022-10-28
2709568,71970200,Fufu,6418,Other starchy vegetables,,166,1.5,33.59,2.99,3.1,1.1,143,167.3,1.008,2022-10-28
2708349,55801000,Funnel cake with sugar,5506,"Doughnuts, sweet rolls, pastries",,353,7.87,43.49,16.57,1,15.87,278,354.6,1.004,2022-10-28
2708350,55801010,Funnel cake with sugar and fruit,5506,"Doughnuts, sweet rolls, pastries",,380,5.84,55.18,15.7,0.9,21.26,211,385.4,1.014,2022-10-28
2710680,93301370,Fuzzy Navel,7506,Liquor and cocktails,,107,0.57,16.17,0.28,0.2,14.71,2,69.5,0.649,2022-10-28
2707627,51121025,"Garlic bread, from fast food / restaurant",4202,Yeast breads,,349,8.34,41.64,16.58,2.5,3.68,620,349.1,1.000,2022-10-28
2707628,51121035,"Garlic bread, from frozen",4202,Yeast breads,,350,8.36,41.72,16.61,2.5,3.69,544,349.8,0.999,2022-10-28
2707626,51121015,"Garlic bread, NFS",4202,Yeast breads,,349,8.34,41.64,16.58,2.5,3.68,620,349.1,1.000,2022-10-28
2707631,51121065,"Garlic bread, with melted cheese, from fast food / restaurant",4202,Yeast breads,,339,11.41,34.21,17.34,2,3.31,636,338.5,0.999,2022-10-28
2707632,51121075,"Garlic bread, with melted cheese, from frozen",4202,Yeast breads,,343,10.36,36.86,17.1,2.2,3.44,564,342.8,0.999,2022-10-28
2707629,51121045,"Garlic bread, with parmesan cheese, from fast food / restaurant",4202,Yeast breads,,351,8.76,41.06,16.8,2.4,3.61,642,350.5,0.999,2022-10-28
2707630,51121055,"Garlic bread, with parmesan cheese, from frozen",4202,Yeast breads,,351,8.78,41.14,16.83,2.5,3.62,568,351.1,1.000,2022-10-28
2710169,81301000,Garlic sauce,8412,"Dips, gravies, other sauces",,683,1.43,2.87,74.02,0.3,0.62,473,683.4,1.001,2022-10-28
2709932,75217400,"Garlic, cooked",8406,Mustard and other condiments,,142,6.58,28.03,0.38,2.7,0.99,248,141.9,0.999,2022-10-28
2709786,75111500,"Garlic, raw",8406,Mustard and other condiments,raw,143,6.62,28.2,0.38,2.7,1,17,142.7,0.998,2022-10-28
2706551,27250060,Gefilte fish,3006,Seafood mixed dishes,,82,10.39,8.74,0.41,0.4,0.5,453,80.2,0.978,2022-10-28
2710310,91501010,Gelatin dessert,5806,"Gelatins, ices, sorbets",,60,1.22,14.19,0,0,13.49,75,61.6,1.027,2022-10-28
2710311,91501020,Gelatin dessert with fruit,5806,"Gelatins, ices, sorbets",,56,1.1,13.34,0.01,0.2,12.59,64,57.9,1.033,2022-10-28
2710313,91511010,"Gelatin dessert, sugar free",5806,"Gelatins, ices, sorbets",,20,0.83,4.22,0,0,0,48,20.2,1.010,2022-10-28
2710314,91511020,"Gelatin dessert, sugar free, with fruit",5806,"Gelatins, ices, sorbets",,22,0.77,4.86,0.01,0.2,1.13,41,22.6,1.028,2022-10-28
2710312,91501100,Gelatin salad with vegetables,5806,"Gelatins, ices, sorbets",,61,1.47,14.02,0.02,0.7,11.93,69,62.1,1.019,2022-10-28
2710631,93301045,"Gelatin shot, alcoholic",7506,Liquor and cocktails,,102,0.24,2.8,0,0,2.66,17,12.2,0.119,2022-10-28
2705637,13110470,"Gelato, chocolate",5802,Ice cream and frozen dairy desserts,,251,4.72,19.78,16.98,0.9,17.35,57,250.8,0.999,2022-10-28
2705636,13110460,"Gelato, vanilla",5802,Ice cream and frozen dairy desserts,,249,3.5,22.29,16.2,0,20.65,61,249.0,1.000,2022-10-28
2706794,27445150,General Tso chicken,3404,Stir-fry and soy-based sauce mixtures,,295,12.9,23.99,16.36,0.9,11.6,435,294.8,0.999,2022-10-28
2710168,81204000,"Ghee, clarified butter",8002,Butter and animal fats,,876,0.28,0,99.48,0,0,2,896.4,1.023,2022-10-28
2710632,93301050,Gimlet,7506,Liquor and cocktails,,188,0.1,5.08,0.03,0.1,3.52,1,21.0,0.112,2022-10-28
2710702,93503000,Gin,7506,Liquor and cocktails,,231,0,0,0,0,0,1,0.0,0.000,2022-10-28
2710633,93301060,Gin and tonic,7506,Liquor and cocktails,,84,0,6.57,0,0,6.57,9,26.3,0.313,2022-10-28
2710685,93301600,Gin fizz,7506,Liquor and cocktails,,66,0.03,2.22,0.01,0,1.95,16,9.1,0.138,2022-10-28
2710082,75503085,"Ginger root, pickled",8408,"Olives, pickles, pickled vegetables",,20,0.33,4.83,0.1,2.6,0,906,21.5,1.077,2022-10-28
2706165,25170420,Gizzard,2010,Liver and organ meats,,153,30.15,0,2.66,0,0,363,144.5,0.945,2022-10-28
2710698,93406000,Glug,7506,Liquor and cocktails,,96,0.1,6.24,0.14,0.1,4.15,4,26.6,0.277,2022-10-28
2708721,58122210,"Gnocchi, cheese",3204,"Pasta mixed dishes, excludes macaroni and cheese",,178,8.51,9.38,11.96,0.2,0.14,263,179.2,1.007,2022-10-28
2708722,58122220,"Gnocchi, potato",3204,"Pasta mixed dishes, excludes macaroni and cheese",,135,2.44,17.2,6.33,1,0.99,279,135.5,1.004,2022-10-28
2705908,23150100,Goat,2008,"Lamb, goat, game",,142,26.88,0,3.01,0,0,392,134.6,0.948,2022-10-28
2705395,11116000,Goat milk,1002,"Milk, whole",,69,3.56,4.45,4.14,0,4.45,50,69.3,1.004,2022-10-28
2707177,31202000,"Goose egg, cooked",2502,Eggs and omelets,,224,12.94,1.27,18.09,0,0.89,256,219.7,0.981,2022-10-28
2706142,24311010,"Goose, wild, roasted",2206,"Turkey, duck, other poultry",roasted,304,25.06,0,21.83,0,0,232,296.7,0.976,2022-10-28
2708583,58104255,"Gordita, cheese only",3506,Other Mexican mixed dishes,,324,10.65,22.39,21.59,1.7,0.74,490,326.5,1.008,2022-10-28
2708585,58104290,"Gordita, meat",3506,Other Mexican mixed dishes,,296,16.99,13.12,19.36,1,0.32,330,294.7,0.996,2022-10-28
2708586,58104295,"Gordita, meat, with beans",3506,Other Mexican mixed dishes,,252,11.41,16.64,15.59,2,0.46,347,252.5,1.002,2022-10-28
2708584,58104260,"Gordita, with beans",3506,Other Mexican mixed dishes,,207,5.83,20.17,11.81,2.9,0.6,365,210.3,1.016,2022-10-28
2707818,52208760,"Gordita/sope shell, plain, no filling",4208,Tortillas,,260,3.85,37.2,11.19,2.9,0.72,376,264.9,1.019,2022-10-28
2708133,54102010,Graham crackers,5504,Cookies and brownies,,430,6.69,77.66,10.6,3.4,24.85,516,432.8,1.007,2022-10-28
2708134,54102015,Graham crackers (Teddy Grahams),5504,Cookies and brownies,,430,6.69,77.66,10.6,3.4,24.85,516,432.8,1.007,2022-10-28
2708135,54102020,"Graham crackers, chocolate covered",5504,Cookies and brownies,,500,4,66.78,25.8,2.2,37.3,265,515.3,1.031,2022-10-28
2708138,54102100,"Graham crackers, reduced fat",5504,Cookies and brownies,,386,5.71,77.96,5.71,5.7,22.86,629,386.1,1.000,2022-10-28
2708139,54102200,"Graham crackers, sandwich, with filling",5504,Cookies and brownies,,483,4.5,72.1,20,1.5,39.3,388,486.4,1.007,2022-10-28
2710589,92550200,"Grape juice drink, light",7204,Fruit drinks,,23,0.06,5.51,0.1,0.1,4.99,5,23.2,1.008,2022-10-28
2709325,64116020,"Grape juice, 100%",7006,Other fruit juice,,66,0.18,15.73,0.28,0.2,14.24,6,66.2,1.002,2022-10-28
2709326,64116060,"Grape juice, 100%, with calcium added",7006,Other fruit juice,,62,0.37,14.77,0.13,0.2,14.2,5,61.7,0.996,2022-10-28
2709064,58161510,Grape leaves stuffed with rice,3202,Rice mixed dishes,,168,2.28,13.88,11.95,3.1,2.78,166,172.2,1.025,2022-10-28
2709178,61201220,"Grapefruit juice, 100%, canned, bottled or in a carton",7002,Citrus juice,,40,0.56,8.35,0.48,0.2,7.42,1,40.0,0.999,2022-10-28
2709176,61201010,"Grapefruit juice, 100%, freshly squeezed",7002,Citrus juice,,39,0.5,9.2,0.1,0.1,9.1,1,39.7,1.018,2022-10-28
2709177,61201020,"Grapefruit juice, 100%, NS as to form",7002,Citrus juice,,40,0.56,8.35,0.48,0.2,7.42,1,40.0,0.999,2022-10-28
2709179,61201225,"Grapefruit juice, 100%, with calcium added",7002,Citrus juice,,39,0.51,7.74,0.68,0.3,7.96,2,39.1,1.003,2022-10-28
2709166,61101200,"Grapefruit, canned",6012,Citrus fruits,,36,0.58,9.15,0.1,0.4,8.75,2,39.8,1.106,2022-10-28
2709165,61101010,"Grapefruit, raw",6012,Citrus fruits,raw,42,0.77,10.66,0.14,1.6,6.89,0,47.0,1.119,2022-10-28
2709237,63123000,"Grapes, raw",6006,Grapes,raw,83,0.9,19.4,0.2,0.9,16.74,5,83.0,1.000,2022-10-28
2707145,28500040,"Gravy, beef",8412,"Dips, gravies, other sauces",,53,3.75,4.81,2.36,0.4,0.21,633,55.5,1.047,2022-10-28
2707146,28501010,"Gravy, beef, fat free",8412,"Dips, gravies, other sauces",,53,3.75,4.81,2.36,0.4,0.21,633,55.5,1.047,2022-10-28
2710245,89901030,"Gravy, for use with vegetables",9999,Not included in a food category,,57,0.31,11.24,1.05,0.1,0.12,932,55.7,0.976,2022-10-28
2707148,28520000,"Gravy, made with soy sauce",8412,"Dips, gravies, other sauces",,46,0.82,9.82,0.29,0.1,3.81,981,45.2,0.982,2022-10-28
2707149,28520010,"Gravy, NFS",8412,"Dips, gravies, other sauces",,53,3.75,4.81,2.36,0.4,0.21,633,55.5,1.047,2022-10-28
2707144,28500000,"Gravy, poultry",8412,"Dips, gravies, other sauces",,48,0.71,5.29,2.62,0.1,0.3,389,47.6,0.991,2022-10-28
2707147,28501110,"Gravy, poultry, fat free",8412,"Dips, gravies, other sauces",,48,0.71,5.29,2.62,0.1,0.3,389,47.6,0.991,2022-10-28
2707548,42204100,"Gravy, vegetarian",8412,"Dips, gravies, other sauces",,144,3.84,9.21,10.2,0.2,4.63,323,144.0,1.000,2022-10-28
2709830,75146000,"Greek Salad, no dressing",3104,Vegetable dishes,,48,2.75,4.35,2.26,1.5,1.43,246,48.7,1.015,2022-10-28
2710040,75403020,Green bean casserole,3104,Vegetable dishes,,56,1.96,7.05,2.21,1.9,2.03,316,55.9,0.999,2022-10-28
2709864,75205051,"Green beans, canned, cooked with butter or margarine",6412,String beans,,43,1.03,4,2.57,1.8,1.26,291,43.2,1.006,2022-10-28
2709863,75205050,"Green beans, canned, cooked with oil",6412,String beans,,50,1.01,3.99,3.29,1.8,1.25,274,49.6,0.992,2022-10-28
2709858,75205033,"Green beans, canned, cooked, fat added, NS as to fat type",6412,String beans,,46,1.02,4,2.93,1.8,1.26,282,46.5,1.010,2022-10-28
2709854,75205023,"Green beans, canned, cooked, no added fat",6412,String beans,,24,1.04,4.11,0.39,1.9,1.29,282,24.1,1.005,2022-10-28
2709868,75205132,"Green beans, canned, reduced sodium, cooked with butter or margarine",6412,String beans,,41,1.1,4.2,2.64,1.8,0.77,19,45.0,1.097,2022-10-28
2709867,75205131,"Green beans, canned, reduced sodium, cooked with oil",6412,String beans,,48,1.09,4.19,3.36,1.8,0.76,2,51.4,1.070,2022-10-28
2709866,75205130,"Green beans, canned, reduced sodium, cooked, fat added, NS as to fat type",6412,String beans,,44,1.1,4.2,3,1.8,0.76,11,48.2,1.095,2022-10-28
2709865,75205120,"Green beans, canned, reduced sodium, cooked, no added fat",6412,String beans,,22,1.12,4.32,0.46,1.9,0.78,2,25.9,1.177,2022-10-28
2710803,99997545,"Green beans, cooked, as ingredient",9999,Not included in a food category,,42,2.05,7.72,0.29,3.1,2.43,0,41.7,0.993,2022-10-28
2709851,75205005,"Green beans, cooked, from restaurant",6412,String beans,,78,1.96,7.32,4.6,3,2.31,206,78.5,1.007,2022-10-28
2710041,75403200,"Green beans, cooked, Szechuan-style",3404,Stir-fry and soy-based sauce mixtures,,106,2.54,8.37,6.96,3,2.25,226,106.3,1.003,2022-10-28
2709860,75205045,"Green beans, fresh, cooked with butter or margarine",6412,String beans,raw,61,2,7.48,2.56,3,2.36,135,61.0,0.999,2022-10-28
2709859,75205044,"Green beans, fresh, cooked with oil",6412,String beans,raw,68,1.99,7.47,3.31,3,2.35,117,67.6,0.995,2022-10-28
2709856,75205031,"Green beans, fresh, cooked, fat added, NS as to fat type",6412,String beans,raw,64,2,7.48,2.93,3,2.36,126,64.3,1.005,2022-10-28
2709852,75205021,"Green beans, fresh, cooked, no added fat",6412,String beans,raw,42,2.05,7.7,0.29,3.1,2.42,121,41.6,0.991,2022-10-28
2709862,75205048,"Green beans, frozen, cooked with butter or margarine",6412,String beans,,47,1.46,6.26,2.35,2.9,1.83,131,52.0,1.107,2022-10-28
2709861,75205047,"Green beans, frozen, cooked with oil",6412,String beans,,53,1.44,6.24,3.07,2.9,1.82,113,58.3,1.101,2022-10-28
2709857,75205032,"Green beans, frozen, cooked, fat added, NS as to fat type",6412,String beans,,50,1.45,6.25,2.71,2.9,1.82,122,55.2,1.104,2022-10-28
2709853,75205022,"Green beans, frozen, cooked, no added fat",6412,String beans,,28,1.49,6.43,0.17,3,1.87,117,33.2,1.186,2022-10-28
2709855,75205030,"Green beans, NS as to form, cooked",6412,String beans,,55,1.51,5.74,2.93,2.4,1.81,204,55.4,1.007,2022-10-28
2710070,75500110,"Green beans, pickled",8408,"Olives, pickles, pickled vegetables",,54,1.63,11,0.25,2.5,6.8,944,52.8,0.977,2022-10-28
2709769,75101800,"Green beans, raw",6412,String beans,raw,40,1.97,7.41,0.28,3,2.33,0,40.0,1.001,2022-10-28
2709971,75224050,"Green peas, canned, cooked with butter or margarine",6418,Other starchy vegetables,,86,4.36,11.04,2.97,4.8,2.91,282,88.3,1.027,2022-10-28
2709970,75224049,"Green peas, canned, cooked with oil",6418,Other starchy vegetables,,92,4.34,11.03,3.69,4.8,2.9,265,94.7,1.029,2022-10-28
2709965,75224033,"Green peas, canned, cooked, fat added, NS as to fat type",6418,Other starchy vegetables,,89,4.35,11.03,3.33,4.8,2.91,274,91.5,1.028,2022-10-28
2709961,75224023,"Green peas, canned, cooked, no added fat",6418,Other starchy vegetables,,68,4.47,11.36,0.8,4.9,2.99,273,70.5,1.037,2022-10-28
2709975,75224132,"Green peas, canned, reduced sodium, cooked with butter or margarine",6418,Other starchy vegetables,,89,3.89,11.85,3.11,4,3.9,32,91.0,1.022,2022-10-28
2709974,75224131,"Green peas, canned, reduced sodium, cooked with oil",6418,Other starchy vegetables,,97,3.87,11.83,4,4,3.88,11,98.8,1.019,2022-10-28
2709973,75224130,"Green peas, canned, reduced sodium, cooked, fat added, NS as to fat type",6418,Other starchy vegetables,,93,3.88,11.84,3.56,4,3.89,22,94.9,1.021,2022-10-28
2709972,75224120,"Green peas, canned, reduced sodium, cooked, no added fat",6418,Other starchy vegetables,,66,3.99,12.19,0.38,4.1,4,11,68.1,1.032,2022-10-28
2709958,75224000,"Green peas, cooked, from restaurant",6418,Other starchy vegetables,,119,5.37,14.28,4.72,5.6,5.61,211,121.1,1.017,2022-10-28
2709967,75224044,"Green peas, fresh, cooked with butter or margarine",6418,Other starchy vegetables,raw,102,5.48,14.58,2.68,5.7,5.73,140,104.4,1.023,2022-10-28
2709966,75224043,"Green peas, fresh, cooked with oil",6418,Other starchy vegetables,raw,109,5.46,14.57,3.43,5.7,5.72,122,111.0,1.018,2022-10-28
2709963,75224031,"Green peas, fresh, cooked, fat added, NS as to fat type",6418,Other starchy vegetables,raw,106,5.47,14.58,3.06,5.7,5.72,131,107.7,1.016,2022-10-28
2709959,75224021,"Green peas, fresh, cooked, no added fat",6418,Other starchy vegetables,raw,84,5.63,15.01,0.42,5.9,5.89,126,86.3,1.028,2022-10-28
2709969,75224047,"Green peas, frozen, cooked with butter or margarine",6418,Other starchy vegetables,,95,5,13.82,2.45,4.4,4.27,199,97.3,1.025,2022-10-28
2709968,75224046,"Green peas, frozen, cooked with oil",6418,Other starchy vegetables,,102,4.99,13.8,3.17,4.4,4.26,182,103.7,1.017,2022-10-28
2709964,75224032,"Green peas, frozen, cooked, fat added, NS as to fat type",6418,Other starchy vegetables,,98,4.99,13.81,2.81,4.4,4.26,191,100.5,1.025,2022-10-28
2709960,75224022,"Green peas, frozen, cooked, no added fat",6418,Other starchy vegetables,,78,5.14,14.22,0.27,4.5,4.39,188,79.9,1.024,2022-10-28
2709962,75224030,"Green peas, NS as to form, cooked",6418,Other starchy vegetables,,98,4.99,13.81,2.81,4.4,4.26,191,100.5,1.025,2022-10-28
2709797,75120000,"Green peas, raw",6418,Other starchy vegetables,raw,81,5.42,14.45,0.4,5.7,5.67,5,83.1,1.026,2022-10-28
2710798,99997520,"Green pepper, cooked, as ingredient",9999,Not included in a food category,,25,0.77,5.14,0.12,1,2.58,0,24.7,0.989,2022-10-28
2710139,77201210,"Green plantain with cracklings, Puerto Rican style",6418,Other starchy vegetables,,358,13.16,26.97,22.82,1.4,14.81,349,365.9,1.022,2022-10-28
2706759,27420080,Greens with ham or pork,6411,Other dark green vegetables,,47,4.91,4.68,1.41,3.6,0.84,370,51.0,1.086,2022-10-28
2709598,72118223,"Greens, canned, cooked",6411,Other dark green vegetables,,41,1.32,2.71,2.82,1.3,0.41,335,41.5,1.012,2022-10-28
2709596,72118221,"Greens, fresh, cooked, fat added",6411,Other dark green vegetables,raw,58,2.89,5.02,3.4,4.1,0.72,163,62.2,1.073,2022-10-28
2709593,72118211,"Greens, fresh, cooked, no added fat",6411,Other dark green vegetables,raw,37,2.97,5.16,0.97,4.2,0.74,159,41.2,1.115,2022-10-28
2709597,72118222,"Greens, frozen, cooked, fat added",6411,Other dark green vegetables,,59,2.84,5.59,3.24,2.6,0.76,150,62.9,1.066,2022-10-28
2709594,72118212,"Greens, frozen, cooked, no added fat",6411,Other dark green vegetables,,37,2.92,5.75,0.71,2.7,0.78,146,41.1,1.110,2022-10-28
2709595,72118220,"Greens, NS as to form, cooked",6411,Other dark green vegetables,,58,2.89,5.02,3.4,4.1,0.72,163,62.2,1.073,2022-10-28
2710634,93301075,Greyhound,7506,Liquor and cocktails,,87,0.42,6.28,0.36,0.2,5.58,1,30.0,0.345,2022-10-28
2705803,14640110,"Grilled cheese sandwich, American cheese, on wheat bread",3720,Cheese sandwiches,,341,12.05,26.13,20.98,2.8,4.44,817,341.5,1.002,2022-10-28
2705802,14640105,"Grilled cheese sandwich, American cheese, on white bread",3720,Cheese sandwiches,,343,11.03,28.09,20.78,1.2,4.51,822,343.5,1.001,2022-10-28
2705805,14640130,"Grilled cheese sandwich, cheddar cheese, on wheat bread",3720,Cheese sandwiches,,366,14.4,24.42,23.46,2.8,2.85,536,366.4,1.001,2022-10-28
2705804,14640125,"Grilled cheese sandwich, cheddar cheese, on white bread",3720,Cheese sandwiches,,368,13.38,26.38,23.26,1.2,2.92,541,368.4,1.001,2022-10-28
2705801,14640100,"Grilled cheese sandwich, NFS",3720,Cheese sandwiches,,343,11.03,28.09,20.78,1.2,4.51,822,343.5,1.001,2022-10-28
2705807,14640160,"Grilled cheese sandwich, reduced fat cheese, on wheat bread",3720,Cheese sandwiches,,305,12.34,27.38,16.25,2.8,5.64,734,305.1,1.000,2022-10-28
2705806,14640155,"Grilled cheese sandwich, reduced fat cheese, on white bread",3720,Cheese sandwiches,,307,11.32,29.33,16.05,1.2,5.71,739,307.1,1.000,2022-10-28
2708371,56201220,"Grits, instant, made with water, fat added",4804,Grits and other cooked cereals,,85,1.36,14.36,2.85,0.8,0.29,228,88.5,1.042,2022-10-28
2708370,56201210,"Grits, instant, made with water, no added fat",4804,Grits and other cooked cereals,,65,1.38,14.84,0.4,0.8,0.29,215,68.5,1.054,2022-10-28
2708372,56201230,"Grits, instant, made with water, NS as to fat",4804,Grits and other cooked cereals,,85,1.36,14.36,2.85,0.8,0.29,228,88.5,1.042,2022-10-28
2708363,56200990,"Grits, NFS",4804,Grits and other cooked cereals,,71,1.19,12.2,1.84,0.7,0.1,81,70.1,0.988,2022-10-28
2708366,56201052,"Grits, regular or quick, made with water, fat added",4804,Grits and other cooked cereals,,71,1.19,12.2,1.84,0.7,0.1,81,70.1,0.988,2022-10-28
2708365,56201051,"Grits, regular or quick, made with water, no added fat",4804,Grits and other cooked cereals,,58,1.2,12.41,0.28,0.7,0.09,70,57.0,0.982,2022-10-28
2708364,56201050,"Grits, regular or quick, made with water, NS as to fat",4804,Grits and other cooked cereals,,71,1.19,12.2,1.84,0.7,0.1,81,70.1,0.988,2022-10-28
2708369,56201092,"Grits, with cheese, fat added",4804,Grits and other cooked cereals,,108,3.56,11.36,5.28,0.6,0.12,143,107.2,0.993,2022-10-28
2708368,56201091,"Grits, with cheese, no added fat",4804,Grits and other cooked cereals,,97,3.6,11.54,3.92,0.7,0.12,134,95.8,0.988,2022-10-28
2708367,56201090,"Grits, with cheese, NS as to fat",4804,Grits and other cooked cereals,,108,3.56,11.36,5.28,0.6,0.12,143,107.2,0.993,2022-10-28
2705921,23331100,Groundhog,2008,"Lamb, goat, game",,159,28.08,0,4.34,0,0,367,151.4,0.952,2022-10-28
2709308,63409015,Guacamole with tomatoes,8412,"Dips, gravies, other sauces",,145,1.87,8.09,13.09,6.1,0.87,317,157.7,1.087,2022-10-28
2709307,63409010,"Guacamole, NFS",8412,"Dips, gravies, other sauces",,155,1.95,8.45,14.18,6.5,0.72,344,169.2,1.092,2022-10-28
2709344,64203020,Guava nectar,7204,Fruit drinks,,48,0.3,13.3,0.07,1.2,10.15,6,55.0,1.146,2022-10-28
2710307,91407100,Guava paste,8806,"Jams, syrups, toppings",,292,0.1,72.56,0.27,1.1,71.62,2,293.1,1.004,2022-10-28
2709238,63125010,"Guava, raw",6018,Other fruits and fruit salads,raw,68,2.55,14.32,0.95,5.4,8.92,2,76.0,1.118,2022-10-28
2706372,27111300,"Guisada, beef",3002,Meat mixed dishes,,115,10.85,2.52,6.62,0.5,0.63,305,113.1,0.983,2022-10-28
2706407,27120130,"Guisada, pork",3002,Meat mixed dishes,,118,10.31,2.52,7.09,0.5,0.63,300,115.1,0.976,2022-10-28
2706726,27363000,Gumbo with rice,3006,Seafood mixed dishes,,89,8.16,6.55,3.43,0.9,1.7,400,89.7,1.008,2022-10-28
2706879,27464000,"Gumbo, no rice",3006,Seafood mixed dishes,,83,8.54,4.03,3.68,0.9,1.83,433,83.4,1.005,2022-10-28
2706962,27516010,Gyro sandwich,3742,Meat and BBQ sandwiches,,184,11.24,18.78,6.76,1,1.74,323,180.9,0.983,2022-10-28
2705878,22311000,Ham,2602,Cold cuts and cured meats,,117,19.04,1.58,3.87,0,1.54,1149,117.3,1.003,2022-10-28
2706505,27220020,Ham and noodles with cream or white sauce,3002,Meat mixed dishes,,139,6.81,15.32,5.44,0.6,1.59,479,137.5,0.989,2022-10-28
2706514,27220210,"Ham and noodles, no sauce",3002,Meat mixed dishes,,144,7.15,15.88,5.54,0.8,0.25,483,142.0,0.986,2022-10-28
2706506,27220030,Ham and rice with mushroom sauce,3002,Meat mixed dishes,,136,5.37,16.28,5.19,0.4,0.62,580,133.3,0.980,2022-10-28
2706768,27420270,"Ham and vegetables excluding carrots, broccoli, and dark-green leafy; no potatoes, no sauce",3002,Meat mixed dishes,,120,7.56,5.12,7.83,1.1,0.98,757,121.2,1.010,2022-10-28
2706767,27420250,"Ham and vegetables including carrots broccoli, and/or dark- green leafy; no potatoes, no sauce",3002,Meat mixed dishes,,115,7.45,2.59,8.28,1.2,1.1,767,114.7,0.997,2022-10-28
2707338,34002120,Ham biscuit sandwich,3706,Egg/breakfast sandwiches,,322,11.56,28.24,18.1,1.6,3.26,1023,322.1,1.000,2022-10-28
2706508,27220080,Ham croquette,3002,Meat mixed dishes,,273,17.97,2.6,20.74,0.2,0.49,1176,268.9,0.985,2022-10-28
2706210,25230420,"Ham luncheon meat, loaf type",2602,Cold cuts and cured meats,,117,17.99,1.57,4.39,0,1.57,1193,117.8,1.006,2022-10-28
2706517,27220520,Ham or pork and potatoes with cheese sauce,3002,Meat mixed dishes,,127,7.86,11.11,5.69,0.9,0.48,300,127.1,1.001,2022-10-28
2706516,27220510,Ham or pork and potatoes with gravy,3002,Meat mixed dishes,,126,5.4,11.68,6.33,0.9,0.54,301,125.3,0.994,2022-10-28
2706515,27220310,"Ham or pork and rice, no sauce",3002,Meat mixed dishes,,143,6.73,16.8,4.99,0.2,0.03,307,139.0,0.972,2022-10-28
2706756,27420020,Ham or pork salad,3002,Meat mixed dishes,,230,13.26,2.83,18.09,0.4,2.06,989,227.2,0.988,2022-10-28
2706398,27120020,Ham or pork with gravy,3002,Meat mixed dishes,,160,20.15,1.58,7.49,0,0.09,349,154.3,0.965,2022-10-28
2706403,27120090,Ham or pork with mushroom sauce,3002,Meat mixed dishes,,167,20.55,1.84,7.98,0.1,0.57,351,161.4,0.966,2022-10-28
2706507,27220050,Ham or pork with stuffing,3002,Meat mixed dishes,,143,6.26,10.43,8.27,0.4,1.13,319,141.2,0.987,2022-10-28
2706404,27120100,Ham or pork with tomato-based sauce,3002,Meat mixed dishes,,153,20.3,1.59,6.8,0.4,1.06,352,148.8,0.972,2022-10-28
2706636,27320030,"Ham or pork, noodles and vegetables excluding carrots, broccoli, and dark-green leafy; cheese sauce",3002,Meat mixed dishes,,155,9.18,15.32,6.42,1.1,0.69,301,155.8,1.005,2022-10-28
2706634,27320025,"Ham or pork, noodles and vegetables excluding carrots, broccoli, and dark-green leafy; no sauce",3002,Meat mixed dishes,,151,8.42,18.31,4.91,1.4,0.84,313,151.1,1.001,2022-10-28
2706635,27320027,"Ham or pork, noodles, and vegetables including carrots, broccoli, and/or dark-green leafy; no sauce",3002,Meat mixed dishes,,148,8.35,16.74,5.19,1.5,0.91,302,147.1,0.994,2022-10-28
2706638,27320070,"Ham or pork, noodles, and vegetables including carrots, broccoli, and/or dark-green leafy; tomato-based sauce",3002,Meat mixed dishes,,125,6.48,13.75,5.02,1.5,1.62,314,126.1,1.009,2022-10-28
2706972,27520345,Ham salad sandwich on wheat,3740,Deli and cured meat sandwiches,,241,12.64,17.03,13.38,2.1,3.11,806,239.1,0.992,2022-10-28
2706971,27520340,Ham salad sandwich on white,3740,Deli and cured meat sandwiches,,242,11.98,18.29,13.26,1,3.15,809,240.4,0.993,2022-10-28
2706222,25240220,Ham salad spread,2602,Cold cuts and cured meats,,216,8.68,10.64,15.53,0,0,1075,217.0,1.005,2022-10-28
2706966,27520230,Ham sandwich on wheat,3740,Deli and cured meat sandwiches,,185,13.96,23.62,3.86,2.8,2.69,657,185.1,1.000,2022-10-28
2706967,27520240,"Ham sandwich on wheat, with cheese",3740,Deli and cured meat sandwiches,,212,14.94,20.78,7.62,2.4,2.71,711,211.5,0.997,2022-10-28
2706964,27520210,Ham sandwich on white,3740,Deli and cured meat sandwiches,,187,12.94,25.58,3.66,1.2,2.76,662,187.0,1.000,2022-10-28
2706965,27520220,"Ham sandwich on white, with cheese",3740,Deli and cured meat sandwiches,,213,14.08,22.43,7.46,1,2.77,716,213.2,1.001,2022-10-28
2706968,27520255,"Ham sandwich or sub, restaurant",3740,Deli and cured meat sandwiches,,178,13.34,22.85,3.66,1.1,2.46,687,177.7,0.998,2022-10-28
2706969,27520260,"Ham sandwich or sub, with cheese, restaurant",3740,Deli and cured meat sandwiches,,210,14.59,19.7,8.06,0.9,2.52,744,209.7,0.999,2022-10-28
2706970,27520270,Ham sandwich wrap,3740,Deli and cured meat sandwiches,,230,13.54,22.51,9.38,1.5,2.05,825,228.6,0.994,2022-10-28
2706402,27120080,Ham stroganoff,3002,Meat mixed dishes,,131,7.62,5.19,8.85,0.7,1.9,703,130.9,0.999,2022-10-28
2705880,22311500,"Ham, canned",2602,Cold cuts and cured meats,,167,20.94,0.49,8.43,0,0,1068,161.6,0.968,2022-10-28
2710240,89901002,"Ham, for use with vegetables",9999,Not included in a food category,,117,17.99,1.57,4.39,0,1.57,1193,117.8,1.006,2022-10-28
2705881,22321110,"Ham, ground",2602,Cold cuts and cured meats,,167,20.94,0.49,8.43,0,0,1068,161.6,0.968,2022-10-28
2706653,27320410,"Ham, potatoes, and vegetables excluding carrots, broccoli, and dark-green leafy; no sauce",3002,Meat mixed dishes,,126,5.56,15.02,5.06,1.7,1.12,457,127.9,1.015,2022-10-28
2706654,27320450,"Ham, potatoes, and vegetables including carrots, broccoli, and/or dark-green leafy; no sauce",3002,Meat mixed dishes,,128,5.47,13.4,5.9,1.8,1.18,461,128.6,1.005,2022-10-28
2706206,25230210,"Ham, prepackaged or deli, luncheon meat",2602,Cold cuts and cured meats,,101,16.7,0.27,3.73,0,0,890,101.4,1.004,2022-10-28
2706207,25230220,"Ham, prepackaged or deli, luncheon meat, reduced sodium",2602,Cold cuts and cured meats,,101,16.7,0.27,3.73,0,0,660,101.4,1.004,2022-10-28
2705879,22311450,"Ham, prosciutto",2602,Cold cuts and cured meats,,195,27.8,0.3,8.32,0,0,2695,187.3,0.960,2022-10-28
2706922,27510551,Hamburger (Burger King),3702,Burgers,,254,13.63,25.98,10.24,1.1,4.66,400,250.6,0.987,2022-10-28
2706924,27510553,Hamburger (McDonalds),3702,Burgers,,263,13.3,29.57,10.18,1.8,5.95,487,263.1,1.000,2022-10-28
2706926,27510573,Hamburger slider,3702,Burgers,,288,17.76,19.71,14.72,0.7,2.86,349,282.4,0.980,2022-10-28
2706919,27510501,"Hamburger slider, from fast food",3702,Burgers,,285,15.27,29.18,11.35,1,4.24,400,279.9,0.982,2022-10-28
2706963,27517000,"Hamburger wrap sandwich, from fast food",3702,Burgers,,299,16.86,20.38,16.06,1.4,1.53,440,293.5,0.982,2022-10-28
2706930,27510605,"Hamburger, from fast food, 1 large patty",3702,Burgers,,289,18.43,17.12,15.63,0.6,2.49,351,282.9,0.979,2022-10-28
2706929,27510601,"Hamburger, from fast food, 1 medium patty",3702,Burgers,,288,17.51,20.68,14.38,0.7,3,355,282.2,0.980,2022-10-28
2706921,27510531,"Hamburger, from fast food, 1 small patty",3702,Burgers,,285,15.51,28.27,11.68,1,4.11,396,280.2,0.983,2022-10-28
2706925,27510565,"Hamburger, from school cafeteria",3702,Burgers,,243,17.8,25.67,7.36,3,2.94,278,240.1,0.988,2022-10-28
2706920,27510521,"Hamburger, NFS",3702,Burgers,,288,17.51,20.68,14.38,0.7,3,355,282.2,0.980,2022-10-28
2706935,27510636,"Hamburger, on wheat bun, 1 large patty",3702,Burgers,,283,18.99,15.52,15.66,1.8,1.78,333,279.0,0.986,2022-10-28
2706933,27510632,"Hamburger, on wheat bun, 1 medium patty",3702,Burgers,,281,18.18,18.74,14.4,2.2,2.15,333,277.3,0.987,2022-10-28
2706928,27510576,"Hamburger, on wheat bun, 1 small patty",3702,Burgers,,280,17.83,20.14,13.86,2.4,2.31,337,276.6,0.988,2022-10-28
2706934,27510635,"Hamburger, on white bun, 1 large patty",3702,Burgers,,289,18.43,17.12,15.63,0.6,2.49,351,282.9,0.979,2022-10-28
2706932,27510631,"Hamburger, on white bun, 1 medium patty",3702,Burgers,,288,17.51,20.68,14.38,0.7,3,355,282.2,0.980,2022-10-28
2706927,27510575,"Hamburger, on white bun, 1 small patty",3702,Burgers,,287,17.1,22.22,13.83,0.8,3.23,361,281.8,0.982,2022-10-28
2710621,93106500,Hard cider,7502,Beer,,56,0,5.92,0,0,5.92,4,23.7,0.423,2022-10-28
2710622,93106600,Hard seltzer,7502,Beer,,24,0.07,0.55,0,0,0,17,2.5,0.103,2022-10-28
2706584,27260110,"Hash, NS as to type of meat",3002,Meat mixed dishes,,164,8.73,9.27,10.24,1.1,0.34,412,164.2,1.001,2022-10-28
2710316,91560100,Haupia,5804,Pudding,,274,1.98,23.52,20.45,2,14.72,83,286.0,1.044,2022-10-28
2708718,58117510,"Hayacas, Puerto Rican style",3002,Meat mixed dishes,,157,5.82,9.37,10.83,1.1,3.38,176,158.2,1.008,2022-10-28
2707502,42107000,Hazelnuts,2804,Nuts and seeds,,628,14.95,16.7,60.75,9.7,4.34,0,673.4,1.072,2022-10-28
2706180,25220910,Head cheese,2602,Cold cuts and cured meats,,157,13.83,0,10.9,0,0,941,153.4,0.977,2022-10-28
2706156,25120000,Heart,2010,Liver and organ meats,,164,28.25,0.15,4.69,0,0,366,155.8,0.950,2022-10-28
2706164,25170310,Hog maws,2010,Liver and organ meats,,250,26.53,0,15.97,0,0,541,249.9,0.999,2022-10-28
2707441,41420250,Hoisin sauce,8404,Soy-based condiments,,220,3.31,44.08,3.39,2.8,27.26,1615,220.1,1.000,2022-10-28
2710171,81302010,Hollandaise sauce,8412,"Dips, gravies, other sauces",,546,5.4,1.03,57.98,0,0.77,329,547.5,1.003,2022-10-28
2709933,75217520,"Hominy, cooked",4804,Grits and other cooked cereals,,88,1.45,13.8,2.91,2.4,1.47,501,87.2,0.991,2022-10-28
2710281,91302010,Honey,8802,Sugars and honey,,304,0.3,82.4,0,0.2,82.12,4,330.8,1.088,2022-10-28
2710179,81322000,Honey butter,8002,Butter and animal fats,,485,0.53,48.5,33.85,0.1,48.54,218,500.8,1.033,2022-10-28
2710086,75506100,Honey mustard dip,8406,Mustard and other condiments,,275,1.77,25.16,18.01,1,24.1,509,269.8,0.981,2022-10-28
2710202,83105500,Honey mustard dressing,8012,Salad dressings and vegetable oils,,464,0.87,23.33,40.83,0.4,15.84,512,464.3,1.001,2022-10-28
2710233,83300500,"Honey mustard dressing, fat free",8012,Salad dressings and vegetable oils,,169,1.07,38.43,1.47,1.2,17.75,1004,171.2,1.013,2022-10-28
2710223,83204500,"Honey mustard dressing, light",8012,Salad dressings and vegetable oils,,207,0.98,28.26,10,0.8,18.33,701,207.0,1.000,2022-10-28
2709241,63127010,"Honeydew melon, raw",6014,Melons,raw,36,0.54,9.09,0.14,0.8,8.12,18,39.8,1.105,2022-10-28
2710603,92610030,"Horchata, made with milk",7220,Smoothies and grain drinks,,91,1.42,19.65,0.63,0.4,9.56,9,90.0,0.988,2022-10-28
2710602,92610020,"Horchata, made with water",7220,Smoothies and grain drinks,,88,1.09,20.45,0.13,0.5,8.07,4,87.3,0.992,2022-10-28
2710083,75503090,Horseradish,8406,Mustard and other condiments,,48,1.18,11.29,0.69,3.3,7.99,420,56.1,1.169,2022-10-28
2710174,81302060,Horseradish sauce,8406,Mustard and other condiments,,503,1.09,10.05,50.89,1,8.98,730,502.6,0.999,2022-10-28
2705486,11514150,"Hot chocolate / cocoa, dry mix , made with non-dairy milk",1902,Plant-based milk,,81,1.88,13.9,1.92,0.6,10.58,112,80.4,0.993,2022-10-28
2705485,11514130,"Hot chocolate / cocoa, dry mix, made with lowfat (1%) or fat free (skim) milk",1208,"Flavored milk, nonfat",,83,3.87,15.53,0.61,0.5,13.19,103,83.1,1.001,2022-10-28
2705483,11514100,"Hot chocolate / cocoa, dry mix, made with water",1208,"Flavored milk, nonfat",,54,0.9,11.27,0.54,0.5,8.82,71,53.5,0.991,2022-10-28
2705487,11514160,"Hot chocolate / cocoa, dry mix, made with water, with whipped cream",1204,"Flavored milk, reduced fat",,65,0.94,11.2,1.83,0.5,8.81,69,65.0,1.000,2022-10-28
2705484,11514110,"Hot chocolate / cocoa, dry mix, made with whole or reduced fat (2%) milk",1204,"Flavored milk, reduced fat",,97,3.81,15.51,2.18,0.5,13.06,102,96.9,0.999,2022-10-28
2705492,11514340,"Hot chocolate / cocoa, dry mix, reduced sugar, made with lowfat (1%) or fat free (skim) milk",1208,"Flavored milk, nonfat",,62,4.41,10.39,0.32,0.6,7.71,109,62.1,1.001,2022-10-28
2705494,11514360,"Hot chocolate / cocoa, dry mix, reduced sugar, made with non-dairy milk",1902,Plant-based milk,,59,2.31,8.66,1.72,0.7,4.94,118,59.4,1.006,2022-10-28
2705488,11514310,"Hot chocolate / cocoa, dry mix, reduced sugar, made with water",1208,"Flavored milk, nonfat",,31,1.26,5.87,0.24,0.6,3.07,75,30.7,0.990,2022-10-28
2705489,11514320,"Hot chocolate / cocoa, dry mix, reduced sugar, made with whole or reduced fat (2%) milk",1204,"Flavored milk, reduced fat",,77,4.35,10.37,1.99,0.6,7.56,107,76.8,0.997,2022-10-28
2705474,11512020,"Hot chocolate / cocoa, made with lowfat (1%) or fat free (skim) milk",1208,"Flavored milk, nonfat",,78,2.79,16.55,0.06,0,15.31,61,77.9,0.999,2022-10-28
2705475,11512030,"Hot chocolate / cocoa, made with non-dairy milk",1902,Plant-based milk,,76,0.93,15.02,1.3,0.1,12.85,69,75.5,0.993,2022-10-28
2705473,11512010,"Hot chocolate / cocoa, made with whole or reduced fat (2%) milk",1204,"Flavored milk, reduced fat",,91,2.73,16.53,1.54,0,15.18,60,90.9,0.999,2022-10-28
2705472,11512005,"Hot chocolate / cocoa, NFS",1206,"Flavored milk, lowfat",,72,1.82,13.9,1.04,0.2,12,66,72.2,1.003,2022-10-28
2705493,11514350,"Hot chocolate / cocoa, reduced sugar, made with lowfat (1%) or fat free (skim) milk",1208,"Flavored milk, nonfat",,56,3.05,10.45,0.25,0,9.44,52,56.2,1.004,2022-10-28
2705490,11514325,"Hot chocolate / cocoa, reduced sugar, made with non-dairy milk",1902,Plant-based milk,,54,1.19,8.92,1.48,0.1,6.99,60,53.8,0.996,2022-10-28
2705491,11514330,"Hot chocolate / cocoa, reduced sugar, made with whole or reduced fat (2%) milk",1204,"Flavored milk, reduced fat",,69,2.99,10.44,1.73,0,9.31,50,69.3,1.004,2022-10-28
2705476,11512100,"Hot chocolate / cocoa, with whipped cream",1204,"Flavored milk, reduced fat",,101,2.7,16.25,2.8,0,14.92,58,101.0,1.000,2022-10-28
2707063,27564080,"Hot dog sandwich, beef, on wheat bread",3703,Frankfurter sandwiches,,294,11.6,17.56,19.72,1.9,2.62,694,294.1,1.000,2022-10-28
2707061,27564061,"Hot dog sandwich, beef, on wheat bun",3703,Frankfurter sandwiches,,290,11.57,21.65,17.4,2.4,3,657,289.5,0.998,2022-10-28
2707062,27564070,"Hot dog sandwich, beef, on white bread",3703,Frankfurter sandwiches,,295,10.92,18.86,19.58,0.8,2.67,698,295.3,1.001,2022-10-28
2707060,27564060,"Hot dog sandwich, beef, on white bun",3703,Frankfurter sandwiches,,296,10.85,23.73,17.37,0.8,3.92,681,294.6,0.995,2022-10-28
2707067,27564200,"Hot dog sandwich, meat and poultry, on wheat bread",3703,Frankfurter sandwiches,,272,10.3,18.95,17.21,1.9,3.6,694,271.9,1.000,2022-10-28
2707065,27564181,"Hot dog sandwich, meat and poultry, on wheat bun",3703,Frankfurter sandwiches,,271,10.46,22.84,15.27,2.4,3.83,657,270.6,0.999,2022-10-28
2707066,27564190,"Hot dog sandwich, meat and poultry, on white bread",3703,Frankfurter sandwiches,,274,9.62,20.25,17.08,0.8,3.64,698,273.2,0.997,2022-10-28
2707064,27564180,"Hot dog sandwich, meat and poultry, on white bun",3703,Frankfurter sandwiches,,278,9.74,24.92,15.24,0.8,4.75,681,275.8,0.992,2022-10-28
2707059,27564020,"Hot dog sandwich, NFS, on wheat bread",3703,Frankfurter sandwiches,,294,11.6,17.56,19.72,1.9,2.62,694,294.1,1.000,2022-10-28
2707057,27564001,"Hot dog sandwich, NFS, on wheat bun",3703,Frankfurter sandwiches,,290,11.57,21.65,17.4,2.4,3,657,289.5,0.998,2022-10-28
2707058,27564010,"Hot dog sandwich, NFS, on white bread",3703,Frankfurter sandwiches,,295,10.92,18.86,19.58,0.8,2.67,698,295.3,1.001,2022-10-28
2707056,27564000,"Hot dog sandwich, NFS, on white bun",3703,Frankfurter sandwiches,,296,10.85,23.73,17.37,0.8,3.92,681,294.6,0.995,2022-10-28
2707075,27564320,"Hot dog sandwich, reduced fat, on wheat bread",3703,Frankfurter sandwiches,,233,12.94,19,11.63,1.9,1.79,554,232.4,0.998,2022-10-28
2707073,27564301,"Hot dog sandwich, reduced fat, on wheat bun",3703,Frankfurter sandwiches,,237,12.71,22.89,10.5,2.4,2.3,538,236.9,1.000,2022-10-28
2707074,27564310,"Hot dog sandwich, reduced fat, on white bread",3703,Frankfurter sandwiches,,234,12.26,20.31,11.5,0.8,1.84,558,233.8,0.999,2022-10-28
2707072,27564300,"Hot dog sandwich, reduced fat, on white bun",3703,Frankfurter sandwiches,,244,11.99,24.96,10.47,0.8,3.21,561,242.0,0.992,2022-10-28
2707071,27564260,"Hot dog sandwich, turkey, on wheat bread",3703,Frankfurter sandwiches,,237,11.94,18.16,12.7,1.9,2.59,719,234.7,0.990,2022-10-28
2707069,27564241,"Hot dog sandwich, turkey, on wheat bun",3703,Frankfurter sandwiches,,241,11.86,22.17,11.42,2.4,2.97,678,238.9,0.991,2022-10-28
2707070,27564250,"Hot dog sandwich, turkey, on white bread",3703,Frankfurter sandwiches,,238,11.26,19.46,12.57,0.8,2.63,722,236.0,0.992,2022-10-28
2707068,27564240,"Hot dog sandwich, turkey, on white bun",3703,Frankfurter sandwiches,,248,11.14,24.24,11.39,0.8,3.89,702,244.0,0.984,2022-10-28
2707077,27564430,"Hot dog sandwich, vegetarian, on bread",3703,Frankfurter sandwiches,,243,16.56,20.15,10.69,3.4,1.6,448,243.0,1.000,2022-10-28
2707076,27564420,"Hot dog sandwich, vegetarian, on bun",3703,Frankfurter sandwiches,,251,15.76,24.3,9.89,3.1,2.85,466,249.2,0.993,2022-10-28
2706167,25210210,"Hot dog, beef",2606,Frankfurters,,310,11.7,2.89,28,0,1.26,828,310.4,1.001,2022-10-28
2706168,25210280,"Hot dog, meat and poultry",2606,Frankfurters,,277,9.72,5.02,24.18,0,2.75,828,276.6,0.998,2022-10-28
2706166,25210110,"Hot dog, NFS",2606,Frankfurters,,310,11.7,2.89,28,0,1.26,828,310.4,1.001,2022-10-28
2706169,25210290,"Hot dog, reduced fat",2606,Frankfurters,,216,13.75,5.1,15.66,0,0,615,216.3,1.002,2022-10-28
2706170,25210410,"Hot dog, turkey",2606,Frankfurters,,223,12.23,3.81,17.29,0,1.21,865,219.8,0.986,2022-10-28
2707470,41811400,"Hot dog, vegetarian",2806,Soy and meat-alternative products,,233,19.61,7.7,13.73,3.9,0,471,232.8,0.999,2022-10-28
2710093,75511010,Hot pepper sauce,8406,Mustard and other condiments,,12,1.29,0.8,0.76,0.6,0.13,633,15.2,1.267,2022-10-28
2709744,74403000,Hot Thai sauce,8406,Mustard and other condiments,,74,1.03,16.58,0.66,0.5,16.07,2055,76.4,1.032,2022-10-28
2707191,32105180,Huevos rancheros,2502,Eggs and omelets,,121,6.68,8.85,6.65,1.7,2.26,418,122.0,1.008,2022-10-28
2707403,41205075,"Hummus, flavored",8412,"Dips, gravies, other sauces",,241,7.22,14.63,17.1,5.3,0.49,420,241.3,1.001,2022-10-28
2707402,41205070,"Hummus, plain",8412,"Dips, gravies, other sauces",,243,7.35,14.9,17.1,5.4,0.34,438,242.9,1.000,2022-10-28
2706741,27415140,Hunan beef,3404,Stir-fry and soy-based sauce mixtures,,105,7.08,7.29,5.3,1.5,2.41,409,105.2,1.002,2022-10-28
2707819,52209010,Hush puppy,4402,"Biscuits, muffins, quick breads",,296,6.16,40.21,13.25,2.9,3.8,813,304.7,1.029,2022-10-28
2705641,13120140,"Ice cream bar, chocolate",5802,Ice cream and frozen dairy desserts,,329,4.41,25.17,23.89,1.5,17.97,67,333.3,1.013,2022-10-28
2705638,13120050,"Ice cream bar, vanilla",5802,Ice cream and frozen dairy desserts,,358,2.11,37.12,25.26,1.1,21.05,84,384.3,1.073,2022-10-28
2705639,13120100,"Ice cream bar, vanilla, chocolate coated",5802,Ice cream and frozen dairy desserts,,331,4.1,24.5,24.1,0.8,18.3,68,331.3,1.001,2022-10-28
2707877,53112100,Ice cream cake,5502,Cakes and pies,,283,2.95,39.28,12.67,0.5,31.24,196,283.0,1.000,2022-10-28
2705640,13120110,Ice cream candy bar,5802,Ice cream and frozen dairy desserts,,323,4.4,30.9,20.2,0.6,30,92,323.0,1.000,2022-10-28
2705655,13120792,"Ice cream cone, chocolate, prepackaged",5802,Ice cream and frozen dairy desserts,,353,5.35,34.62,21.8,1.4,24.77,93,356.1,1.009,2022-10-28
2705647,13120740,"Ice cream cone, NFS",5802,Ice cream and frozen dairy desserts,,229,3.75,28.47,11.13,0.9,22.19,97,229.1,1.000,2022-10-28
2705648,13120770,"Ice cream cone, scooped, chocolate",5802,Ice cream and frozen dairy desserts,,224,3.97,30.23,10.84,1.3,24.59,83,234.4,1.046,2022-10-28
2705649,13120775,"Ice cream cone, scooped, chocolate, waffle cone",5802,Ice cream and frozen dairy desserts,,227,4.04,31.49,10.58,1.2,25.38,89,237.3,1.046,2022-10-28
2705645,13120730,"Ice cream cone, scooped, vanilla",5802,Ice cream and frozen dairy desserts,,215,3.68,25.82,10.84,0.8,20.61,87,215.6,1.003,2022-10-28
2705646,13120735,"Ice cream cone, scooped, vanilla, waffle cone",5802,Ice cream and frozen dairy desserts,,218,3.76,27.16,10.58,0.8,21.48,93,218.9,1.004,2022-10-28
2705651,13120784,"Ice cream cone, soft serve, chocolate",5802,Ice cream and frozen dairy desserts,,196,5.12,27.83,7.18,0.9,23.96,78,196.4,1.002,2022-10-28
2705653,13120788,"Ice cream cone, soft serve, chocolate, waffle cone",5802,Ice cream and frozen dairy desserts,,200,5.17,29.14,6.99,0.9,24.77,84,200.2,1.001,2022-10-28
2705650,13120782,"Ice cream cone, soft serve, vanilla",5802,Ice cream and frozen dairy desserts,,189,4.91,31.44,4.91,0.4,21.48,81,189.6,1.003,2022-10-28
2705652,13120786,"Ice cream cone, soft serve, vanilla, waffle cone",5802,Ice cream and frozen dairy desserts,,193,4.96,32.67,4.77,0.4,22.33,87,193.4,1.002,2022-10-28
2705654,13120790,"Ice cream cone, vanilla, prepackaged",5802,Ice cream and frozen dairy desserts,,354,5.21,34.38,21.88,1,25,94,355.3,1.004,2022-10-28
2705644,13120550,Ice cream cookie sandwich,5802,Ice cream and frozen dairy desserts,,317,4.61,43.35,14.11,1.7,26.45,232,318.8,1.006,2022-10-28
2705643,13120510,"Ice cream sandwich, chocolate",5802,Ice cream and frozen dairy desserts,,270,4.5,39.33,11.8,1.8,28.38,202,281.5,1.043,2022-10-28
2705642,13120500,"Ice cream sandwich, vanilla",5802,Ice cream and frozen dairy desserts,,264,4.28,35.88,11.8,1.4,25.27,205,266.8,1.011,2022-10-28
2705657,13120810,"Ice cream soda, chocolate",1402,Milk shakes and other dairy drinks,,87,1,15.23,2.9,0.3,14.48,30,91.0,1.046,2022-10-28
2705656,13120800,"Ice cream soda, flavors other than chocolate",1402,Milk shakes and other dairy drinks,,85,0.92,14.02,2.9,0.2,13.4,31,85.9,1.010,2022-10-28
2705662,13121400,"Ice cream sundae, caramel topping",5802,Ice cream and frozen dairy desserts,,213,2.95,30.63,9.18,0.5,28.82,136,216.9,1.018,2022-10-28
2705659,13121100,"Ice cream sundae, fruit topping",5802,Ice cream and frozen dairy desserts,,221,2.72,32.7,9.2,0.7,22.24,65,224.5,1.016,2022-10-28
2705661,13121300,"Ice cream sundae, hot fudge topping",5802,Ice cream and frozen dairy desserts,,243,3.7,31.94,11.16,1.1,23.89,137,243.0,1.000,2022-10-28
2705658,13121000,"Ice cream sundae, NFS",5802,Ice cream and frozen dairy desserts,,243,3.7,31.94,11.16,1.1,23.89,137,243.0,1.000,2022-10-28
2705632,13110110,"Ice cream, chocolate",5802,Ice cream and frozen dairy desserts,,216,3.8,28.2,11,1.2,25.36,76,227.0,1.051,2022-10-28
2705633,13110112,"Ice cream, chocolate, with additional ingredients",5802,Ice cream and frozen dairy desserts,,249,3.93,34.39,11.76,1.5,28.82,102,259.1,1.041,2022-10-28
2705663,13126000,"Ice cream, fried",5802,Ice cream and frozen dairy desserts,fried,282,3.94,32.77,15.16,1.2,20.9,159,283.3,1.005,2022-10-28
2705629,13110000,"Ice cream, NFS",5802,Ice cream and frozen dairy desserts,,221,3.57,26.36,11.3,0.8,22.86,90,221.4,1.002,2022-10-28
2705635,13110210,"Ice cream, soft serve, chocolate",5802,Ice cream and frozen dairy desserts,,187,5,25.7,7.19,0.8,24.71,71,187.5,1.003,2022-10-28
2705634,13110200,"Ice cream, soft serve, vanilla",5802,Ice cream and frozen dairy desserts,,180,4.78,29.46,4.83,0.3,22.12,74,180.4,1.002,2022-10-28
2705630,13110100,"Ice cream, vanilla",5802,Ice cream and frozen dairy desserts,,207,3.5,23.6,11,0.7,21.22,80,207.4,1.002,2022-10-28
2705631,13110102,"Ice cream, vanilla, with additional ingredients",5802,Ice cream and frozen dairy desserts,,242,3.67,30.51,11.76,1,25.33,105,242.6,1.002,2022-10-28
2710428,92102400,"Iced Coffee, brewed",7302,Coffee,,1,0.09,0,0.02,0,0,2,0.5,0.540,2022-10-28
2710429,92102401,"Iced Coffee, brewed, decaffeinated",7302,Coffee,,0,0.08,0,0,0,0,2,0.3,,2022-10-28
2710430,92102450,"Iced Coffee, pre-lightened and pre-sweetened",7302,Coffee,,31,0.25,4.94,1.12,0,4.95,6,30.8,0.995,2022-10-28
2710512,92307500,Iced Tea / Lemonade juice drink,7304,Tea,,34,0.2,9.15,0.05,0.3,7.2,12,37.9,1.113,2022-10-28
2710514,92307520,"Iced Tea / Lemonade juice drink, diet",7304,Tea,,2,0,0.57,0,0,0,4,2.3,1.140,2022-10-28
2710513,92307510,"Iced Tea / Lemonade juice drink, light",7304,Tea,,21,0.22,6.12,0.04,0.3,3.86,13,25.7,1.225,2022-10-28
2710290,91305010,"Icing, chocolate",8806,"Jams, syrups, toppings",,397,1.1,63.2,17.6,0.9,57.7,183,415.6,1.047,2022-10-28
2710291,91305020,"Icing, white",8806,"Jams, syrups, toppings",,418,0,67.89,16.23,0,63.1,184,417.6,0.999,2022-10-28
2708346,55702000,Idli,3202,Rice mixed dishes,,128,6.36,24.98,0.35,5.8,1.85,252,128.5,1.004,2022-10-28
2705777,14502000,Imitation cheese,1602,Cheese,,390,25,1,32,0,1,670,392.0,1.005,2022-10-28
2706568,27250520,Imitation crab meat,2402,Fish,,95,7.62,15,0.46,0.5,6.25,529,94.6,0.996,2022-10-28
2710814,99998210,Industrial oil as ingredient in food,9999,Not included in a food category,,892,0,0,100,0,0,0,900.0,1.009,2022-10-28
2705583,11740405,"Infant formula, amino acids",9404,"Formula, prepared from powder",,66,1.8,7.21,3.36,0,6.6,30,66.3,1.004,2022-10-28
2705539,11710669,"Infant formula, Enfamil AR, powder, made with water",9404,"Formula, prepared from powder",,65,1.6,7.43,3.24,0,7.25,26,65.3,1.004,2022-10-28
2705538,11710661,"Infant formula, Enfamil AR, ready-to-feed",9402,"Formula, ready-to-feed",,65,1.6,7.43,3.24,0,7.25,26,65.3,1.004,2022-10-28
2705543,11710679,"Infant formula, Enfamil Gentlease, powder, made with baby water",9404,"Formula, prepared from powder",,67,1.51,7.31,3.49,0,7.25,24,66.7,0.995,2022-10-28
2705542,11710678,"Infant formula, Enfamil Gentlease, powder, made with bottled water",9404,"Formula, prepared from powder",,67,1.51,7.31,3.49,0,7.25,26,66.7,0.995,2022-10-28
2705541,11710677,"Infant formula, Enfamil Gentlease, powder, made with tap water",9404,"Formula, prepared from powder",,67,1.51,7.31,3.49,0,7.25,27,66.7,0.995,2022-10-28
2705540,11710671,"Infant formula, Enfamil Gentlease, ready-to-feed",9402,"Formula, ready-to-feed",,67,1.51,7.31,3.49,0,7.25,24,66.7,0.995,2022-10-28
2705537,11710639,"Infant formula, Enfamil Infant, powder, made with baby water",9404,"Formula, prepared from powder",,66,1.4,7.38,3.49,0,7.38,18,66.5,1.008,2022-10-28
2705536,11710638,"Infant formula, Enfamil Infant, powder, made with bottled water",9404,"Formula, prepared from powder",,66,1.4,7.38,3.49,0,7.38,20,66.5,1.008,2022-10-28
2705535,11710637,"Infant formula, Enfamil Infant, powder, made with tap water",9404,"Formula, prepared from powder",,66,1.4,7.38,3.49,0,7.38,21,66.5,1.008,2022-10-28
2705534,11710631,"Infant formula, Enfamil Infant, ready-to-feed",9402,"Formula, ready-to-feed",,66,1.4,7.38,3.49,0,7.38,18,66.5,1.008,2022-10-28
2705580,11740313,"Infant formula, Enfamil Nutramigen, powder, made with water",9404,"Formula, prepared from powder",,67,1.82,6.94,3.49,0,6.6,31,66.5,0.992,2022-10-28
2705579,11740311,"Infant formula, Enfamil Nutramigen, ready-to-feed",9402,"Formula, ready-to-feed",,67,1.82,6.94,3.49,0,6.6,31,66.5,0.992,2022-10-28
2705582,11740403,"Infant formula, Enfamil Pregestimil, powder, made with water",9404,"Formula, prepared from powder",,67,1.81,6.76,3.62,0,6.6,31,66.9,0.998,2022-10-28
2705581,11740401,"Infant formula, Enfamil Pregestimil, ready-to-feed",9402,"Formula, ready-to-feed",,67,1.81,6.76,3.62,0,6.6,31,66.9,0.998,2022-10-28
2705568,11720319,"Infant formula, Enfamil ProSobee, powder, made with baby water",9404,"Formula, prepared from powder",,66,1.64,7.07,3.49,0,6.86,24,66.2,1.004,2022-10-28
2705567,11720318,"Infant formula, Enfamil ProSobee, powder, made with bottled water",9404,"Formula, prepared from powder",,66,1.64,7.07,3.49,0,6.86,25,66.2,1.004,2022-10-28
2705566,11720317,"Infant formula, Enfamil ProSobee, powder, made with tap water",9404,"Formula, prepared from powder",,66,1.64,7.07,3.49,0,6.86,27,66.2,1.004,2022-10-28
2705565,11720311,"Infant formula, Enfamil ProSobee, ready-to-feed",9402,"Formula, ready-to-feed",,66,1.64,7.07,3.49,0,6.86,24,66.2,1.004,2022-10-28
2705533,11710605,"Infant formula, Enfamil, NFS",9404,"Formula, prepared from powder",,66,1.43,7.36,3.49,0,7.34,19,66.6,1.009,2022-10-28
2705553,11710919,"Infant formula, Gerber Good Start Gentle, Stage 1, powder, made with baby water",9404,"Formula, prepared from powder",,66,1.45,7.3,3.34,0,7.3,18,65.1,0.986,2022-10-28
2705552,11710918,"Infant formula, Gerber Good Start Gentle, Stage 1, powder, made with bottled water",9404,"Formula, prepared from powder",,66,1.45,7.3,3.34,0,7.3,19,65.1,0.986,2022-10-28
2705551,11710917,"Infant formula, Gerber Good Start Gentle, Stage 1, powder, made with tap water",9404,"Formula, prepared from powder",,66,1.45,7.3,3.34,0,7.3,21,65.1,0.986,2022-10-28
2705550,11710911,"Infant formula, Gerber Good Start Gentle, Stage 1, ready-to-feed",9402,"Formula, ready-to-feed",,66,1.45,7.3,3.34,0,7.3,18,65.1,0.986,2022-10-28
2705554,11710921,"Infant formula, Gerber Good Start Gentle, Stage 2",9404,"Formula, prepared from powder",,66,1.45,7.3,3.34,0,7.3,18,65.1,0.986,2022-10-28
2705577,11720619,"Infant formula, Gerber Good Start Soy, Stage 1, powder, made with baby water",9404,"Formula, prepared from powder",,64,1.6,7.12,3.28,0,5.69,26,64.4,1.006,2022-10-28
2705576,11720618,"Infant formula, Gerber Good Start Soy, Stage 1, powder, made with bottled water",9404,"Formula, prepared from powder",,64,1.6,7.12,3.28,0,5.69,27,64.4,1.006,2022-10-28
2705575,11720617,"Infant formula, Gerber Good Start Soy, Stage 1, powder, made with tap water",9404,"Formula, prepared from powder",,64,1.6,7.12,3.28,0,5.69,29,64.4,1.006,2022-10-28
2705574,11720611,"Infant formula, Gerber Good Start Soy, Stage 1, ready-to-feed",9402,"Formula, ready-to-feed",,64,1.6,7.12,3.28,0,5.69,26,64.4,1.006,2022-10-28
2705549,11710905,"Infant formula, Gerber, NFS",9404,"Formula, prepared from powder",,65,1.49,7.26,3.33,0,6.9,20,65.0,1.000,2022-10-28
2705584,11740560,"Infant formula, low iron",9404,"Formula, prepared from powder",,66,1.43,6.9,3.6,0,6.58,15,65.7,0.996,2022-10-28
2705518,11710000,"Infant formula, NFS",9404,"Formula, prepared from powder",,66,1.38,7.12,3.56,0,7.12,17,66.0,1.001,2022-10-28
2705558,11710954,"Infant formula, organic, powder, made with water",9404,"Formula, prepared from powder",,66,1.38,7.12,3.56,0,7.12,17,66.0,1.001,2022-10-28
2705559,11710955,"Infant formula, organic, ready-to-feed",9402,"Formula, ready-to-feed",,66,1.38,7.12,3.56,0,7.12,17,66.0,1.001,2022-10-28
2705556,11710935,"Infant formula, premature, powder, made with water",9404,"Formula, prepared from powder",,71,1.96,7.34,3.78,0,7.15,25,71.2,1.003,2022-10-28
2705557,11710945,"Infant formula, premature, ready-to-feed",9402,"Formula, ready-to-feed",,71,1.96,7.34,3.78,0,7.15,25,71.2,1.003,2022-10-28
2705525,11710359,"Infant formula, Similac Advance, powder, made with baby water",9404,"Formula, prepared from powder",,66,1.37,6.87,3.62,0,6.87,16,65.5,0.993,2022-10-28
2705524,11710358,"Infant formula, Similac Advance, powder, made with bottled water",9404,"Formula, prepared from powder",,66,1.37,6.87,3.62,0,6.87,18,65.5,0.993,2022-10-28
2705523,11710357,"Infant formula, Similac Advance, powder, made with tap water",9404,"Formula, prepared from powder",,66,1.37,6.87,3.62,0,6.87,19,65.5,0.993,2022-10-28
2705522,11710351,"Infant formula, Similac Advance, ready-to-feed",9402,"Formula, ready-to-feed",,66,1.37,6.87,3.62,0,6.87,16,65.5,0.993,2022-10-28
2705521,11710056,"Infant formula, Similac Alimentum, powder, made with water",9404,"Formula, prepared from powder",,67,1.8,6.77,3.63,0,4.4,29,67.0,0.999,2022-10-28
2705520,11710051,"Infant formula, Similac Alimentum, ready-to-feed",9402,"Formula, ready-to-feed",,67,1.8,6.77,3.63,0,4.4,29,67.0,0.999,2022-10-28
2705573,11720430,"Infant formula, Similac for Diarrhea",9402,"Formula, ready-to-feed",,66,1.76,6.67,3.6,0.7,6.66,29,66.1,1.002,2022-10-28
2705531,11710383,"Infant formula, Similac for Spit-Up, powder, made with water",9404,"Formula, prepared from powder",,65,1.38,6.9,3.48,0,6.9,19,64.4,0.991,2022-10-28
2705530,11710381,"Infant formula, Similac for Spit-Up, ready-to-feed",9402,"Formula, ready-to-feed",,65,1.38,6.9,3.48,0,6.9,19,64.4,0.991,2022-10-28
2705572,11720419,"Infant formula, Similac Isomil Soy, powder, made with baby water",9404,"Formula, prepared from powder",,65,1.58,6.73,3.53,0,6.65,28,65.0,1.000,2022-10-28
2705571,11720418,"Infant formula, Similac Isomil Soy, powder, made with bottled water",9404,"Formula, prepared from powder",,65,1.58,6.73,3.53,0,6.65,30,65.0,1.000,2022-10-28
2705570,11720417,"Infant formula, Similac Isomil Soy, powder, made with tap water",9404,"Formula, prepared from powder",,65,1.58,6.73,3.53,0,6.65,32,65.0,1.000,2022-10-28
2705569,11720411,"Infant formula, Similac Isomil Soy, ready-to-feed",9402,"Formula, ready-to-feed",,65,1.58,6.73,3.53,0,6.65,28,65.0,1.000,2022-10-28
2705529,11710379,"Infant formula, Similac Sensitive, powder, made with baby water",9404,"Formula, prepared from powder",,65,1.4,6.99,3.53,0,6.99,20,65.3,1.005,2022-10-28
2705528,11710378,"Infant formula, Similac Sensitive, powder, made with bottled water",9404,"Formula, prepared from powder",,65,1.4,6.99,3.53,0,6.99,22,65.3,1.005,2022-10-28
2705527,11710377,"Infant formula, Similac Sensitive, powder, made with tap water",9404,"Formula, prepared from powder",,65,1.4,6.99,3.53,0,6.99,23,65.3,1.005,2022-10-28
2705526,11710371,"Infant formula, Similac Sensitive, ready-to-feed",9402,"Formula, ready-to-feed",,65,1.4,6.99,3.53,0,6.99,20,65.3,1.005,2022-10-28
2705519,11710030,"Infant formula, Similac, NFS",9404,"Formula, prepared from powder",,65,1.37,6.9,3.6,0,6.9,17,65.5,1.007,2022-10-28
2705564,11710980,"Infant formula, store brand, added rice",9404,"Formula, prepared from powder",,65,1.49,7.17,3.36,0,7.08,23,64.9,0.998,2022-10-28
2705562,11710969,"Infant formula, store brand, advantage or tender, powder, made with baby water",9404,"Formula, prepared from powder",,66,1.38,7.12,3.56,0,7.12,17,66.0,1.001,2022-10-28
2705561,11710968,"Infant formula, store brand, advantage or tender, powder, made with bottled water",9404,"Formula, prepared from powder",,66,1.38,7.12,3.56,0,7.12,19,66.0,1.001,2022-10-28
2705560,11710967,"Infant formula, store brand, advantage or tender, powder, made with tap water",9404,"Formula, prepared from powder",,66,1.38,7.12,3.56,0,7.12,20,66.0,1.001,2022-10-28
2705563,11710970,"Infant formula, store brand, gentle or sensitivity",9404,"Formula, prepared from powder",,66,1.46,7.15,3.51,0,7.12,22,66.0,1.000,2022-10-28
2705578,11720809,"Infant formula, store brand, soy",9404,"Formula, prepared from powder",,66,1.61,6.9,3.51,0,6.76,26,65.6,0.994,2022-10-28
2707796,51807000,"Injera, Ethiopian bread",4202,Yeast breads,,93,2.55,19.39,0.68,2.8,1.03,226,93.9,1.009,2022-10-28
2710234,83300600,"Italian dressing, fat free",8012,Salad dressings and vegetable oils,,47,0.97,8.75,0.87,0.6,8.85,1129,46.7,0.994,2022-10-28
2710224,83205450,"Italian dressing, light",8012,Salad dressings and vegetable oils,,102,0.39,9.99,6.68,0,9.16,891,101.6,0.996,2022-10-28
2710203,83106000,"Italian dressing, made with vinegar and oil",8012,Salad dressings and vegetable oils,,240,0.41,12.12,21.12,0,10.77,993,240.2,1.001,2022-10-28
2710317,91601000,Italian Ice,5806,"Gelatins, ices, sorbets",,128,0.4,32.6,0,0,32.6,22,132.0,1.031,2022-10-28
2710318,91601010,"Italian Ice, no sugar added",5806,"Gelatins, ices, sorbets",,24,0,5.92,0,0,1.52,10,23.7,0.987,2022-10-28
2707051,27560620,Italian sandwich on wheat,3740,Deli and cured meat sandwiches,,308,16.42,17.53,18.92,2,2.29,1006,306.1,0.994,2022-10-28
2707050,27560610,Italian sandwich on white,3740,Deli and cured meat sandwiches,,309,15.7,18.9,18.78,0.8,2.34,1010,307.4,0.995,2022-10-28
2707052,27560630,"Italian sandwich or sub, restaurant",3740,Deli and cured meat sandwiches,,313,16.23,16.42,20.05,0.7,2.11,1053,311.1,0.994,2022-10-28
2706189,25221350,Italian sausage,2608,Sausages,,317,18.2,2.15,26.2,0,1.46,766,317.2,1.001,2022-10-28
2707054,27560715,Italian sausage sandwich on wheat,3740,Deli and cured meat sandwiches,,293,15.18,21.38,16.32,2.4,3.12,621,293.1,1.000,2022-10-28
2707053,27560710,Italian sausage sandwich on white,3703,Frankfurter sandwiches,,300,14.45,23.47,16.29,0.8,4.05,645,298.3,0.994,2022-10-28
2710635,93301083,Jagerbomb,7506,Liquor and cocktails,,102,0.34,15.97,0.03,0,15.98,30,65.5,0.642,2022-10-28
2710037,75340200,"Jai, Monk's Food",6420,Other vegetables and combinations,,60,4.25,7.72,1.86,1.7,1.15,28,64.6,1.077,2022-10-28
2710301,91402000,Jam,8806,"Jams, syrups, toppings",,278,0.37,68.86,0.07,1.1,48.5,32,277.6,0.998,2022-10-28
2710306,91406500,"Jam or jelly, fruit juice sweetened",8806,"Jams, syrups, toppings",,212,0,52.93,0,0.9,42,0,211.7,0.999,2022-10-28
2710299,91400000,"Jam or jelly, NFS",8806,"Jams, syrups, toppings",,261,0.18,67.12,0.03,1,49.16,26,269.5,1.032,2022-10-28
2710305,91405500,"Jam or jelly, reduced sugar",8806,"Jams, syrups, toppings",,151,0,37.6,0.1,1.5,29.41,0,151.3,1.002,2022-10-28
2710304,91405000,"Jam or jelly, sugar free",8806,"Jams, syrups, toppings",,121,0.55,29.6,0,2.2,3.39,3,120.6,0.997,2022-10-28
2706727,27363100,Jambalaya with meat and rice,3202,Rice mixed dishes,,161,13.76,8.65,7.97,0.7,0.94,379,161.4,1.002,2022-10-28
2710300,91401000,Jelly,8806,"Jams, syrups, toppings",,266,0.15,69.95,0.02,1,51.22,30,280.6,1.055,2022-10-28
2709137,58201000,"Jelly sandwich, NFS",3722,Peanut butter and jelly sandwiches,,267,5.72,57.5,2.16,1.8,23.69,282,272.3,1.020,2022-10-28
2709139,58201015,"Jelly sandwich, on wheat bread",3722,Peanut butter and jelly sandwiches,,265,6.9,55.23,2.39,3.6,23.61,276,270.0,1.019,2022-10-28
2709138,58201005,"Jelly sandwich, on white bread",3722,Peanut butter and jelly sandwiches,,267,5.72,57.5,2.16,1.8,23.69,282,272.3,1.020,2022-10-28
2709787,75111800,"Jicama, raw",6420,Other vegetables and combinations,raw,38,0.72,8.82,0.09,4.9,1.8,4,39.0,1.026,2022-10-28
2707820,52211010,Johnnycake,4402,"Biscuits, muffins, quick breads",,277,7.98,43.82,7.46,1.8,9.1,871,274.3,0.990,2022-10-28
2709603,72119221,"Kale, fresh, cooked, fat added",6411,Other dark green vegetables,raw,69,3.05,4.61,4.29,4.3,0.84,185,69.2,1.004,2022-10-28
2709600,72119211,"Kale, fresh, cooked, no added fat",6411,Other dark green vegetables,raw,46,3.13,4.74,1.6,4.4,0.86,181,45.9,0.997,2022-10-28
2709604,72119222,"Kale, frozen, cooked, fat added",6411,Other dark green vegetables,,66,2.85,5.14,3.72,2.2,1.09,136,65.4,0.992,2022-10-28
2709601,72119212,"Kale, frozen, cooked, no added fat",6411,Other dark green vegetables,,44,2.93,5.28,1.21,2.3,1.12,132,43.7,0.994,2022-10-28
2709602,72119220,"Kale, NS as to form, cooked",6411,Other dark green vegetables,,69,3.05,4.61,4.29,4.3,0.84,185,69.2,1.004,2022-10-28
2709599,72119190,"Kale, raw",6411,Other dark green vegetables,raw,43,2.92,4.42,1.49,4.1,0.8,53,42.8,0.995,2022-10-28
2710636,93301085,Kamikaze,7506,Liquor and cocktails,,187,0.06,6.93,0.07,0.1,5.63,5,28.6,0.153,2022-10-28
2705394,11115400,Kefir,1006,"Milk, lowfat",,52,3.59,7.48,0.96,0,6.91,38,52.9,1.018,2022-10-28
2709733,74401010,Ketchup,8402,Tomato-based condiments,,109,1.08,27.1,0.32,0.3,21.54,928,115.6,1.061,2022-10-28
2709734,74401110,"Ketchup, reduced sodium",8402,Tomato-based condiments,,101,1.04,27.4,0.1,0.3,21.27,20,114.7,1.135,2022-10-28
2708716,58117310,"Kibby, Puerto Rican style",3002,Meat mixed dishes,,168,8.76,17.99,7.2,3.1,0.8,558,171.8,1.023,2022-10-28
2706157,25130000,Kidney,2010,Liver and organ meats,,157,27.05,0,4.61,0,0,400,149.7,0.953,2022-10-28
2709034,58161321,Kidney beans and brown rice,3102,"Bean, pea, legume dishes",,155,5.81,23.02,4.63,4.5,0.27,211,157.0,1.013,2022-10-28
2708987,58160102,"Kidney beans and rice, from fast food / restaurant",3102,"Bean, pea, legume dishes",,179,5.72,23.17,7.07,4.2,0.19,296,179.2,1.001,2022-10-28
2708993,58160150,Kidney beans and white rice,3102,"Bean, pea, legume dishes",,158,5.9,23.91,4.29,4.3,0.2,229,157.9,0.999,2022-10-28
2707386,41106170,Kidney beans with meat,2802,"Beans, peas, legumes",,173,10.46,18.33,6.78,5.9,0.36,275,176.2,1.018,2022-10-28
2707382,41106040,"Kidney beans, from canned, fat added",2802,"Beans, peas, legumes",,186,8.37,23.79,6.82,7.7,2.97,299,190.0,1.022,2022-10-28
2707383,41106080,"Kidney beans, from canned, no added fat",2802,"Beans, peas, legumes",,135,8.7,24.72,0.6,8,3.08,311,139.1,1.030,2022-10-28
2707384,41106110,"Kidney beans, from canned, reduced sodium",2802,"Beans, peas, legumes",,186,8.37,23.79,6.82,8.5,2.97,188,190.0,1.022,2022-10-28
2707380,41106010,"Kidney beans, from dried, fat added",2802,"Beans, peas, legumes",,177,8.06,21.19,6.97,6.9,0.3,218,179.7,1.015,2022-10-28
2707381,41106020,"Kidney beans, from dried, no added fat",2802,"Beans, peas, legumes",,126,8.62,22.66,0.5,7.4,0.32,233,129.6,1.029,2022-10-28
2707385,41106150,"Kidney beans, from fast food / restaurant",2802,"Beans, peas, legumes",,195,7.81,20.54,9.46,6.7,0.29,350,198.5,1.018,2022-10-28
2707379,41105990,"Kidney beans, NFS",2802,"Beans, peas, legumes",,177,8.06,21.19,6.97,6.9,0.3,218,179.7,1.015,2022-10-28
2710077,75502520,Kimchi,8408,"Olives, pickles, pickled vegetables",,15,1.1,2.4,0.5,1.6,1.06,498,18.5,1.233,2022-10-28
2709239,63126500,"Kiwi fruit, raw",6018,Other fruits and fruit salads,raw,64,1.06,14,0.44,3,8.99,5,64.2,1.003,2022-10-28
2708723,58122320,Knish,3208,Turnovers and other grain-based items,,345,10.51,31.92,19.73,1.1,0.98,445,347.3,1.007,2022-10-28
2706181,25221110,Knockwurst,2608,Sausages,,307,11.1,3.2,27.7,0,0,930,306.5,0.998,2022-10-28
2709934,75218011,"Kohlrabi, cooked",6420,Other vegetables and combinations,,51,1.72,6.26,2.75,3.6,2.63,146,56.7,1.111,2022-10-28
2709788,75112000,"Kohlrabi, raw",6420,Other vegetables and combinations,raw,27,1.7,6.2,0.1,3.6,2.6,20,32.5,1.204,2022-10-28
2710228,83208500,Korean dressing or marinade,8012,Salad dressings and vegetable oils,,348,3.17,12.66,31.41,0.5,10.2,1850,346.0,0.994,2022-10-28
2709167,61110010,"Kumquat, raw",6012,Citrus fruits,raw,71,1.88,15.9,0.86,6.5,9.36,10,78.9,1.111,2022-10-28
2706743,27415170,Kung Pao beef,3404,Stir-fry and soy-based sauce mixtures,,216,17.93,4.55,14.44,1,1.43,175,219.9,1.018,2022-10-28
2706796,27445220,Kung pao chicken,3404,Stir-fry and soy-based sauce mixtures,,129,9.76,6.87,6.98,1.5,3.03,402,129.3,1.003,2022-10-28
2706763,27420150,Kung Pao pork,3404,Stir-fry and soy-based sauce mixtures,,219,16.89,4.55,14.76,1,1.43,183,218.6,0.998,2022-10-28
2706857,27450470,Kung Pao shrimp,3404,Stir-fry and soy-based sauce mixtures,,173,13.94,5.32,10.74,1,1.43,210,173.7,1.004,2022-10-28
2710351,91718300,"Ladoo, round ball",5704,Candy not containing chocolate,,411,6.92,46.74,22.25,4,29.8,140,414.9,1.009,2022-10-28
2706524,27233000,Lamb or mutton and noodles with gravy,3002,Meat mixed dishes,,141,6.8,15.63,5.48,0.7,0.32,314,139.0,0.986,2022-10-28
2706522,27231000,Lamb or mutton and potatoes with gravy,3002,Meat mixed dishes,,129,5.13,12.53,6.46,1,0.58,308,128.8,0.998,2022-10-28
2706523,27232000,Lamb or mutton and potatoes with tomato-based sauce,3002,Meat mixed dishes,,126,5.26,12.48,6.22,1.5,1.63,301,126.9,1.007,2022-10-28
2706521,27230010,Lamb or mutton loaf,3002,Meat mixed dishes,,192,14.05,7.44,11.58,0.3,4.69,467,190.2,0.991,2022-10-28
2706413,27130010,Lamb or mutton with gravy,3002,Meat mixed dishes,,219,17.29,1.58,15.37,0,0.09,359,213.8,0.976,2022-10-28
2706658,27330080,"Lamb or mutton, rice, and vegetables  including carrots, broccoli, and/or dark-green leafy; gravy",3002,Meat mixed dishes,,133,5.02,15.2,5.5,0.8,0.6,315,130.4,0.980,2022-10-28
2706656,27330050,"Lamb or mutton, rice, and vegetables excluding carrots, broccoli, and dark-green leafy; gravy",3002,Meat mixed dishes,,136,5.05,16.34,5.51,0.7,0.55,309,135.2,0.994,2022-10-28
2706657,27330060,"Lamb or mutton, rice, and vegetables including carrots, broccoli, and/or dark-green leafy; tomato-based sauce",3002,Meat mixed dishes,,130,5.13,15.15,5.31,1.1,1.47,316,128.9,0.992,2022-10-28
2706780,27430610,"Lamb shish kabob with vegetables, excluding potatoes",3002,Meat mixed dishes,,162,12.02,5.06,10.28,0.8,2.37,222,160.8,0.993,2022-10-28
2705906,23101000,"Lamb, chop",2008,"Lamb, goat, game",,264,27.36,0,16.27,0,0,387,255.9,0.969,2022-10-28
2705907,23132000,"Lamb, ground",2008,"Lamb, goat, game",,281,24.55,0,19.49,0,0,388,273.6,0.974,2022-10-28
2705905,23000100,"Lamb, NS as to cut",2008,"Lamb, goat, game",,292,24.32,0,20.77,0,0,379,284.2,0.973,2022-10-28
2709605,72120220,"Lambsquarter, cooked",6411,Other dark green vegetables,,54,3.11,4.85,3.22,2,0.6,149,60.8,1.126,2022-10-28
2710166,81202000,Lard,8002,Butter and animal fats,,902,0,0,100,0,0,0,900.0,0.998,2022-10-28
2708756,58130140,Lasagna with chicken or turkey,3204,"Pasta mixed dishes, excludes macaroni and cheese",,205,13.74,14.01,10.37,1,2.2,387,204.3,0.997,2022-10-28
2708750,58130011,Lasagna with meat,3204,"Pasta mixed dishes, excludes macaroni and cheese",,139,7.45,16.17,4.97,1.6,3.33,390,139.2,1.002,2022-10-28
2708755,58130020,Lasagna with meat and spinach,3204,"Pasta mixed dishes, excludes macaroni and cheese",,207,13.33,13.76,10.79,1.1,2.16,412,205.5,0.993,2022-10-28
2708751,58130013,"Lasagna with meat, canned",3204,"Pasta mixed dishes, excludes macaroni and cheese",,97,3.24,13.26,3.41,1.5,1.97,283,96.7,0.997,2022-10-28
2708752,58130014,"Lasagna with meat, from restaurant",3204,"Pasta mixed dishes, excludes macaroni and cheese",,185,10.83,11.36,10.69,1.5,3.15,466,185.0,1.000,2022-10-28
2708754,58130016,"Lasagna with meat, frozen",3204,"Pasta mixed dishes, excludes macaroni and cheese",,124,6.63,14.39,4.42,1.4,2.96,347,123.9,0.999,2022-10-28
2708753,58130015,"Lasagna with meat, home recipe",3204,"Pasta mixed dishes, excludes macaroni and cheese",,206,13.63,13.1,10.92,1.1,1.47,416,205.2,0.996,2022-10-28
2708758,58130310,"Lasagna, meatless",3204,"Pasta mixed dishes, excludes macaroni and cheese",,130,6.54,13.84,5.33,1.7,4.23,284,129.5,0.996,2022-10-28
2708759,58130320,"Lasagna, meatless, with vegetables",3204,"Pasta mixed dishes, excludes macaroni and cheese",,188,11.2,14.52,9.38,1.2,2.43,384,187.3,0.996,2022-10-28
2708757,58130150,"Lasagna, with chicken or turkey, and spinach",3204,"Pasta mixed dishes, excludes macaroni and cheese",,201,13.51,13.76,10.14,1.1,2.16,381,200.3,0.997,2022-10-28
2706873,27460100,Lau lau,3006,Seafood mixed dishes,,140,15.25,0,8.32,0,0,231,135.9,0.971,2022-10-28
2707401,41205055,Layer dip,8412,"Dips, gravies, other sauces",,146,5.41,6.67,11.33,2.1,1.71,538,150.3,1.029,2022-10-28
2709935,75218400,Leeks,6414,Onions,,88,1.57,14.74,3.05,1.9,4.07,151,92.7,1.053,2022-10-28
2709553,71701500,Lefse,6806,Mashed potatoes and white potato mixtures,,218,4.37,36.39,6.34,2,2.31,172,220.1,1.010,2022-10-28
2709182,61204200,"Lemon juice, 100%, canned or bottled",8406,Mustard and other condiments,,17,0.45,5.62,0.07,0.7,1.53,24,24.9,1.465,2022-10-28
2709181,61204010,"Lemon juice, 100%, freshly squeezed",8406,Mustard and other condiments,,22,0.35,6.9,0.24,0.3,2.52,1,31.2,1.416,2022-10-28
2709180,61204000,"Lemon juice, 100%, NS as to form",8406,Mustard and other condiments,,22,0.35,6.9,0.24,0.3,2.52,1,31.2,1.416,2022-10-28
2709169,61113500,Lemon pie filling,8806,"Jams, syrups, toppings",,354,4.71,68.92,6.93,0.4,62.16,73,356.9,1.008,2022-10-28
2709168,61113010,"Lemon, raw",6012,Citrus fruits,raw,29,1.1,9.32,0.3,2.8,2.5,2,44.4,1.530,2022-10-28
2710170,81301020,Lemon-butter sauce,8412,"Dips, gravies, other sauces",,671,0.8,0.74,74,0,0.77,472,672.2,1.002,2022-10-28
2710572,92511000,"Lemonade, frozen concentrate, not reconstituted",7204,Fruit drinks,,196,0.22,49.89,0.7,0.3,44.46,7,206.7,1.055,2022-10-28
2710571,92510960,"Lemonade, fruit flavored drink",7204,Fruit drinks,,25,0,6.55,0.07,0,6.5,12,26.8,1.073,2022-10-28
2710570,92510955,"Lemonade, fruit juice drink",7204,Fruit drinks,,46,0,12.08,0,0,11.67,6,48.3,1.050,2022-10-28
2710592,92550370,"Lemonade, fruit juice drink, light",7204,Fruit drinks,,21,0,5,0,0,5,5,20.0,0.952,2022-10-28
2707431,41311030,Lentil curry,3102,"Bean, pea, legume dishes",,111,3.68,12.33,5.65,3.4,3.21,383,114.9,1.035,2022-10-28
2707432,41311040,Lentil curry with rice,3102,"Bean, pea, legume dishes",,118,3.28,18.6,3.5,2.2,1.95,328,119.0,1.009,2022-10-28
2707426,41305020,"Lentils, from canned",2802,"Beans, peas, legumes",,166,8.36,18.66,6.84,7.3,1.67,325,169.6,1.022,2022-10-28
2707424,41304990,"Lentils, from dried, fat added",2802,"Beans, peas, legumes",,166,8.38,18.71,6.86,7.3,1.67,218,170.1,1.025,2022-10-28
2707425,41305000,"Lentils, from dried, no added fat",2802,"Beans, peas, legumes",,115,8.97,20.01,0.38,7.9,1.79,233,119.3,1.038,2022-10-28
2707423,41304970,"Lentils, NFS",2802,"Beans, peas, legumes",,166,8.38,18.71,6.86,7.3,1.67,218,170.1,1.025,2022-10-28
2709791,75113080,"Lettuce, arugula, raw",6410,Lettuce and lettuce salads,raw,25,2.58,3.65,0.66,1.6,2.05,27,30.9,1.234,2022-10-28
2709790,75113060,"Lettuce, Boston, raw",6410,Lettuce and lettuce salads,raw,18,0.88,3.26,0.11,0.9,0.48,25,17.5,0.975,2022-10-28
2709949,75220051,"Lettuce, cooked",6410,Lettuce and lettuce salads,,49,1.06,4.21,3.11,1.5,1.26,169,49.1,1.001,2022-10-28
2710250,89902020,"Lettuce, for use on a sandwich",6489,Vegetables on a sandwich,,20,0.92,3.69,0.1,1.3,1.1,23,19.3,0.967,2022-10-28
2709789,75113000,"Lettuce, raw",6410,Lettuce and lettuce salads,raw,20,0.92,3.69,0.1,1.3,1.1,23,19.3,0.967,2022-10-28
2709823,75143050,"Lettuce, salad with assorted vegetables excluding tomatoes and carrots, no dressing",6410,Lettuce and lettuce salads,,23,1.19,4.09,0.19,1.3,1.55,34,22.8,0.993,2022-10-28
2709822,75143000,"Lettuce, salad with assorted vegetables including tomatoes and/or carrots, no dressing",6410,Lettuce and lettuce salads,,24,1.07,4.58,0.2,1.5,1.9,39,24.4,1.017,2022-10-28
2709824,75143100,"Lettuce, salad with avocado, tomato, and/or carrots, with or without other vegetables, no dressing",6410,Lettuce and lettuce salads,,54,1.29,5.5,3.39,2.7,1.64,33,57.7,1.068,2022-10-28
2709825,75143200,"Lettuce, salad with cheese, tomato and/or carrots, with or without other vegetables, no dressing",6410,Lettuce and lettuce salads,,91,4.94,4.2,6.08,1.2,1.63,146,91.3,1.003,2022-10-28
2709827,75143350,"Lettuce, salad with egg, cheese, tomato, and/or carrots, with or without other vegetables, no dressing",6410,Lettuce and lettuce salads,,71,4.24,3.7,4.36,1.2,1.63,106,71.0,1.000,2022-10-28
2709826,75143300,"Lettuce, salad with egg, tomato, and/or carrots, with or without other vegetables, no dressing",6410,Lettuce and lettuce salads,,50,3.4,3.88,2.31,1.2,1.74,56,49.9,0.998,2022-10-28
2709828,75144100,"Lettuce, wilted, with bacon dressing",3104,Vegetable dishes,,84,2.77,3.44,6.31,1,0.66,118,81.6,0.972,2022-10-28
2705512,11551050,Licuado or Batido,7220,Smoothies and grain drinks,,75,2.33,13.15,1.45,0.6,11.48,25,75.0,1.000,2022-10-28
2705672,13140115,"Light ice cream bar, chocolate",5802,Ice cream and frozen dairy desserts,,240,3.31,19.74,16.86,1,11.1,55,243.9,1.016,2022-10-28
2705670,13140000,"Light ice cream bar, vanilla",5802,Ice cream and frozen dairy desserts,,236,3.23,18.76,16.65,0.1,10.54,64,237.8,1.008,2022-10-28
2705671,13140100,"Light ice cream bar, vanilla, chocolate coated",5802,Ice cream and frozen dairy desserts,,236,3.39,19.15,16.62,0.5,10.45,63,239.7,1.016,2022-10-28
2705676,13142110,"Light ice cream cone, chocolate, prepackaged",5802,Ice cream and frozen dairy desserts,,227,5.32,34.87,7.56,1.3,17.11,124,228.8,1.008,2022-10-28
2705675,13142100,"Light ice cream cone, vanilla, prepackaged",5802,Ice cream and frozen dairy desserts,,223,5.41,34.23,7.3,0.7,16.4,133,224.3,1.006,2022-10-28
2705669,13135010,"Light ice cream sandwich, chocolate",5802,Ice cream and frozen dairy desserts,,243,4.85,37.86,8.4,1.5,20.74,200,246.4,1.014,2022-10-28
2705668,13135000,"Light ice cream sandwich, vanilla",5802,Ice cream and frozen dairy desserts,,239,4.93,37.26,8.15,1,20.08,209,242.1,1.013,2022-10-28
2705666,13130310,"Light ice cream, chocolate",5802,Ice cream and frozen dairy desserts,,180,4.27,26.24,6.46,0.8,15.18,73,180.2,1.001,2022-10-28
2705664,13130100,"Light ice cream, NFS",5802,Ice cream and frozen dairy desserts,,174,4.38,25.44,6.14,0.2,14.29,85,174.5,1.003,2022-10-28
2705665,13130300,"Light ice cream, vanilla",5802,Ice cream and frozen dairy desserts,,174,4.38,25.44,6.14,0.2,14.29,85,174.5,1.003,2022-10-28
2710008,75301120,"Lima beans and corn, cooked, fat added",6418,Other starchy vegetables,,112,4.18,18.7,3.04,3.7,2.14,155,118.9,1.061,2022-10-28
2710007,75301110,"Lima beans and corn, cooked, no added fat",6418,Other starchy vegetables,,92,4.3,19.25,0.5,3.8,2.2,151,98.7,1.073,2022-10-28
2709850,75204023,"Lima beans, from canned",6418,Other starchy vegetables,,122,5.86,18.62,2.86,5.1,1.3,373,123.7,1.014,2022-10-28
2707369,41103010,"Lima beans, from dried",2802,"Beans, peas, legumes",,165,7.25,19.4,6.86,6.5,2.7,218,168.3,1.020,2022-10-28
2709849,75204022,"Lima beans, from frozen, fat added",6418,Other starchy vegetables,,123,5.88,18.71,2.88,5.1,1.3,188,124.3,1.010,2022-10-28
2709848,75204012,"Lima beans, from frozen, no added fat",6418,Other starchy vegetables,,103,6.05,19.26,0.34,5.3,1.34,185,104.3,1.013,2022-10-28
2707368,41102990,"Lima beans, NFS",2802,"Beans, peas, legumes",,165,7.25,19.4,6.86,6.5,2.7,218,168.3,1.020,2022-10-28
2709185,61207200,"Lime juice, 100%, canned or bottled",8406,Mustard and other condiments,,21,0.25,6.69,0.23,0.4,1.37,16,29.8,1.420,2022-10-28
2709184,61207010,"Lime juice, 100%, freshly squeezed",8406,Mustard and other condiments,,25,0.42,8.42,0.07,0.4,1.69,2,36.0,1.440,2022-10-28
2709183,61207000,"Lime juice, 100%, NS as to form",8406,Mustard and other condiments,,25,0.42,8.42,0.07,0.4,1.69,2,36.0,1.440,2022-10-28
2709306,63403150,Lime souffle,5804,Pudding,,328,8.82,39.83,15.02,0.8,37.32,79,329.8,1.005,2022-10-28
2709170,61116010,"Lime, raw",6012,Citrus fruits,raw,30,0.7,10.54,0.2,2.8,1.69,2,46.8,1.559,2022-10-28
2710623,93201000,Liqueur,7506,Liquor and cocktails,,279,0,33.2,0.11,0,33.27,1,133.8,0.480,2022-10-28
2710625,93202000,"Liqueur, coffee flavored",7506,Liquor and cocktails,,336,0.1,46.8,0.3,0,38.3,8,190.3,0.566,2022-10-28
2710624,93201010,"Liqueur, cream",7506,Liquor and cocktails,,296,0.15,33.48,2.74,0,33.48,2,159.2,0.538,2022-10-28
2706153,25110140,"Liver, beef",2010,Liver and organ meats,,174,26.31,5.12,4.64,0,0,384,167.5,0.963,2022-10-28
2706876,27460750,"Liver, beef or calves, and onions",3002,Meat mixed dishes,,129,16.68,6.97,3.6,0.5,1.78,276,127.0,0.984,2022-10-28
2706154,25110450,"Liver, chicken",2010,Liver and organ meats,,189,20.02,6.48,8.69,0.2,0.02,453,184.2,0.975,2022-10-28
2706155,25112200,"Liver, paste or pate",2010,Liver and organ meats,,201,13.45,6.55,13.1,0,0,386,197.9,0.985,2022-10-28
2706875,27460710,"Livers, chicken, chopped, with eggs and onion",3004,Poultry mixed dishes,,226,12.89,2.87,17.69,0.4,1.23,1047,222.2,0.983,2022-10-28
2706213,25230560,Liverwurst,2602,Cold cuts and cured meats,,327,14.5,3.1,28.5,0,0,977,326.9,1.000,2022-10-28
2708799,58136120,"Lo mein, meatless",3402,Fried rice and lo/chow mein,,121,4.77,20.16,2.35,1.3,2.63,430,120.9,0.999,2022-10-28
2708798,58136110,"Lo mein, NFS",3402,Fried rice and lo/chow mein,,121,4.77,20.16,2.35,1.3,2.63,430,120.9,0.999,2022-10-28
2708802,58136150,"Lo mein, with beef",3402,Fried rice and lo/chow mein,,129,9.73,16.18,2.77,1,2.11,358,128.6,0.997,2022-10-28
2708803,58136160,"Lo mein, with chicken",3402,Fried rice and lo/chow mein,,130,9.15,16.15,3.15,1,2.11,413,129.5,0.997,2022-10-28
2708801,58136140,"Lo mein, with pork",3402,Fried rice and lo/chow mein,,138,9.48,16.18,3.79,1,2.11,357,136.8,0.991,2022-10-28
2708800,58136130,"Lo mein, with shrimp",3402,Fried rice and lo/chow mein,,121,8.56,16.24,2.21,1,2.08,363,119.1,0.984,2022-10-28
2706349,26311110,Lobster,2404,Shellfish,,97,20.91,0,0.95,0,0,535,92.2,0.950,2022-10-28
2707141,28355260,Lobster gumbo,3006,Seafood mixed dishes,,59,6.19,4.63,1.78,0.9,1.78,288,59.3,1.005,2022-10-28
2706825,27450020,Lobster salad,3006,Seafood mixed dishes,,187,10.29,1.22,15.4,0.4,0.55,508,184.6,0.987,2022-10-28
2706563,27250260,"Lobster with bread stuffing, baked",3006,Seafood mixed dishes,baked,177,14.98,9.83,8.26,0.5,1.21,641,173.6,0.981,2022-10-28
2706869,27451030,"Lobster with sauce, Puerto Rican style",3006,Seafood mixed dishes,,154,10.75,3.94,10.55,0.9,2.24,719,153.7,0.998,2022-10-28
2706850,27450310,Lomi salmon,3006,Seafood mixed dishes,,60,7.55,3.31,1.86,1,1.82,145,60.2,1.003,2022-10-28
2710679,93301360,Long Island iced tea,7506,Liquor and cocktails,,107,0.01,8.66,0.15,0,8.43,16,36.0,0.337,2022-10-28
2708355,56116990,"Long rice noodles, made from mung beans, cooked",4004,"Pasta, noodles, cooked grains",,84,0.04,20.66,0.01,0.1,0,5,82.9,0.987,2022-10-28
2709936,75218501,"Lotus root, cooked",6420,Other vegetables and combinations,,87,1.54,15.51,2.61,3,0.49,165,91.7,1.054,2022-10-28
2706214,25230610,"Luncheon meat, loaf type",2602,Cold cuts and cured meats,,225,11.23,8.46,15.95,1.5,8.46,1040,222.3,0.988,2022-10-28
2706205,25230110,"Luncheon meat, NFS",2602,Cold cuts and cured meats,,101,16.7,0.27,3.73,0,0,890,101.4,1.004,2022-10-28
2707471,41811600,"Luncheon slice, meatless-beef, chicken, salami or turkey",2806,Soy and meat-alternative products,,189,17.78,4.44,11.11,1.1,2.22,711,188.9,0.999,2022-10-28
2709240,63126510,Lychee,6018,Other fruits and fruit salads,,66,0.83,16.53,0.44,1.3,15.23,1,73.4,1.112,2022-10-28
2707503,42109100,Macadamia nuts,2804,Nuts and seeds,,716,7.79,12.83,76.08,8,4.14,353,767.2,1.072,2022-10-28
2708811,58145110,Macaroni or noodles with cheese,3206,Macaroni and cheese,,223,8.68,23.08,10.5,1.2,2.44,358,221.5,0.993,2022-10-28
2708823,58145190,Macaroni or noodles with cheese and chicken or turkey,3206,Macaroni and cheese,,178,12.53,14.82,7.61,0.7,2.31,229,177.9,0.999,2022-10-28
2708822,58145170,Macaroni or noodles with cheese and egg,3206,Macaroni and cheese,,185,5.91,19,9.52,0.8,2.96,176,185.3,1.002,2022-10-28
2708821,58145160,Macaroni or noodles with cheese and frankfurters or hot dogs,3206,Macaroni and cheese,,209,6.17,18.71,12.25,0.8,3.08,299,209.8,1.004,2022-10-28
2708818,58145135,Macaroni or noodles with cheese and meat,3206,Macaroni and cheese,,210,11.79,15.14,11.16,0.7,2.36,238,208.2,0.991,2022-10-28
2708819,58145136,"Macaroni or noodles with cheese and meat, prepared from Hamburger Helper mix",3206,Macaroni and cheese,,144,8.24,10.27,7.59,0.3,2.33,284,142.3,0.989,2022-10-28
2708820,58145140,Macaroni or noodles with cheese and tomato,3206,Macaroni and cheese,,148,3.94,18.72,6.53,1.1,3.35,131,149.4,1.010,2022-10-28
2708817,58145120,Macaroni or noodles with cheese and tuna,3206,Macaroni and cheese,,164,7.59,18.23,6.79,0.8,2.83,176,164.4,1.002,2022-10-28
2708814,58145113,"Macaroni or noodles with cheese, canned",3206,Macaroni and cheese,,82,3.38,11.52,2.46,0.5,0.5,302,81.7,0.997,2022-10-28
2708815,58145117,"Macaroni or noodles with cheese, Easy Mac type",3206,Macaroni and cheese,,110,3.26,20.1,1.86,0.5,2.33,259,110.2,1.002,2022-10-28
2708812,58145111,"Macaroni or noodles with cheese, from restaurant",3206,Macaroni and cheese,,151,5.42,18.8,6.06,1.1,3.09,361,151.4,1.003,2022-10-28
2708813,58145112,"Macaroni or noodles with cheese, made from packaged mix",3206,Macaroni and cheese,,179,4.64,22.16,8.04,1,3.45,161,179.6,1.003,2022-10-28
2708816,58145119,"Macaroni or noodles with cheese, made from reduced fat packaged mix",3206,Macaroni and cheese,,131,4.57,17.28,4.82,0.6,2.11,172,130.8,0.998,2022-10-28
2708824,58145300,"Macaroni or noodles with cheese, whole grain",3206,Macaroni and cheese,,219,8.77,22.7,10.88,2.2,2.53,360,223.8,1.022,2022-10-28
2708928,58147330,"Macaroni or noodles, creamed, with cheese",3206,Macaroni and cheese,,158,4.72,22.03,5.49,1.3,0.68,260,156.4,0.990,2022-10-28
2708929,58147340,"Macaroni or noodles, creamed, with cheese and tuna",3206,Macaroni and cheese,,143,7.85,17.35,4.52,1,0.54,252,141.5,0.989,2022-10-28
2708947,58148180,Macaroni or pasta salad with cheese,3204,"Pasta mixed dishes, excludes macaroni and cheese",,246,6.89,21.78,14.43,1.3,1.66,262,244.6,0.994,2022-10-28
2708946,58148170,Macaroni or pasta salad with chicken,3204,"Pasta mixed dishes, excludes macaroni and cheese",,213,7.82,20.94,10.75,1.2,1.57,225,211.8,0.994,2022-10-28
2708943,58148140,Macaroni or pasta salad with crab meat,3204,"Pasta mixed dishes, excludes macaroni and cheese",,201,6.48,20.94,9.9,1.2,1.57,233,198.8,0.989,2022-10-28
2708941,58148120,Macaroni or pasta salad with egg,3204,"Pasta mixed dishes, excludes macaroni and cheese",,215,5.18,22.54,11.44,1.3,1.79,197,213.8,0.995,2022-10-28
2708948,58148550,Macaroni or pasta salad with meat,3204,"Pasta mixed dishes, excludes macaroni and cheese",,211,7.65,20.82,10.59,1.2,1.56,378,209.2,0.991,2022-10-28
2708944,58148150,Macaroni or pasta salad with shrimp,3204,"Pasta mixed dishes, excludes macaroni and cheese",,203,6.86,20.94,9.99,1.2,1.57,304,201.1,0.991,2022-10-28
2708942,58148130,Macaroni or pasta salad with tuna,3204,"Pasta mixed dishes, excludes macaroni and cheese",,200,6.69,20.88,9.9,1.2,1.57,206,199.4,0.997,2022-10-28
2708945,58148160,Macaroni or pasta salad with tuna and egg,3204,"Pasta mixed dishes, excludes macaroni and cheese",,197,7.14,19.36,9.96,1.1,1.53,200,195.6,0.993,2022-10-28
2708940,58148118,"Macaroni or pasta salad, made with any type of fat free dressing",3204,"Pasta mixed dishes, excludes macaroni and cheese",,134,4.25,26.54,1.14,1.7,3.42,239,133.4,0.996,2022-10-28
2708938,58148116,"Macaroni or pasta salad, made with creamy dressing",3204,"Pasta mixed dishes, excludes macaroni and cheese",,156,3.8,20.11,6.62,1.6,1.65,206,155.2,0.995,2022-10-28
2708936,58148114,"Macaroni or pasta salad, made with Italian dressing",3204,"Pasta mixed dishes, excludes macaroni and cheese",,133,3.7,20.9,3.72,1.6,2.37,226,131.9,0.992,2022-10-28
2708939,58148117,"Macaroni or pasta salad, made with light creamy dressing",3204,"Pasta mixed dishes, excludes macaroni and cheese",,123,3.82,20.22,2.92,1.6,1.78,210,122.4,0.995,2022-10-28
2708937,58148115,"Macaroni or pasta salad, made with light Italian dressing",3204,"Pasta mixed dishes, excludes macaroni and cheese",,116,3.68,20.61,2,1.6,2.19,216,115.2,0.993,2022-10-28
2708933,58148111,"Macaroni or pasta salad, made with light mayonnaise",3204,"Pasta mixed dishes, excludes macaroni and cheese",,159,4.32,25.68,4.16,1.4,2.3,239,157.4,0.990,2022-10-28
2708935,58148113,"Macaroni or pasta salad, made with light mayonnaise-type salad dressing",3204,"Pasta mixed dishes, excludes macaroni and cheese",,159,4.32,25.68,4.16,1.4,2.3,239,157.4,0.990,2022-10-28
2708932,58148110,"Macaroni or pasta salad, made with mayonnaise",3204,"Pasta mixed dishes, excludes macaroni and cheese",,221,4.46,24.65,11.52,1.4,1.85,204,220.1,0.996,2022-10-28
2708934,58148112,"Macaroni or pasta salad, made with mayonnaise-type salad dressing",3204,"Pasta mixed dishes, excludes macaroni and cheese",,160,4.38,26.58,4.01,1.4,3.28,211,159.9,1.000,2022-10-28
2708810,58140310,"Macaroni with tuna, Puerto Rican style",3204,"Pasta mixed dishes, excludes macaroni and cheese",,147,7.71,18.13,4.74,0.9,2.14,359,146.0,0.993,2022-10-28
2710677,93301310,Mai Tai,7506,Liquor and cocktails,,149,0.18,16.48,0.07,0.1,12.82,4,67.3,0.451,2022-10-28
2709345,64204010,Mango nectar,7204,Fruit drinks,,51,0.11,13.12,0.06,0.3,12.45,5,53.5,1.048,2022-10-28
2709243,63129030,"Mango, canned",6024,Mango and papaya,,65,0.62,16.22,0.3,1.2,15.24,1,70.1,1.078,2022-10-28
2709205,62114050,"Mango, dried",6016,Dried fruits,dried,319,2.45,78.58,1.18,2.4,66.27,162,334.7,1.049,2022-10-28
2709244,63129050,"Mango, frozen",6024,Mango and papaya,,60,0.82,14.98,0.38,1.6,13.66,1,66.6,1.110,2022-10-28
2709242,63129010,"Mango, raw",6024,Mango and papaya,raw,60,0.82,14.98,0.38,1.6,13.66,1,66.6,1.110,2022-10-28
2710637,93301090,Manhattan,7506,Liquor and cocktails,,222,0.03,1.82,0,0,1.03,2,7.4,0.033,2022-10-28
2708775,58133110,"Manicotti, cheese-filled, no sauce",3204,"Pasta mixed dishes, excludes macaroni and cheese",,207,10.4,20.4,9.3,0.6,0.5,443,206.9,1.000,2022-10-28
2708777,58133130,"Manicotti, cheese-filled, with meat sauce",3204,"Pasta mixed dishes, excludes macaroni and cheese",,160,8.83,15.11,7.28,0.8,1.54,432,161.3,1.008,2022-10-28
2708776,58133120,"Manicotti, cheese-filled, with tomato sauce, meatless",3204,"Pasta mixed dishes, excludes macaroni and cheese",,153,7.63,16.2,6.59,0.9,1.65,436,154.6,1.011,2022-10-28
2708778,58133140,"Manicotti, vegetable- and cheese-filled, with tomato sauce, meatless",3204,"Pasta mixed dishes, excludes macaroni and cheese",,135,6.43,15.89,5.18,1,1.62,394,135.9,1.007,2022-10-28
2710162,81104010,"Margarine, light",8004,Margarine,,346,0.33,1.22,37.91,0,0,586,347.4,1.004,2022-10-28
2710158,81102000,"Margarine, NFS",8004,Margarine,,579,0.17,0.82,65.04,0,0,694,589.3,1.018,2022-10-28
2710159,81102010,"Margarine, stick",8004,Margarine,,717,0.16,0.7,80.71,0,0,751,729.8,1.018,2022-10-28
2710160,81102020,"Margarine, tub",8004,Margarine,,533,0.17,0.86,59.81,0,0,674,542.4,1.018,2022-10-28
2710638,93301100,Margarita,7506,Liquor and cocktails,,122,0.08,16.06,0.08,0,16.06,204,65.3,0.535,2022-10-28
2710575,92512110,"Margarita mix, nonalcoholic",7204,Fruit drinks,,87,0.1,21.4,0.1,0,21.4,102,86.9,0.999,2022-10-28
2707971,53241510,Marie biscuit,5504,Cookies and brownies,,406,7.05,70.54,10.58,3.5,21.16,370,405.6,0.999,2022-10-28
2710303,91404000,Marmalade,8806,"Jams, syrups, toppings",,246,0.3,66.3,0,0.7,60,56,266.4,1.083,2022-10-28
2710639,93301110,Martini,7506,Liquor and cocktails,,201,0.07,0.15,0,0,0.15,2,0.9,0.004,2022-10-28
2710640,93301111,"Martini, flavored",7506,Liquor and cocktails,,187,0.09,6.36,0.03,0.1,4.86,1,26.1,0.139,2022-10-28
2708376,56201600,"Masa harina, cooked",4804,Grits and other cooked cereals,,97,2.26,20.5,0.99,1.7,0.43,283,99.9,1.030,2022-10-28
2710235,83300700,"Mayonnaise, fat free",8010,Mayonnaise,,64,0.2,15.8,0,2,6.8,750,64.0,1.000,2022-10-28
2710220,83204000,"Mayonnaise, light",8010,Mayonnaise,,238,0.37,9.23,22.22,0,3.56,827,238.4,1.002,2022-10-28
2710221,83204030,"Mayonnaise, reduced fat,  with olive oil",8010,Mayonnaise,,361,0.37,0,40,0,0,800,361.5,1.001,2022-10-28
2710204,83107000,"Mayonnaise, regular",8010,Mayonnaise,,680,0.96,0.57,74.85,0,0.57,635,679.8,1.000,2022-10-28
2710207,83110000,Mayonnaise-type salad dressing,8010,Mayonnaise,,250,0.65,14.78,21.6,0,10.02,653,256.1,1.024,2022-10-28
2710222,83204050,"Mayonnaise-type salad dressing, light",8010,Mayonnaise,,158,0.65,16.4,10,0,6.67,833,158.2,1.001,2022-10-28
2706915,27510388,McDouble (McDonalds),3702,Burgers,,282,16.24,17.97,16.18,0.9,4.16,617,282.5,1.002,2022-10-28
2707121,28160300,"Meat loaf dinner, NFS, frozen meal",3002,Meat mixed dishes,,134,6.66,10.13,7.4,1.2,3.02,392,133.8,0.998,2022-10-28
2706499,27214100,Meat loaf made with beef,3002,Meat mixed dishes,,199,17.48,7.2,10.72,0.4,1.84,416,195.2,0.981,2022-10-28
2706581,27260080,Meat loaf made with beef and pork,3002,Meat mixed dishes,,196,17.27,7.18,10.5,0.4,1.8,412,192.3,0.981,2022-10-28
2706583,27260100,"Meat loaf made with beef and pork, with tomato-based sauce",3002,Meat mixed dishes,,157,13.63,6.75,8.18,0.7,2.2,426,155.1,0.988,2022-10-28
2706582,27260090,"Meat loaf made with beef, veal and pork",3002,Meat mixed dishes,,196,17.27,7.18,10.5,0.4,1.8,412,192.3,0.981,2022-10-28
2706500,27214110,"Meat loaf made with beef, with tomato-based sauce",3002,Meat mixed dishes,,159,13.78,6.77,8.35,0.7,2.23,429,157.3,0.990,2022-10-28
2706547,27246500,Meat loaf made with chicken or turkey,3004,Poultry mixed dishes,,172,18.77,8.08,7.27,0.6,2.12,446,172.8,1.005,2022-10-28
2706548,27246505,"Meat loaf made with chicken or turkey, with tomato-based sauce",3004,Poultry mixed dishes,,145,15.46,7.29,6.2,0.8,2.41,449,146.8,1.012,2022-10-28
2706504,27220010,Meat loaf made with ham,3002,Meat mixed dishes,,179,20.65,6.16,7.52,0.3,1.67,879,174.9,0.977,2022-10-28
2706525,27235000,Meat loaf made with venison/deer,3002,Meat mixed dishes,,166,19.02,6.31,6.73,0.4,1.58,378,161.9,0.975,2022-10-28
2707122,28160310,"Meat loaf with potatoes, vegetable, frozen meal",3002,Meat mixed dishes,,134,6.66,10.13,7.4,1.2,3.02,392,133.8,0.998,2022-10-28
2706579,27260010,"Meat loaf, NS as to type of meat",3002,Meat mixed dishes,,202,17.49,7.2,11.04,0.4,1.81,416,198.1,0.981,2022-10-28
2706468,27161010,"Meat loaf, Puerto Rican style",3002,Meat mixed dishes,,325,19.85,10.7,22,0.6,1.03,629,320.2,0.985,2022-10-28
2706220,25240000,"Meat spread or potted meat, NFS",2602,Cold cuts and cured meats,,235,7.66,11.94,17.34,0.2,0,1013,234.5,0.998,2022-10-28
2709163,59003000,"Meat substitute, cereal- and vegetable protein-based, fried",2806,Soy and meat-alternative products,fried,359,12.8,61.25,7.23,8.9,0.5,282,361.3,1.006,2022-10-28
2706473,27163010,"Meat with gravy, NS as to type of meat,",3002,Meat mixed dishes,,156,21.56,1.58,7.05,0,0.09,360,156.0,1.000,2022-10-28
2706469,27162010,Meat with tomato-based sauce,3002,Meat mixed dishes,,149,21.72,1.58,6.36,0.4,1.06,355,150.4,1.010,2022-10-28
2705820,20000200,"Meat, ground, NFS",2004,Ground beef,,262,25.62,0,17.04,0,0,382,255.8,0.976,2022-10-28
2705819,20000000,"Meat, NFS",2002,"Beef, excludes ground",,215,27.13,0,11.29,0,0,363,210.1,0.977,2022-10-28
2706945,27510700,Meatball sandwich or sub,3742,Meat and BBQ sandwiches,,207,11.3,21.31,8.23,1.2,4.65,511,204.5,0.988,2022-10-28
2707472,41811800,"Meatball, meatless",2806,Soy and meat-alternative products,,197,21,8,9,4.6,1.25,550,197.0,1.000,2022-10-28
2706467,27160100,"Meatballs, NS as to type of meat, with sauce",3002,Meat mixed dishes,,186,18.02,0.15,12.02,0,0.07,801,180.9,0.972,2022-10-28
2706395,27118110,"Meatballs, Puerto Rican style",3002,Meat mixed dishes,,225,14.33,6.9,15.31,0.8,1.69,922,222.7,0.990,2022-10-28
2707103,28110660,"Meatballs, Swedish, in gravy, with noodles, diet frozen meal",3002,Meat mixed dishes,,112,9.88,10.31,3.35,0.8,1.18,255,110.9,0.990,2022-10-28
2706580,27260050,"Meatballs, with breading, NS as to type of meat, with gravy",3002,Meat mixed dishes,,143,12.22,6.28,7.51,0.4,1.22,499,141.6,0.990,2022-10-28
2706946,27510702,Meatloaf sandwich,3742,Meat and BBQ sandwiches,,217,11.75,28.73,6.15,1.3,5.9,494,217.3,1.001,2022-10-28
2707702,51187000,Melba toast,5202,"Crackers, excludes saltines",,390,12.1,76.6,3.2,6.3,0.94,598,383.6,0.984,2022-10-28
2709227,63109015,"Melon, frozen",6014,Melons,,35,0.66,8.27,0.16,0.7,7.4,16,37.2,1.062,2022-10-28
2707297,32401000,Meringues,5804,Pudding,,324,7.17,75.34,0.04,0,73.06,113,330.4,1.020,2022-10-28
2708507,58101835,Mexican pizza,3506,Other Mexican mixed dishes,,249,15.47,15.3,13.94,2.1,0.34,375,248.5,0.998,2022-10-28
2710641,93301113,Michelada,7502,Beer,,33,0.66,4.05,0.15,0.2,1.36,137,20.2,0.612,2022-10-28
2708086,53710600,Milk 'n Cereal bar,5402,Cereal bars,,413,6.47,72.05,10.98,0.4,45.97,319,412.9,1.000,2022-10-28
2705507,11541400,Milk shake with malt,1402,Milk shakes and other dairy drinks,,125,3.76,13.64,6.11,0.2,12.04,66,124.6,0.997,2022-10-28
2705510,11543000,"Milk shake, bottled, chocolate",1402,Milk shakes and other dairy drinks,,150,3.7,20.36,6.66,1.6,13.39,80,156.2,1.041,2022-10-28
2705511,11543010,"Milk shake, bottled, flavors other than chocolate",1402,Milk shakes and other dairy drinks,,148,3.37,19.59,6.52,0.9,13.63,81,150.5,1.017,2022-10-28
2705508,11542100,"Milk shake, fast food, chocolate",1402,Milk shakes and other dairy drinks,,150,3.7,20.36,6.66,1.6,13.39,80,156.2,1.041,2022-10-28
2705509,11542200,"Milk shake, fast food, flavors other than chocolate",1402,Milk shakes and other dairy drinks,,148,3.37,19.59,6.52,0.9,13.63,81,150.5,1.017,2022-10-28
2705503,11541110,"Milk shake, home recipe, chocolate",1402,Milk shakes and other dairy drinks,,120,3.47,13.53,6.14,0.5,12.57,52,123.3,1.027,2022-10-28
2705505,11541130,"Milk shake, home recipe, chocolate, light",1402,Milk shakes and other dairy drinks,,97,3.99,12.93,3.31,0.3,12.42,51,97.5,1.005,2022-10-28
2705504,11541120,"Milk shake, home recipe, flavors other than chocolate",1402,Milk shakes and other dairy drinks,,113,3.35,11.39,5.98,0.2,10.66,53,112.8,0.998,2022-10-28
2705506,11541135,"Milk shake, home recipe, flavors other than chocolate, light",1402,Milk shakes and other dairy drinks,,92,3.88,13.83,2.33,0.1,11.07,51,91.8,0.998,2022-10-28
2705402,11220000,"Milk, condensed, sweetened",1202,"Flavored milk, whole",,321,7.91,54.4,8.7,0,54.4,127,327.5,1.020,2022-10-28
2705585,11810000,"Milk, dry, not reconstituted",9999,Not included in a food category,,362,36.16,51.98,0.77,0,51.98,535,359.5,0.993,2022-10-28
2705396,11120000,"Milk, dry, reconstituted, nonfat",1008,"Milk, nonfat",,32,3.2,4.6,0.07,0,4.6,51,31.8,0.995,2022-10-28
2705397,11121100,"Milk, dry, reconstituted, whole",1002,"Milk, whole",,76,4.01,5.86,4.08,0,5.86,60,76.2,1.003,2022-10-28
2705401,11212050,"Milk, evaporated, fat free (skim)",1008,"Milk, nonfat",,78,7.55,11.35,0.2,0,11.35,115,77.4,0.992,2022-10-28
2705398,11210050,"Milk, evaporated, NS as to fat content",1002,"Milk, whole",,134,6.81,10.04,7.56,0,10.04,106,135.4,1.011,2022-10-28
2705400,11211400,"Milk, evaporated, reduced fat (2%)",1004,"Milk, reduced fat",,92,7.42,11.15,1.96,0,11.15,113,91.9,0.999,2022-10-28
2705399,11211050,"Milk, evaporated, whole",1002,"Milk, whole",,134,6.81,10.04,7.56,0,10.04,106,135.4,1.011,2022-10-28
2705388,11113000,"Milk, fat free (skim)",1008,"Milk, nonfat",,34,3.43,4.92,0.08,0,5.05,41,34.1,1.004,2022-10-28
2705390,11114320,"Milk, lactose free, fat free (skim)",1008,"Milk, nonfat",,34,3.43,4.92,0.08,0,5.05,41,34.1,1.004,2022-10-28
2705389,11114300,"Milk, lactose free, low fat (1%)",1006,"Milk, lowfat",,43,3.38,5.18,0.95,0,4.96,39,42.8,0.995,2022-10-28
2705391,11114330,"Milk, lactose free, reduced fat (2%)",1004,"Milk, reduced fat",,50,3.36,4.9,1.9,0,4.89,39,50.1,1.003,2022-10-28
2705392,11114350,"Milk, lactose free, whole",1002,"Milk, whole",,61,3.27,4.63,3.2,0,4.81,38,60.4,0.990,2022-10-28
2705387,11112210,"Milk, low fat (1%)",1006,"Milk, lowfat",,43,3.38,5.18,0.95,0,4.96,39,42.8,0.995,2022-10-28
2705501,11526000,"Milk, malted",1204,"Flavored milk, reduced fat",,66,3.19,8.64,2.05,0,7.81,60,65.8,0.997,2022-10-28
2705590,11830260,"Milk, malted, dry mix, not reconstituted",9999,Not included in a food category,,372,0,92.96,0,0,72.73,530,371.8,1.000,2022-10-28
2705384,11100000,"Milk, NFS",1004,"Milk, reduced fat",,52,3.33,4.83,2.14,0,4.88,39,51.9,0.998,2022-10-28
2705386,11112110,"Milk, reduced fat (2%)",1004,"Milk, reduced fat",,50,3.36,4.9,1.9,0,4.89,39,50.1,1.003,2022-10-28
2705385,11111000,"Milk, whole",1002,"Milk, whole",,61,3.27,4.63,3.2,0,4.81,38,60.4,0.990,2022-10-28
2708377,56202000,Millet,4004,"Pasta, noodles, cooked grains",,118,3.5,23.57,1,1.3,0.13,168,117.3,0.994,2022-10-28
2710642,93301115,Mimosa,7504,Wine,,64,0.43,6.49,0.18,0.2,4.67,4,29.3,0.458,2022-10-28
2710643,93301120,Mint julep,7506,Liquor and cocktails,,187,0,5.75,0.01,0,5.75,4,23.1,0.123,2022-10-28
2710809,99997805,"Mirepoix, cooked, as ingredient",9999,Not included in a food category,,41,1.02,9.06,0.19,2.2,4.09,51,42.0,1.025,2022-10-28
2707439,41420110,Miso,8404,Soy-based condiments,,198,12.79,25.37,6.01,5.4,6.2,3728,206.7,1.044,2022-10-28
2707438,41420100,Miso sauce,8404,Soy-based condiments,,429,3.43,13.99,41,1.2,12.79,1086,438.7,1.023,2022-10-28
2707511,42110300,"Mixed nuts, honey roasted",2804,Nuts and seeds,,586,15.35,33.11,46.72,5.8,20.34,388,614.3,1.048,2022-10-28
2707504,42110000,"Mixed nuts, NFS",2804,Nuts and seeds,,610,19.59,20.9,53.82,7.4,4.53,313,646.3,1.060,2022-10-28
2707505,42110050,"Mixed nuts, unroasted",2804,Nuts and seeds,,616,16.97,22.88,54.56,7.2,4.66,7,650.4,1.056,2022-10-28
2707507,42110110,"Mixed nuts, with peanuts, lightly salted",2804,Nuts and seeds,,612,19.67,20.99,54.04,7.4,4.55,160,649.0,1.060,2022-10-28
2707506,42110100,"Mixed nuts, with peanuts, salted",2804,Nuts and seeds,,610,19.59,20.9,53.82,7.4,4.53,313,646.3,1.060,2022-10-28
2707508,42110120,"Mixed nuts, with peanuts, unsalted",2804,Nuts and seeds,,615,19.75,21.07,54.25,7.5,4.57,6,651.5,1.059,2022-10-28
2707509,42110150,"Mixed nuts, without peanuts, salted",2804,Nuts and seeds,,620,16.32,22,55.5,6.9,4.48,320,652.8,1.053,2022-10-28
2707510,42110160,"Mixed nuts, without peanuts, unsalted",2804,Nuts and seeds,,625,16.45,22.18,55.95,7,4.52,6,658.1,1.053,2022-10-28
2709792,75114000,"Mixed salad greens, raw",6410,Lettuce and lettuce salads,raw,21,1.31,3.43,0.21,1.4,0.97,41,20.9,0.993,2022-10-28
2707589,43107000,Mixed seeds,2804,Nuts and seeds,,580,21.96,21.73,49.61,10,2.37,7,621.2,1.071,2022-10-28
2709810,75132000,Mixed vegetable juice,7008,Vegetable juice,,28,0.72,6.3,0.16,1.2,2.62,82,29.5,1.054,2022-10-28
2705911,23220020,Mock chicken legs,2002,"Beef, excludes ground",,242,21.54,8.04,13.59,0.3,0.13,313,240.6,0.994,2022-10-28
2710644,93301125,Mojito,7506,Liquor and cocktails,,61,0.09,2.45,0.03,0.2,1.82,15,10.4,0.171,2022-10-28
2710283,91303000,Molasses,8802,Sugars and honey,,290,0,74.73,0.1,0,74.72,37,299.8,1.034,2022-10-28
2707151,28522000,Mole sauce,8412,"Dips, gravies, other sauces",,75,0.98,10.77,3.82,1,7.1,493,81.4,1.085,2022-10-28
2706795,27445180,Moo Goo Gai Pan,3404,Stir-fry and soy-based sauce mixtures,,69,7.11,4.87,2.44,1.4,2.01,106,69.9,1.013,2022-10-28
2706764,27420160,"Moo Shu pork, without Chinese pancake",3404,Stir-fry and soy-based sauce mixtures,,153,10.41,4.01,10.7,0.9,1.76,815,154.0,1.006,2022-10-28
2705917,23323100,Moose,2008,"Lamb, goat, game",,133,29.04,0,0.96,0,0,376,124.8,0.938,2022-10-28
2706182,25221210,Mortadella,2602,Cold cuts and cured meats,,311,16.37,3.05,25.39,0,0,1246,306.2,0.985,2022-10-28
2710645,93301127,Moscow mule,7506,Liquor and cocktails,,91,0,8.6,0.01,0,8.71,5,34.5,0.379,2022-10-28
2705698,13250000,Mousse,5804,Pudding,,212,4.2,16.23,15.12,0.6,15.1,34,217.8,1.027,2022-10-28
2705818,14670000,"Mozzarella cheese, tomato, and basil, with oil and vinegar dressing",6432,"Coleslaw, non-lettuce salads",,139,7.17,3.86,10.87,0.8,2.32,209,141.9,1.021,2022-10-28
2705817,14660200,"Mozzarella sticks, breaded, baked, or fried",1602,Cheese,baked,325,14.75,25.14,18.33,2,2.36,861,324.5,0.999,2022-10-28
2707838,52304040,"Muffin, bran with fruit, lowfat",4402,"Biscuits, muffins, quick breads",,179,5.42,39.99,1.5,2.7,20.26,433,195.1,1.090,2022-10-28
2707845,52306700,"Muffin, carrot",4402,"Biscuits, muffins, quick breads",,314,5.01,44.42,13.21,1.4,23.31,309,316.6,1.008,2022-10-28
2707842,52306300,"Muffin, cheese",4402,"Biscuits, muffins, quick breads",,367,9.72,30.51,23,1,1.88,491,367.9,1.003,2022-10-28
2707833,52302600,"Muffin, chocolate",4402,"Biscuits, muffins, quick breads",,395,6.54,50.94,18.75,1.9,25.98,339,398.7,1.009,2022-10-28
2707832,52302500,"Muffin, chocolate chip",4402,"Biscuits, muffins, quick breads",,402,5.77,55.4,19.04,1.8,32.92,306,416.0,1.035,2022-10-28
2707698,51186010,"Muffin, English",4206,Bagels and English muffins,,227,8.87,44.17,1.69,3.5,3.53,425,227.4,1.002,2022-10-28
2707700,51186130,"Muffin, English, cheese",4206,Bagels and English muffins,,236,9.59,42.08,3.31,3.3,3.37,436,236.5,1.002,2022-10-28
2707787,51630200,"Muffin, English, multigrain",4206,Bagels and English muffins,,223,8.7,44.8,2,4.6,1.56,353,232.0,1.040,2022-10-28
2707774,51503000,"Muffin, English, oat bran",4206,Bagels and English muffins,,269,8.4,48.5,4.4,4,8.14,447,267.2,0.993,2022-10-28
2707775,51503040,"Muffin, English, oat bran, with raisins",4206,Bagels and English muffins,,272,7.89,51.58,3.98,4,13.84,405,273.7,1.006,2022-10-28
2707763,51404550,"Muffin, English, pumpernickel",4206,Bagels and English muffins,,250,8.7,47.5,3.1,6.5,0.53,596,252.7,1.011,2022-10-28
2707759,51401200,"Muffin, English, rye",4206,Bagels and English muffins,,259,8.5,48.3,3.3,5.8,3.85,570,256.9,0.992,2022-10-28
2707738,51302500,"Muffin, English, wheat bran",4206,Bagels and English muffins,,223,8.7,44.8,2,4.6,1.56,353,232.0,1.040,2022-10-28
2707739,51302520,"Muffin, English, wheat bran, with raisins",4206,Bagels and English muffins,,231,8.16,48.25,1.82,4.6,7.92,320,242.0,1.048,2022-10-28
2707740,51303010,"Muffin, English, wheat or cracked wheat",4206,Bagels and English muffins,,223,8.7,44.8,2,4.6,1.56,353,232.0,1.040,2022-10-28
2707742,51303050,"Muffin, English, wheat or cracked wheat, with raisins",4206,Bagels and English muffins,,230,8.21,47.94,1.84,4.6,7.34,323,241.2,1.049,2022-10-28
2707744,51303100,"Muffin, English, whole grain white",4206,Bagels and English muffins,,223,8.7,44.8,2,4.6,1.56,353,232.0,1.040,2022-10-28
2707741,51303030,"Muffin, English, whole wheat",4206,Bagels and English muffins,,223,8.7,44.8,2,4.6,1.56,353,232.0,1.040,2022-10-28
2707743,51303070,"Muffin, English, whole wheat, with raisins",4206,Bagels and English muffins,,230,8.21,47.94,1.84,4.6,7.34,323,241.2,1.049,2022-10-28
2707701,51186160,"Muffin, English, with fruit other than raisins",4206,Bagels and English muffins,,244,9.31,47.64,1.79,3.9,4.76,442,243.9,1.000,2022-10-28
2707699,51186100,"Muffin, English, with raisins",4206,Bagels and English muffins,,234,8.31,47.68,1.55,3.6,9.7,385,237.9,1.017,2022-10-28
2707830,52302010,"Muffin, fruit",4402,"Biscuits, muffins, quick breads",,375,4.49,53,16.07,1.1,31.47,336,374.6,0.999,2022-10-28
2707831,52302020,"Muffin, fruit, low fat",4402,"Biscuits, muffins, quick breads",,255,4.23,50.05,4.22,4.2,27.05,413,255.1,1.000,2022-10-28
2707829,52301000,"Muffin, NFS",4402,"Biscuits, muffins, quick breads",,375,4.49,53,16.07,1.1,31.47,336,374.6,0.999,2022-10-28
2707840,52304150,"Muffin, oat bran",4402,"Biscuits, muffins, quick breads",,270,7,48.3,7.4,4.6,8.22,393,287.8,1.066,2022-10-28
2707839,52304100,"Muffin, oatmeal",4402,"Biscuits, muffins, quick breads",,370,6.43,43.94,18.92,1.5,20.67,404,371.8,1.005,2022-10-28
2707841,52306010,"Muffin, plain",4402,"Biscuits, muffins, quick breads",,374,5.93,52.02,16.21,0.8,27.48,358,377.7,1.010,2022-10-28
2707843,52306500,"Muffin, pumpkin",4402,"Biscuits, muffins, quick breads",,305,4.97,43.21,12.93,1.4,22.59,285,309.1,1.013,2022-10-28
2707835,52303500,"Muffin, wheat",4402,"Biscuits, muffins, quick breads",,372,6.92,45.7,18.03,1.8,19.9,389,372.8,1.002,2022-10-28
2707837,52304010,"Muffin, wheat bran",4402,"Biscuits, muffins, quick breads",,208,6.26,38.67,5.01,2.2,15.2,208,224.8,1.081,2022-10-28
2707836,52304000,"Muffin, whole grain",4402,"Biscuits, muffins, quick breads",,372,6.92,45.7,18.03,1.8,19.9,389,372.8,1.002,2022-10-28
2707834,52303010,"Muffin, whole wheat",4402,"Biscuits, muffins, quick breads",,372,7.8,44.01,18.44,3.5,20.09,393,373.2,1.003,2022-10-28
2707844,52306550,"Muffin, zucchini",4402,"Biscuits, muffins, quick breads",,306,5.05,42.64,13.14,0.9,22.72,290,309.0,1.010,2022-10-28
2708290,54420210,Multigrain chips (Sun Chips),5004,"Tortilla, corn, other chips",,491,7.95,67.26,21.11,8.8,7.2,423,490.8,1.000,2022-10-28
2707084,27580030,Multiple meat sandwich on wheat,3740,Deli and cured meat sandwiches,,189,13.69,20.08,5.78,2.2,2.56,704,187.1,0.990,2022-10-28
2707085,27580040,"Multiple meat sandwich on wheat, with cheese",3740,Deli and cured meat sandwiches,,210,14.54,18.17,8.67,2,2.59,743,208.9,0.995,2022-10-28
2707082,27580010,Multiple meat sandwich on white,3740,Deli and cured meat sandwiches,,190,12.87,21.66,5.62,1,2.62,708,188.7,0.993,2022-10-28
2707083,27580020,"Multiple meat sandwich on white, with cheese",3740,Deli and cured meat sandwiches,,211,13.83,19.54,8.53,0.8,2.64,746,210.2,0.996,2022-10-28
2707086,27580050,"Multiple meat sandwich or sub, restaurant",3740,Deli and cured meat sandwiches,,183,13.18,19.25,5.76,0.8,2.38,730,181.6,0.992,2022-10-28
2707087,27580060,"Multiple meat sandwich or sub, with cheese, restaurant",3740,Deli and cured meat sandwiches,,208,14.23,17.18,9.07,0.7,2.44,771,207.3,0.996,2022-10-28
2707088,27580070,Multiple meat sandwich wrap,3740,Deli and cured meat sandwiches,,226,13.38,19.61,10.13,1.3,2.05,837,223.1,0.987,2022-10-28
2707389,41108010,"Mung beans, cooked",2802,"Beans, peas, legumes",,156,6.52,17.8,6.86,7.1,1.86,218,159.0,1.019,2022-10-28
2709943,75219100,"Mushroom, Asian, cooked, from dried",6420,Other vegetables and combinations,,44,2.4,8.15,0.2,4.2,1.97,117,44.0,1.000,2022-10-28
2709940,75219023,"Mushrooms, canned, cooked",6420,Other vegetables and combinations,,47,1.82,4.95,2.84,2.3,2.28,421,52.6,1.120,2022-10-28
2710797,99997515,"Mushrooms, cooked, as ingredient",9999,Not included in a food category,,39,3.62,5.16,0.43,2.2,2.48,7,39.0,1.000,2022-10-28
2710251,89902030,"Mushrooms, for use on a sandwich",6489,Vegetables on a sandwich,,31,2.9,4.13,0.35,1.7,1.98,6,31.3,1.009,2022-10-28
2709942,75219034,"Mushrooms, fresh, cooked with butter or margarine",6420,Other vegetables and combinations,raw,62,3.52,5.01,3.16,2.1,2.41,169,62.6,1.009,2022-10-28
2709941,75219033,"Mushrooms, fresh, cooked with oil",6420,Other vegetables and combinations,raw,70,3.5,5,4.05,2.1,2.4,148,70.4,1.006,2022-10-28
2709939,75219021,"Mushrooms, fresh, cooked, fat added, NS as to fat type",6420,Other vegetables and combinations,raw,66,3.52,5,3.6,2.1,2.4,158,66.5,1.007,2022-10-28
2709937,75219011,"Mushrooms, fresh, cooked, no added fat",6420,Other vegetables and combinations,raw,39,3.61,5.15,0.43,2.2,2.47,152,38.9,0.998,2022-10-28
2709938,75219020,"Mushrooms, NS as to form, cooked",6420,Other vegetables and combinations,,66,3.52,5,3.6,2.1,2.4,158,66.5,1.007,2022-10-28
2710084,75505000,"Mushrooms, pickled",8408,"Olives, pickles, pickled vegetables",,46,2.4,8.29,0.3,1.4,6.51,949,45.5,0.988,2022-10-28
2709793,75115000,"Mushrooms, raw",6420,Other vegetables and combinations,raw,31,2.9,4.13,0.35,1.7,1.98,6,31.3,1.009,2022-10-28
2710052,75414020,"Mushrooms, stuffed",3104,Vegetable dishes,,288,10.7,27.72,15,3,4,638,288.7,1.002,2022-10-28
2706350,26313110,Mussels,2404,Shellfish,,109,15.06,4.67,2.84,0,0,362,104.5,0.959,2022-10-28
2710085,75506010,Mustard,8406,Mustard and other condiments,,69,4.25,5.3,3.38,4.3,1.42,1100,68.6,0.994,2022-10-28
2709610,72122221,"Mustard greens, fresh, cooked, fat added",6411,Other dark green vegetables,raw,53,2.99,4.87,3.18,3.3,1.38,151,60.1,1.133,2022-10-28
2709607,72122211,"Mustard greens, fresh, cooked, no added fat",6411,Other dark green vegetables,raw,29,3.07,5.01,0.45,3.4,1.42,146,36.4,1.254,2022-10-28
2709611,72122222,"Mustard greens, frozen, cooked, fat added",6411,Other dark green vegetables,,41,2.21,3.02,2.79,2.7,0.32,145,46.0,1.123,2022-10-28
2709608,72122212,"Mustard greens, frozen, cooked, no added fat",6411,Other dark green vegetables,,19,2.26,3.1,0.25,2.8,0.32,141,23.7,1.247,2022-10-28
2709609,72122220,"Mustard greens, NS as to form, cooked",6411,Other dark green vegetables,,53,2.99,4.87,3.18,3.3,1.38,151,60.1,1.133,2022-10-28
2709606,72122100,"Mustard greens, raw",6411,Other dark green vegetables,raw,27,2.86,4.67,0.42,3.2,1.32,20,33.9,1.256,2022-10-28
2708578,58104130,"Nachos, beef or pork",3504,Nachos,,265,10.73,19.87,15.96,1.4,0.32,429,266.0,1.004,2022-10-28
2708579,58104135,"Nachos, beef or pork, with beans",3504,Nachos,,220,9.28,18.26,12.45,2,0.38,424,222.2,1.010,2022-10-28
2708577,58104120,"Nachos, cheese only",3504,Nachos,,266,4.46,27.83,15.74,2,0.45,547,270.8,1.018,2022-10-28
2708580,58104150,"Nachos, chicken",3504,Nachos,,242,11.2,19.87,13.33,1.4,0.32,430,244.2,1.009,2022-10-28
2708581,58104165,"Nachos, chicken, with beans",3504,Nachos,,203,9.62,18.26,10.48,2,0.38,425,205.8,1.014,2022-10-28
2708576,58104105,"Nachos, NFS",3504,Nachos,,265,7.6,23.85,15.85,1.7,0.39,488,268.5,1.013,2022-10-28
2708582,58104170,"Nachos, with beans",3504,Nachos,,210,4.62,23.28,11.37,2.5,0.48,434,213.9,1.019,2022-10-28
2707440,41420200,Natto,8404,Soy-based condiments,,211,19.4,12.68,11,5.4,4.89,7,227.3,1.077,2022-10-28
2709245,63131010,"Nectarine, raw",6008,Peaches and nectarines,raw,43,1.06,9.18,0.28,1.5,7.89,13,43.5,1.011,2022-10-28
2705403,11300100,"Non-dairy milk, NFS",1902,Plant-based milk,,31,1.14,3.04,1.6,0.1,2.03,51,31.1,1.004,2022-10-28
2708949,58149110,Noodle pudding,3204,"Pasta mixed dishes, excludes macaroni and cheese",,209,5.94,31.02,7.4,1.6,11.08,68,214.4,1.026,2022-10-28
2709140,58302080,"Noodles with vegetables in tomato-based sauce, diet frozen meal",3204,"Pasta mixed dishes, excludes macaroni and cheese",,70,3.63,10.82,1.55,1.7,2.71,134,71.8,1.025,2022-10-28
2708354,56116000,"Noodles, chow mein",5202,"Crackers, excludes saltines",,521,10.33,51.9,31.72,1.9,0.25,378,534.4,1.026,2022-10-28
2708352,56112000,"Noodles, cooked",4004,"Pasta, noodles, cooked grains",,137,4.51,25.01,2.06,1.2,0.4,236,136.6,0.997,2022-10-28
2708353,56113000,"Noodles, whole grain, cooked",4004,"Pasta, noodles, cooked grains",,148,5.96,29.91,1.7,3.9,0.75,210,158.8,1.073,2022-10-28
2707567,42305020,Nutella sandwich on wheat bread,3722,Peanut butter and jelly sandwiches,,359,9.32,51.31,12.93,5.4,22.19,301,358.9,1.000,2022-10-28
2707566,42305010,Nutella sandwich on white bread,3722,Peanut butter and jelly sandwiches,,362,8.03,53.78,12.68,3.4,22.28,308,361.4,0.998,2022-10-28
2708117,53720100,Nutrition bar (Balance Original Bar),5404,Nutrition bars,,415,28,48.73,12,3.1,34.89,253,414.9,1.000,2022-10-28
2708118,53720200,Nutrition bar (Clif Bar),5404,Nutrition bars,,346,14.71,65.44,5.88,7.4,31.62,195,373.5,1.080,2022-10-28
2708119,53720210,Nutrition bar (Clif Kids Organic Zbar),5404,Nutrition bars,,416,5.55,74.72,9.72,8.3,30.56,375,408.6,0.982,2022-10-28
2708120,53720300,Nutrition bar (PowerBar),5404,Nutrition bars,,363,14.15,69.63,3.11,5.7,30.07,308,363.1,1.000,2022-10-28
2708121,53720400,Nutrition bar (Slim Fast Original Meal Bar),5404,Nutrition bars,,386,16.19,60.21,8.92,5.1,25,253,385.9,1.000,2022-10-28
2708122,53720500,Nutrition bar (Snickers Marathon Protein Bar),5404,Nutrition bars,,415,25,50.5,12.5,12.5,28.75,238,414.5,0.999,2022-10-28
2708124,53720610,Nutrition bar (South Beach Living High Protein Bar),5404,Nutrition bars,,412,30.34,38.4,15.17,7.3,15.17,436,411.5,0.999,2022-10-28
2708123,53720600,Nutrition bar (South Beach Living Meal Bar),5404,Nutrition bars,,386,16.19,60.21,8.92,5.1,25,253,385.9,1.000,2022-10-28
2708125,53720700,Nutrition bar (Tiger's Milk),5404,Nutrition bars,,387,16.8,56.46,14.29,2.3,36.4,168,421.6,1.090,2022-10-28
2708126,53720800,Nutrition bar (Zone Perfect Classic Crunch),5404,Nutrition bars,,426,30,45,14,2,27,444,426.0,1.000,2022-10-28
2708127,53729000,"Nutrition bar or meal replacement bar, NFS",5404,Nutrition bars,,386,22.36,55.22,9.94,4.7,29.31,320,399.8,1.036,2022-10-28
2710727,95120020,"Nutritional drink or shake, high protein, light, ready-to-drink, NFS",7208,Nutritional beverages,,138,5.38,17.29,5.38,1.2,8.46,77,139.1,1.008,2022-10-28
2710724,95110020,"Nutritional drink or shake, high protein, ready-to-drink (Slim Fast)",7208,Nutritional beverages,,61,6.59,0.85,3.38,0.4,0.6,72,60.2,0.987,2022-10-28
2710726,95120010,"Nutritional drink or shake, high protein, ready-to-drink, NFS",7208,Nutritional beverages,,61,6.59,0.85,3.38,0.4,0.6,72,60.2,0.987,2022-10-28
2710728,95120050,"Nutritional drink or shake, liquid, soy-based",7208,Nutritional beverages,,138,5.38,17.29,5.38,1.2,8.46,77,139.1,1.008,2022-10-28
2710715,95101010,"Nutritional drink or shake, ready-to-drink (Boost Plus)",7208,Nutritional beverages,,138,5.38,17.29,5.38,1.2,8.46,77,139.1,1.008,2022-10-28
2710714,95101000,"Nutritional drink or shake, ready-to-drink (Boost)",7208,Nutritional beverages,,101,4.22,17.3,1.69,1.3,8.44,63,101.3,1.003,2022-10-28
2710716,95102000,"Nutritional drink or shake, ready-to-drink (Carnation Instant Breakfast)",7208,Nutritional beverages,,92,5.51,12.91,2.04,0.1,12.9,84,92.0,1.000,2022-10-28
2710718,95103010,"Nutritional drink or shake, ready-to-drink (Ensure Plus)",7208,Nutritional beverages,,141,5.16,19.88,4.52,0,8.33,95,140.8,0.999,2022-10-28
2710717,95103000,"Nutritional drink or shake, ready-to-drink (Ensure)",7208,Nutritional beverages,,105,3.8,16.88,2.53,0,9.7,84,105.5,1.005,2022-10-28
2710720,95106000,"Nutritional drink or shake, ready-to-drink (Muscle Milk)",7208,Nutritional beverages,,52,5.87,2.28,2.17,0.2,0.78,95,52.1,1.002,2022-10-28
2710722,95110000,"Nutritional drink or shake, ready-to-drink (Slim Fast)",7208,Nutritional beverages,,57,3.32,7.74,1.93,1.6,5.95,68,61.6,1.081,2022-10-28
2710721,95106010,"Nutritional drink or shake, ready-to-drink, light (Muscle Milk)",7208,Nutritional beverages,,38,4.78,2.1,1.15,0.2,0.38,27,37.9,0.997,2022-10-28
2710725,95120000,"Nutritional drink or shake, ready-to-drink, NFS",7208,Nutritional beverages,,105,3.8,16.88,2.53,0,9.7,84,105.5,1.005,2022-10-28
2710719,95104000,"Nutritional drink or shake, ready-to-drink, sugar free (Glucerna)",7208,Nutritional beverages,,88,4.4,11.88,3.08,2.2,2.64,92,92.8,1.055,2022-10-28
2710723,95110010,"Nutritional drink or shake, ready-to-drink, sugar free (Slim Fast)",7208,Nutritional beverages,,57,3.32,7.74,1.93,1.6,5.95,68,61.6,1.081,2022-10-28
2710729,95201000,Nutritional powder mix (Carnation Instant Breakfast),9802,Protein and nutritional powders,,353,19.9,66.2,1.4,0.4,65.8,385,357.0,1.011,2022-10-28
2710732,95201300,Nutritional powder mix (EAS Soy Protein Powder),9802,Protein and nutritional powders,,405,47.62,43.94,3.57,0,40.48,452,398.4,0.984,2022-10-28
2710731,95201200,Nutritional powder mix (EAS Whey Protein Powder),9802,Protein and nutritional powders,,385,66.67,17.95,5.13,0,5.13,385,384.7,0.999,2022-10-28
2710734,95201600,Nutritional powder mix (Isopure),9802,Protein and nutritional powders,,359,58.14,29.07,1.16,0,1.16,372,359.3,1.001,2022-10-28
2710735,95202000,Nutritional powder mix (Muscle Milk),9802,Protein and nutritional powders,,411,45.71,18.5,17.14,7.1,5.71,329,411.1,1.000,2022-10-28
2710737,95210000,Nutritional powder mix (Slim Fast),9802,Protein and nutritional powders,,448,8.13,73.92,13.34,18.1,38.02,472,448.3,1.001,2022-10-28
2710733,95201500,"Nutritional powder mix, high protein (Herbalife)",9802,Protein and nutritional powders,,392,53.57,20.38,10.71,0,3.57,1214,392.2,1.000,2022-10-28
2710739,95210020,"Nutritional powder mix, high protein (Slim Fast)",9802,Protein and nutritional powders,,433,27.87,50,13.46,18.2,20.59,495,432.6,0.999,2022-10-28
2710741,95220010,"Nutritional powder mix, high protein, NFS",9802,Protein and nutritional powders,,392,53.57,20.38,10.71,0,3.57,1214,392.2,1.000,2022-10-28
2710736,95202010,"Nutritional powder mix, light (Muscle Milk)",9802,Protein and nutritional powders,,396,50,22,12,2,4,250,396.0,1.000,2022-10-28
2710740,95220000,"Nutritional powder mix, NFS",9802,Protein and nutritional powders,,353,19.9,66.2,1.4,0.4,65.8,385,357.0,1.011,2022-10-28
2710744,95230020,"Nutritional powder mix, protein, light, NFS",9802,Protein and nutritional powders,,396,50,22,12,2,4,250,396.0,1.000,2022-10-28
2710745,95230030,"Nutritional powder mix, protein, NFS",9802,Protein and nutritional powders,,352,78.13,6.25,1.56,3.1,0,156,351.6,0.999,2022-10-28
2710743,95230010,"Nutritional powder mix, protein, soy based, NFS",9802,Protein and nutritional powders,,388,55.56,28.89,5.56,6.7,22.22,733,387.8,1.000,2022-10-28
2710730,95201010,"Nutritional powder mix, sugar free (Carnation Instant Breakfast)",9802,Protein and nutritional powders,,358,35.8,41,5.1,2,39,717,353.1,0.986,2022-10-28
2710738,95210010,"Nutritional powder mix, sugar free (Slim Fast)",9802,Protein and nutritional powders,,448,8.13,73.92,13.34,18.1,38.02,472,448.3,1.001,2022-10-28
2710742,95230000,"Nutritional powder mix, whey based, NFS",9802,Protein and nutritional powders,,352,78.13,6.25,1.56,3.1,0,156,351.6,0.999,2022-10-28
2707484,42100050,"Nuts, NFS",2804,Nuts and seeds,,610,19.59,20.9,53.82,7.4,4.53,313,646.3,1.060,2022-10-28
2708444,56208500,"Oat bran cereal, cooked",4804,Grits and other cooked cereals,,46,3.21,12.28,1.3,2.9,0.27,69,73.7,1.601,2022-10-28
2705412,11360200,Oat milk,1902,Plant-based milk,,45,0.66,5.37,2.33,0.5,2.04,43,45.1,1.002,2022-10-28
2708379,56202905,"Oatmeal, fast food, flavored",4802,Oatmeal,,110,2.4,20.34,2.33,1.6,9.95,163,111.9,1.018,2022-10-28
2708378,56202900,"Oatmeal, fast food, plain",4802,Oatmeal,,80,2.6,11.9,2.54,1.7,0.69,93,80.9,1.011,2022-10-28
2708396,56203160,"Oatmeal, instant, fruit flavored, fat added",4802,Oatmeal,,117,2.29,19.51,3.4,1.9,8.08,145,117.8,1.007,2022-10-28
2708395,56203155,"Oatmeal, instant, fruit flavored, no added fat",4802,Oatmeal,,100,2.34,20.09,1.19,1.9,8.32,131,100.4,1.004,2022-10-28
2708394,56203135,"Oatmeal, instant, maple flavored, fat added",4802,Oatmeal,,119,2.38,19.64,3.45,1.8,7.76,150,119.1,1.001,2022-10-28
2708393,56203130,"Oatmeal, instant, maple flavored, no added fat",4802,Oatmeal,,102,2.44,20.23,1.25,1.9,7.99,136,101.9,0.999,2022-10-28
2708390,56203097,"Oatmeal, instant, plain, made with milk, fat added",4802,Oatmeal,,129,4.81,16.52,5.4,1.8,4.11,90,133.9,1.038,2022-10-28
2708389,56203096,"Oatmeal, instant, plain, made with milk, no added fat",4802,Oatmeal,,111,4.96,17.07,3.04,1.9,4.24,73,115.5,1.040,2022-10-28
2708392,56203107,"Oatmeal, instant, plain, made with non-dairy milk, fat added",4802,Oatmeal,,113,3.09,15.12,4.98,1.9,1.88,99,117.7,1.041,2022-10-28
2708391,56203106,"Oatmeal, instant, plain, made with non-dairy milk, no added fat",4802,Oatmeal,,94,3.18,15.62,2.6,2,1.93,83,98.6,1.049,2022-10-28
2708388,56203087,"Oatmeal, instant, plain, made with water, fat added",4802,Oatmeal,,88,2.2,12.74,3.72,1.8,0.29,63,93.2,1.060,2022-10-28
2708387,56203086,"Oatmeal, instant, plain, made with water, no added fat",4802,Oatmeal,,68,2.26,13.15,1.3,1.9,0.28,45,73.3,1.079,2022-10-28
2708398,56203610,"Oatmeal, multigrain",4802,Oatmeal,,56,2.12,12.19,0.46,2,0.41,70,61.4,1.096,2022-10-28
2708380,56202960,"Oatmeal, NFS",4802,Oatmeal,,76,2.18,11.17,2.63,1.7,0.17,81,77.1,1.014,2022-10-28
2708397,56203555,"Oatmeal, reduced sugar",4802,Oatmeal,,85,2.35,16.62,1.28,1.9,4.05,90,87.4,1.028,2022-10-28
2708384,56203067,"Oatmeal, regular or quick, made with milk, fat added",4802,Oatmeal,,128,5.48,15.95,4.75,1.7,5,115,128.5,1.004,2022-10-28
2708383,56203066,"Oatmeal, regular or quick, made with milk, no added fat",4802,Oatmeal,,116,5.56,16.23,3.25,1.7,5.08,105,116.4,1.004,2022-10-28
2708386,56203077,"Oatmeal, regular or quick, made with non-dairy milk, fat added",4802,Oatmeal,,107,3.31,14.18,4.21,1.8,2.18,127,107.8,1.008,2022-10-28
2708385,56203076,"Oatmeal, regular or quick, made with non-dairy milk, no added fat",4802,Oatmeal,,95,3.35,14.42,2.71,1.8,2.21,117,95.5,1.005,2022-10-28
2708382,56203057,"Oatmeal, regular or quick, made with water, fat added",4802,Oatmeal,,76,2.18,11.17,2.63,1.7,0.17,81,77.1,1.014,2022-10-28
2708381,56203056,"Oatmeal, regular or quick, made with water, no added fat",4802,Oatmeal,,64,2.21,11.36,1.09,1.7,0.17,70,64.1,1.001,2022-10-28
2708489,57602100,"Oats, raw",9999,Not included in a food category,raw,379,13.15,67.7,6.52,10.1,0.99,6,382.1,1.008,2022-10-28
2706331,26205110,Octopus,2404,Shellfish,,226,13.25,13.39,12.96,0.5,0.2,518,223.2,0.988,2022-10-28
2706870,27451060,"Octopus salad, Puerto Rican style",3006,Seafood mixed dishes,,170,9.67,5.56,11.95,1,2.13,129,168.5,0.991,2022-10-28
2710164,81200100,"Oil or table fat, NFS",8004,Margarine,,789,0.29,0.18,87.67,0,0.17,296,790.9,1.002,2022-10-28
2709947,75220021,"Okra, fresh, cooked, fat added",6420,Other vegetables and combinations,raw,59,2.02,7.76,2.94,3.3,1.55,137,65.6,1.112,2022-10-28
2709944,75220011,"Okra, fresh, cooked, no added fat",6420,Other vegetables and combinations,raw,35,2.07,7.99,0.2,3.4,1.59,132,42.0,1.201,2022-10-28
2709948,75220022,"Okra, frozen, cooked, fat added",6420,Other vegetables and combinations,,51,1.59,6.21,2.78,2,2.78,124,56.2,1.102,2022-10-28
2709945,75220012,"Okra, frozen, cooked, no added fat",6420,Other vegetables and combinations,,29,1.62,6.39,0.24,2.1,2.86,119,34.2,1.179,2022-10-28
2709946,75220020,"Okra, NS as to form, cooked",6420,Other vegetables and combinations,,59,2.02,7.76,2.94,3.3,1.55,137,65.6,1.112,2022-10-28
2710087,75507000,"Okra, pickled",8408,"Olives, pickles, pickled vegetables",,48,1.6,11.04,0.17,2.7,6.1,950,52.1,1.085,2022-10-28
2710646,93301130,Old fashioned,7506,Liquor and cocktails,,164,0.16,6.11,0.04,0.5,5.57,4,25.4,0.155,2022-10-28
2710186,82104000,Olive oil,8012,Salad dressings and vegetable oils,,900,0,0,100,0,0,2,900.0,1.000,2022-10-28
2710092,75510050,Olive tapenade,8408,"Olives, pickles, pickled vegetables",,282,0.73,4.17,30.05,1.8,0.16,835,290.1,1.029,2022-10-28
2710090,75510020,"Olives, black",8408,"Olives, pickles, pickled vegetables",,116,0.84,6.04,10.9,1.6,0,735,125.6,1.083,2022-10-28
2710089,75510010,"Olives, green",8408,"Olives, pickles, pickled vegetables",,145,1.03,3.84,15.32,3.3,0.54,1556,157.4,1.085,2022-10-28
2710088,75510000,"Olives, NFS",8408,"Olives, pickles, pickled vegetables",,116,0.84,6.04,10.9,1.6,0,735,125.6,1.083,2022-10-28
2710091,75510030,"Olives, stuffed",8408,"Olives, pickles, pickled vegetables",,141,1.15,4.96,12.9,4,0,1620,140.5,0.997,2022-10-28
2705622,12350225,"Onion dip, light",8412,"Dips, gravies, other sauces",,166,2,11.87,12.36,0.1,6.85,481,166.7,1.004,2022-10-28
2705621,12350220,"Onion dip, regular",8412,"Dips, gravies, other sauces",,346,2.15,3.92,35.77,0.2,2.64,563,346.2,1.001,2022-10-28
2705445,11440030,"Onion dip, yogurt based",8412,"Dips, gravies, other sauces",,160,6.82,4.06,12.91,0.2,3.38,507,159.7,0.998,2022-10-28
2708245,54406010,Onion flavored rings,5004,"Tortilla, corn, other chips",,499,7.7,65.1,22.6,3.9,4.83,950,494.6,0.991,2022-10-28
2710796,99997510,"Onions, cooked, as ingredient",9999,Not included in a food category,,47,1.29,10.99,0.12,2,4.99,5,50.2,1.068,2022-10-28
2709951,75221021,"Onions, cooked, fat added",6414,Onions,,73,1.26,10.64,3.11,1.9,4.84,147,75.6,1.035,2022-10-28
2709950,75221011,"Onions, cooked, no added fat",6414,Onions,,47,1.29,10.96,0.12,2,4.97,141,50.1,1.066,2022-10-28
2710252,89902040,"Onions, for use on a sandwich",6489,Vegetables on a sandwich,,38,0.86,8.46,0.08,1.7,5.8,1,38.0,1.000,2022-10-28
2709953,75221061,"Onions, green, cooked",6414,Onions,,63,2.09,8.37,3.21,3,2.66,161,70.7,1.123,2022-10-28
2709794,75117010,"Onions, green, raw",6414,Onions,raw,32,1.83,7.34,0.19,2.6,2.33,16,38.4,1.200,2022-10-28
2709952,75221030,"Onions, pearl, cooked",6414,Onions,,50,0.7,6.49,2.59,1.4,2.81,129,52.1,1.041,2022-10-28
2709795,75117020,"Onions, raw",6414,Onions,raw,38,0.86,8.46,0.08,1.7,5.8,1,38.0,1.000,2022-10-28
2705922,23332100,Opossum,2008,"Lamb, goat, game",,219,29.96,0,10.12,0,0,365,210.9,0.963,2022-10-28
2710647,93301132,Orange Blossom,7506,Liquor and cocktails,,98,0.57,9.32,0.26,0.2,7.85,2,41.9,0.428,2022-10-28
2706443,27146350,Orange chicken,3404,Stir-fry and soy-based sauce mixtures,,262,14.46,22.46,12.68,0.8,13.6,553,261.8,0.999,2022-10-28
2710590,92550350,"Orange juice beverage, 40-50% juice, light",7204,Fruit drinks,,21,0.21,5.42,0,0,4.17,4,22.5,1.072,2022-10-28
2709187,61210010,"Orange juice, 100%,  freshly squeezed",7002,Citrus juice,,47,0.81,10.01,0.36,0.3,8.08,0,46.5,0.990,2022-10-28
2709188,61210220,"Orange juice, 100%, canned, bottled or in a carton",7002,Citrus juice,,47,0.77,10.18,0.34,0.3,8.18,2,46.9,0.997,2022-10-28
2709191,61210720,"Orange juice, 100%, frozen, not reconstituted",7002,Citrus juice,,148,2.4,35.19,0.25,1,29.68,7,152.6,1.031,2022-10-28
2709190,61210620,"Orange juice, 100%, frozen, reconstituted",7002,Citrus juice,,42,0.68,10.04,0.07,0.3,8.47,5,43.5,1.036,2022-10-28
2709186,61210000,"Orange juice, 100%, NFS",7002,Citrus juice,,47,0.77,10.17,0.34,0.3,8.18,2,46.8,0.996,2022-10-28
2709189,61210250,"Orange juice, 100%, with calcium added, canned, bottled or in a carton",7002,Citrus juice,,47,0.77,10.17,0.34,0.3,8.18,2,46.8,0.996,2022-10-28
2709192,61210820,"Orange juice, 100%, with calcium added, frozen, reconstituted",7002,Citrus juice,,42,0.68,9.67,0.07,0.3,8.48,5,42.0,1.001,2022-10-28
2709174,61122330,"Orange, canned, in syrup",6012,Citrus fruits,,55,0.59,14.07,0.04,0.7,13.42,5,59.0,1.073,2022-10-28
2709173,61122320,"Orange, canned, juice pack",6012,Citrus fruits,,37,0.62,9.57,0.03,0.7,8.87,5,41.0,1.109,2022-10-28
2709172,61122300,"Orange, canned, NFS",6012,Citrus fruits,,46,0.6,11.82,0.04,0.7,11.14,5,50.0,1.088,2022-10-28
2709171,61119010,"Orange, raw",6012,Citrus fruits,raw,50,0.92,11.78,0.14,2.2,8.96,4,52.1,1.041,2022-10-28
2705928,23350100,Ostrich,2206,"Turkey, duck, other poultry",,174,25.93,0,7.01,0,0,402,166.8,0.959,2022-10-28
2710808,99997804,Other vegetables as ingredient in omelet,9999,Not included in a food category,,39,3.24,5.74,0.39,2.1,2.73,7,39.4,1.011,2022-10-28
2707150,28520100,Oyster sauce,8404,Soy-based condiments,,51,1.35,10.92,0.25,0.3,0,2733,51.3,1.006,2022-10-28
2706849,27450250,Oysters Rockefeller,3006,Seafood mixed dishes,,134,7.64,9.38,7.53,1.9,1.23,430,135.8,1.014,2022-10-28
2706352,26315120,"Oysters, baked or broiled",2404,Shellfish,,104,7.11,3.39,6.66,0,0.78,321,101.9,0.980,2022-10-28
2706355,26315180,"Oysters, canned",2404,Shellfish,,74,7.67,4.25,2.68,0,0,122,71.8,0.970,2022-10-28
2706354,26315140,"Oysters, fried",2404,Shellfish,fried,203,6.26,13.79,13.47,0.5,0.67,408,201.4,0.992,2022-10-28
2706351,26315100,"Oysters, raw",2404,Shellfish,raw,51,5.71,2.72,1.71,0,0.62,85,49.1,0.963,2022-10-28
2706353,26315130,"Oysters, steamed",2404,Shellfish,steamed,65,7.23,3.44,2.16,0,0.78,108,62.1,0.956,2022-10-28
2708806,58137230,Pad Thai with chicken,3402,Fried rice and lo/chow mein,,154,8.13,14.36,7.5,1.2,4.06,384,157.5,1.022,2022-10-28
2708808,58137250,Pad Thai with meat,3402,Fried rice and lo/chow mein,,160,8.18,14.73,7.92,1.2,4.17,337,162.9,1.018,2022-10-28
2708807,58137240,Pad Thai with seafood,3402,Fried rice and lo/chow mein,,147,6.84,15.05,6.82,1.2,4.2,349,148.9,1.013,2022-10-28
2708805,58137220,"Pad Thai, meatless",3402,Fried rice and lo/chow mein,,165,5.79,16.34,9.2,1.8,4.65,344,171.3,1.038,2022-10-28
2708804,58137210,"Pad Thai, NFS",3402,Fried rice and lo/chow mein,,154,8.13,14.36,7.5,1.2,4.06,384,157.5,1.022,2022-10-28
2706711,27350020,Paella with seafood,3202,Rice mixed dishes,,143,8.03,16.44,4.76,0.7,0.92,609,140.7,0.984,2022-10-28
2706723,27360090,"Paella, NFS",3202,Rice mixed dishes,,169,9.53,15.77,7.17,0.6,0.67,737,165.7,0.981,2022-10-28
2710066,75440400,Pakora,6430,Fried vegetables,,125,4.92,16.24,4.77,3.2,2.97,380,127.6,1.021,2022-10-28
2709631,72125310,Palak Paneer,3104,Vegetable dishes,,101,5.42,4.28,7.02,0.9,1.89,242,102.0,1.010,2022-10-28
2709954,75221160,"Palm hearts, cooked",6420,Other vegetables and combinations,,134,2.62,24.8,2.74,1.5,16.62,135,134.3,1.003,2022-10-28
2707669,51160200,"Pan dulce, NFS",5506,"Doughnuts, sweet rolls, pastries",,371,9.07,56.36,12.2,2.2,14.09,231,371.5,1.001,2022-10-28
2707674,51161250,"Pan Dulce, no topping",5506,"Doughnuts, sweet rolls, pastries",,367,9.42,56.38,11.58,2.3,12.5,228,367.4,1.001,2022-10-28
2707670,51161000,"Pan Dulce, with fruit, no frosting",5506,"Doughnuts, sweet rolls, pastries",,372,6.2,50.9,16.4,2.4,31.73,304,376.0,1.011,2022-10-28
2707676,51161280,"Pan Dulce, with raisins and icing",5506,"Doughnuts, sweet rolls, pastries",,368,8.29,58.57,11.39,2.2,19.6,214,369.9,1.005,2022-10-28
2707675,51161270,"Pan Dulce, with sugar topping",5506,"Doughnuts, sweet rolls, pastries",,374,8.73,56.35,12.82,2.1,15.68,235,375.7,1.005,2022-10-28
2710273,91300100,Pancake syrup,8806,"Jams, syrups, toppings",,265,0,69.6,0.1,0,42,61,279.3,1.054,2022-10-28
2710280,91301510,"Pancake syrup, light",8806,"Jams, syrups, toppings",,165,0,44.55,0,0,32.8,178,178.2,1.080,2022-10-28
2709143,58310310,"Pancakes and sausage, frozen meal",3002,Meat mixed dishes,,272,9,27.92,13.85,0.6,9.61,574,272.3,1.001,2022-10-28
2708308,55103100,"Pancakes, chocolate",4404,"Pancakes, waffles, French toast",,341,7.68,41.18,15.94,2.4,16.11,438,338.9,0.994,2022-10-28
2708301,55100060,"Pancakes, chocolate, fast food / restaurant",4404,"Pancakes, waffles, French toast",,360,7.46,40.02,18.68,2.4,15.66,470,358.0,0.995,2022-10-28
2708297,55100025,"Pancakes, chocolate, frozen",4404,"Pancakes, waffles, French toast",,248,5.35,38.83,7.97,1.1,10.48,442,248.4,1.002,2022-10-28
2708306,55103000,"Pancakes, fruit",4404,"Pancakes, waffles, French toast",,232,5.86,30.63,9.54,2.4,7.7,395,231.8,0.999,2022-10-28
2708300,55100055,"Pancakes, fruit, fast food / restaurant",4404,"Pancakes, waffles, French toast",,253,5.71,29.82,12.28,2.3,7.49,426,252.6,0.999,2022-10-28
2708296,55100020,"Pancakes, fruit, frozen",4404,"Pancakes, waffles, French toast",,224,4.99,36.47,6.52,1.1,8.33,438,224.5,1.002,2022-10-28
2708311,55106000,"Pancakes, gluten free",4404,"Pancakes, waffles, French toast",,215,3.31,40.32,4.55,1.5,4.06,331,215.5,1.002,2022-10-28
2708294,55100005,"Pancakes, NFS",4404,"Pancakes, waffles, French toast",,282,7.41,35.32,12.07,2.1,7.05,508,279.6,0.991,2022-10-28
2708304,55101000,"Pancakes, plain",4404,"Pancakes, waffles, French toast",,282,7.41,35.32,12.07,2.1,7.05,508,279.6,0.991,2022-10-28
2708299,55100050,"Pancakes, plain, fast food / restaurant",4404,"Pancakes, waffles, French toast",,307,7.16,34.14,15.48,2.1,6.81,544,304.5,0.992,2022-10-28
2708295,55100010,"Pancakes, plain, frozen",4404,"Pancakes, waffles, French toast",,233,5.23,37.75,6.83,1,8.32,461,233.4,1.002,2022-10-28
2708305,55101015,"Pancakes, plain, reduced fat",4404,"Pancakes, waffles, French toast",,264,7.57,36.1,9.74,2.2,7.2,519,262.3,0.994,2022-10-28
2708307,55103020,"Pancakes, pumpkin",4404,"Pancakes, waffles, French toast",,241,6.37,30.95,10.08,2.3,6.51,423,240.0,0.996,2022-10-28
2708303,55100080,"Pancakes, school",4404,"Pancakes, waffles, French toast",,231,6.26,40.43,6.57,5.2,7.53,415,245.9,1.064,2022-10-28
2708309,55105200,"Pancakes, whole grain",4404,"Pancakes, waffles, French toast",,273,7.86,32.9,12.29,3.2,6.89,722,273.6,1.002,2022-10-28
2708302,55100065,"Pancakes, whole grain, fast food / restaurant",4404,"Pancakes, waffles, French toast",,299,7.59,31.76,15.8,3.1,6.65,751,299.6,1.002,2022-10-28
2708298,55100030,"Pancakes, whole grain, frozen",4404,"Pancakes, waffles, French toast",,232,5.54,38.55,6.75,2.3,8.08,447,237.1,1.022,2022-10-28
2708310,55105205,"Pancakes, whole grain, reduced fat",4404,"Pancakes, waffles, French toast",,256,8.04,33.65,9.89,3.3,7.05,738,255.8,0.999,2022-10-28
2707704,51188100,Pannetone,5506,"Doughnuts, sweet rolls, pastries",,325,9.76,53.75,8.39,2.3,17.79,325,329.6,1.014,2022-10-28
2707429,41311000,"Papad, grilled or broiled",2802,"Beans, peas, legumes",,371,25.56,59.87,3.25,18.6,0,1745,371.0,1.000,2022-10-28
2709327,64120010,"Papaya juice, 100%",7006,Other fruit juice,,57,0.17,14.51,0.15,0.6,13.91,5,60.1,1.054,2022-10-28
2709347,64210010,Papaya nectar,7204,Fruit drinks,,57,0.17,14.51,0.15,0.6,13.91,5,60.1,1.054,2022-10-28
2709247,63133100,"Papaya, canned",6024,Mango and papaya,,52,0.35,13.1,0.21,1.3,10.86,7,55.7,1.071,2022-10-28
2709206,62114110,"Papaya, dried",6016,Dried fruits,dried,302,1.25,75.43,0.84,4.5,67.55,22,314.3,1.041,2022-10-28
2709246,63133010,"Papaya, raw",6024,Mango and papaya,raw,43,0.47,10.82,0.26,1.7,7.82,8,47.5,1.105,2022-10-28
2709796,75119000,"Parsley, raw",9999,Not included in a food category,raw,36,2.97,6.33,0.79,3.3,0.85,56,44.3,1.231,2022-10-28
2709955,75222020,"Parsnips, cooked",6420,Other vegetables and combinations,,92,1.29,16.47,2.84,3.5,4.65,131,96.6,1.050,2022-10-28
2709328,64121000,"Passion fruit juice, 100%",7006,Other fruit juice,,51,0.39,13.6,0.05,0.2,13.4,6,56.4,1.106,2022-10-28
2709348,64213010,Passion fruit nectar,7204,Fruit drinks,,69,0.16,17.39,0.06,0.1,17.34,4,70.7,1.025,2022-10-28
2709248,63134010,"Passion fruit, raw",6018,Other fruits and fruit salads,raw,97,2.2,23.38,0.7,10.4,11.2,28,108.6,1.120,2022-10-28
2708859,58146392,"Pasta with cream sauce and added vegetables, from home recipe",3204,"Pasta mixed dishes, excludes macaroni and cheese",,141,4,17.27,6.04,1.1,0.99,204,139.4,0.989,2022-10-28
2708860,58146393,"Pasta with cream sauce and added vegetables, ready-to-heat",3204,"Pasta mixed dishes, excludes macaroni and cheese",,154,3.92,16.9,7.72,1.1,0.96,340,152.8,0.992,2022-10-28
2708858,58146391,"Pasta with cream sauce and added vegetables, restaurant",3204,"Pasta mixed dishes, excludes macaroni and cheese",,191,3.7,15.95,12.41,1,0.91,519,190.3,0.996,2022-10-28
2708862,58146402,"Pasta with cream sauce and meat, home recipe",3204,"Pasta mixed dishes, excludes macaroni and cheese",,164,6.14,16.69,7.87,0.9,0.64,251,162.2,0.989,2022-10-28
2708863,58146403,"Pasta with cream sauce and meat, ready-to-heat",3204,"Pasta mixed dishes, excludes macaroni and cheese",,177,6.01,16.33,9.51,0.9,0.63,386,174.9,0.988,2022-10-28
2708861,58146401,"Pasta with cream sauce and meat, restaurant",3204,"Pasta mixed dishes, excludes macaroni and cheese",,213,5.67,15.41,14.1,0.9,0.59,562,211.2,0.992,2022-10-28
2708868,58146422,"Pasta with cream sauce and poultry, home recipe",3204,"Pasta mixed dishes, excludes macaroni and cheese",,157,6.32,16.69,7.03,0.9,0.64,250,155.3,0.989,2022-10-28
2708869,58146423,"Pasta with cream sauce and poultry, ready-to-heat",3204,"Pasta mixed dishes, excludes macaroni and cheese",,170,6.18,16.33,8.69,0.9,0.63,385,168.2,0.990,2022-10-28
2708867,58146421,"Pasta with cream sauce and poultry, restaurant",3204,"Pasta mixed dishes, excludes macaroni and cheese",,206,5.83,15.41,13.33,0.9,0.59,561,204.9,0.995,2022-10-28
2708874,58146442,"Pasta with cream sauce and seafood, home recipe",3204,"Pasta mixed dishes, excludes macaroni and cheese",,152,5.86,16.96,6.48,0.9,0.64,261,149.6,0.984,2022-10-28
2708875,58146443,"Pasta with cream sauce and seafood, ready-to-heat",3204,"Pasta mixed dishes, excludes macaroni and cheese",,165,5.73,16.59,8.15,0.9,0.63,395,162.6,0.986,2022-10-28
2708873,58146441,"Pasta with cream sauce and seafood, restaurant",3204,"Pasta mixed dishes, excludes macaroni and cheese",,202,5.4,15.66,12.82,0.9,0.59,572,199.6,0.988,2022-10-28
2708856,58146382,"Pasta with cream sauce, home recipe",3204,"Pasta mixed dishes, excludes macaroni and cheese",,154,4.03,16.85,7.7,0.9,0.72,266,152.8,0.992,2022-10-28
2708865,58146412,"Pasta with cream sauce, meat, and added vegetables, home recipe",3204,"Pasta mixed dishes, excludes macaroni and cheese",,153,6.12,17.04,6.52,1.1,0.86,200,151.3,0.989,2022-10-28
2708866,58146413,"Pasta with cream sauce, meat, and added vegetables, ready-to-heat",3204,"Pasta mixed dishes, excludes macaroni and cheese",,166,5.99,16.67,8.19,1,0.84,336,164.4,0.990,2022-10-28
2708864,58146411,"Pasta with cream sauce, meat, and added vegetables, restaurant",3204,"Pasta mixed dishes, excludes macaroni and cheese",,203,5.65,15.73,12.85,1,0.79,516,201.2,0.991,2022-10-28
2708871,58146432,"Pasta with cream sauce, poultry, and added vegetables, home recipe",3204,"Pasta mixed dishes, excludes macaroni and cheese",,146,6.3,17.04,5.68,1.1,0.86,199,144.5,0.990,2022-10-28
2708872,58146433,"Pasta with cream sauce, poultry, and added vegetables, ready-to-heat",3204,"Pasta mixed dishes, excludes macaroni and cheese",,159,6.16,16.67,7.37,1,0.84,335,157.7,0.992,2022-10-28
2708870,58146431,"Pasta with cream sauce, poultry, and added vegetables, restaurant",3204,"Pasta mixed dishes, excludes macaroni and cheese",,196,5.81,15.73,12.08,1,0.79,515,194.9,0.994,2022-10-28
2708857,58146383,"Pasta with cream sauce, ready-to-heat",3204,"Pasta mixed dishes, excludes macaroni and cheese",,167,3.94,16.49,9.35,0.9,0.71,401,165.9,0.993,2022-10-28
2708855,58146381,"Pasta with cream sauce, restaurant",3204,"Pasta mixed dishes, excludes macaroni and cheese",,204,3.72,15.56,13.95,0.9,0.67,577,202.7,0.993,2022-10-28
2708877,58146452,"Pasta with cream sauce, seafood, and added vegetables, home recipe",3204,"Pasta mixed dishes, excludes macaroni and cheese",,141,5.83,17.3,5.13,1.1,0.86,210,138.7,0.984,2022-10-28
2708878,58146453,"Pasta with cream sauce, seafood, and added vegetables, ready-to-heat",3204,"Pasta mixed dishes, excludes macaroni and cheese",,154,5.71,16.93,6.83,1,0.84,346,152.0,0.987,2022-10-28
2708876,58146451,"Pasta with cream sauce, seafood, and added vegetables, restaurant",3204,"Pasta mixed dishes, excludes macaroni and cheese",,191,5.38,15.97,11.57,1,0.79,525,189.5,0.992,2022-10-28
2708836,58146315,"Pasta with sauce and meat, from school lunch",3204,"Pasta mixed dishes, excludes macaroni and cheese",,117,5.95,17.5,3.12,2.6,2.73,117,121.9,1.042,2022-10-28
2708829,58146215,"Pasta with sauce, meatless, school lunch",3204,"Pasta mixed dishes, excludes macaroni and cheese",,102,3.78,19.44,1.6,2.9,3.03,88,107.3,1.052,2022-10-28
2708828,58146210,"Pasta with sauce, NFS",3204,"Pasta mixed dishes, excludes macaroni and cheese",,125,5.86,19.15,2.58,1.6,2.44,199,123.3,0.986,2022-10-28
2708927,58147110,Pasta with tomato-based sauce and beans or lentils,3204,"Pasta mixed dishes, excludes macaroni and cheese",,125,5.23,20.94,2.28,3,2.2,250,125.2,1.002,2022-10-28
2708826,58146150,Pasta with tomato-based sauce and cheese,3204,"Pasta mixed dishes, excludes macaroni and cheese",,119,3.74,14.98,4.83,1.7,3.54,403,118.3,0.995,2022-10-28
2708838,58146322,"Pasta with tomato-based sauce and meat, home recipe",3204,"Pasta mixed dishes, excludes macaroni and cheese",,125,5.86,19.15,2.58,1.6,2.44,199,123.3,0.986,2022-10-28
2708839,58146323,"Pasta with tomato-based sauce and meat, ready-to-heat",3204,"Pasta mixed dishes, excludes macaroni and cheese",,139,5.74,18.74,4.34,1.6,2.39,335,137.0,0.985,2022-10-28
2708837,58146321,"Pasta with tomato-based sauce and meat, restaurant",3204,"Pasta mixed dishes, excludes macaroni and cheese",,178,5.43,17.74,9.25,1.5,2.26,383,175.9,0.988,2022-10-28
2708844,58146342,"Pasta with tomato-based sauce and poultry, home recipe",3204,"Pasta mixed dishes, excludes macaroni and cheese",,118,6.04,19.15,1.74,1.6,2.44,198,116.4,0.987,2022-10-28
2708845,58146343,"Pasta with tomato-based sauce and poultry, ready-to-heat",3204,"Pasta mixed dishes, excludes macaroni and cheese",,132,5.91,18.74,3.52,1.6,2.39,334,130.3,0.987,2022-10-28
2708843,58146341,"Pasta with tomato-based sauce and poultry, restaurant",3204,"Pasta mixed dishes, excludes macaroni and cheese",,171,5.59,17.74,8.47,1.5,2.26,382,169.6,0.992,2022-10-28
2708850,58146362,"Pasta with tomato-based sauce and seafood, home recipe",3204,"Pasta mixed dishes, excludes macaroni and cheese",,113,5.58,19.42,1.19,1.6,2.44,209,110.7,0.980,2022-10-28
2708851,58146363,"Pasta with tomato-based sauce and seafood, ready-to-heat",3204,"Pasta mixed dishes, excludes macaroni and cheese",,127,5.45,19,2.98,1.6,2.39,344,124.6,0.981,2022-10-28
2708849,58146361,"Pasta with tomato-based sauce and seafood, restaurant",3204,"Pasta mixed dishes, excludes macaroni and cheese",,166,5.16,17.98,7.97,1.5,2.26,393,164.3,0.990,2022-10-28
2708834,58146302,"Pasta with tomato-based sauce, and added vegetables, home recipe",3204,"Pasta mixed dishes, excludes macaroni and cheese",,104,3.74,19.59,1.06,1.8,2.68,155,102.9,0.989,2022-10-28
2708835,58146303,"Pasta with tomato-based sauce, and added vegetables, ready-to-heat",3204,"Pasta mixed dishes, excludes macaroni and cheese",,118,3.66,19.16,2.85,1.7,2.62,292,116.9,0.991,2022-10-28
2708833,58146301,"Pasta with tomato-based sauce, and added vegetables, restaurant",3204,"Pasta mixed dishes, excludes macaroni and cheese",,158,3.46,18.14,7.84,1.6,2.48,343,157.0,0.993,2022-10-28
2708825,58146120,"Pasta with tomato-based sauce, cheese and meat",3204,"Pasta mixed dishes, excludes macaroni and cheese",,147,7.61,13.34,7.1,0.8,1.29,325,147.7,1.005,2022-10-28
2708831,58146222,"Pasta with tomato-based sauce, home recipe",3204,"Pasta mixed dishes, excludes macaroni and cheese",,106,3.69,19.88,1.2,1.8,2.94,202,105.1,0.991,2022-10-28
2708841,58146332,"Pasta with tomato-based sauce, meat, and added vegetables, home recipe",3204,"Pasta mixed dishes, excludes macaroni and cheese",,123,5.91,18.92,2.47,1.6,2.23,161,121.6,0.988,2022-10-28
2708842,58146333,"Pasta with tomato-based sauce, meat, and added vegetables, ready-to-heat",3204,"Pasta mixed dishes, excludes macaroni and cheese",,137,5.78,18.5,4.23,1.6,2.18,297,135.2,0.987,2022-10-28
2708840,58146331,"Pasta with tomato-based sauce, meat, and added vegetables, restaurant",3204,"Pasta mixed dishes, excludes macaroni and cheese",,176,5.47,17.52,9.15,1.5,2.07,348,174.3,0.990,2022-10-28
2708847,58146352,"Pasta with tomato-based sauce, poultry, and added vegetables, home recipe",3204,"Pasta mixed dishes, excludes macaroni and cheese",,116,6.08,18.92,1.63,1.6,2.23,160,114.7,0.989,2022-10-28
2708848,58146353,"Pasta with tomato-based sauce, poultry, and added vegetables, ready-to-heat",3204,"Pasta mixed dishes, excludes macaroni and cheese",,130,5.95,18.5,3.41,1.6,2.18,296,128.5,0.988,2022-10-28
2708846,58146351,"Pasta with tomato-based sauce, poultry, and added vegetables, restaurant",3204,"Pasta mixed dishes, excludes macaroni and cheese",,169,5.63,17.52,8.37,1.5,2.07,347,167.9,0.994,2022-10-28
2708832,58146223,"Pasta with tomato-based sauce, ready-to-heat",3204,"Pasta mixed dishes, excludes macaroni and cheese",,120,3.61,19.44,2.98,1.8,2.88,338,119.0,0.992,2022-10-28
2708830,58146221,"Pasta with tomato-based sauce, restaurant",3204,"Pasta mixed dishes, excludes macaroni and cheese",,160,3.41,18.41,7.97,1.7,2.72,387,159.0,0.994,2022-10-28
2708853,58146372,"Pasta with tomato-based sauce, seafood, and added vegetables, home recipe",3204,"Pasta mixed dishes, excludes macaroni and cheese",,111,5.62,19.18,1.09,1.6,2.23,171,109.0,0.982,2022-10-28
2708854,58146373,"Pasta with tomato-based sauce, seafood, and added vegetables, ready-to-heat",3204,"Pasta mixed dishes, excludes macaroni and cheese",,125,5.5,18.76,2.87,1.6,2.18,307,122.9,0.983,2022-10-28
2708852,58146371,"Pasta with tomato-based sauce, seafood, and added vegetables, restaurant",3204,"Pasta mixed dishes, excludes macaroni and cheese",,164,5.2,17.77,7.87,1.5,2.07,357,162.7,0.992,2022-10-28
2708827,58146160,"Pasta with vegetables, no sauce or dressing",3204,"Pasta mixed dishes, excludes macaroni and cheese",,144,4.46,23.1,3.54,2.3,1.24,148,142.1,0.987,2022-10-28
2708357,56130000,"Pasta, cooked",4004,"Pasta, noodles, cooked grains",,157,5.76,30.68,0.92,1.8,0.56,232,154.0,0.981,2022-10-28
2708359,56140100,"Pasta, gluten free",4004,"Pasta, noodles, cooked grains",,179,3.2,38.05,1,1.4,0,4,174.0,0.972,2022-10-28
2708351,56104000,"Pasta, vegetable, cooked",4004,"Pasta, noodles, cooked grains",,128,4.52,26.55,0.11,4.3,1.15,99,125.3,0.979,2022-10-28
2708358,56132990,"Pasta, whole grain, cooked",4004,"Pasta, noodles, cooked grains",,148,5.95,29.89,1.7,3.9,0.75,235,158.7,1.072,2022-10-28
2708910,58146702,"Pasta, whole grain, with cream sauce and meat, home recipe",3204,"Pasta mixed dishes, excludes macaroni and cheese",,160,6.24,16.28,8.27,2,0.74,252,164.5,1.028,2022-10-28
2708911,58146703,"Pasta, whole grain, with cream sauce and meat, ready-to-heat",3204,"Pasta mixed dishes, excludes macaroni and cheese",,172,6.11,15.93,9.9,2,0.73,387,177.3,1.031,2022-10-28
2708909,58146701,"Pasta, whole grain, with cream sauce and meat, restaurant",3204,"Pasta mixed dishes, excludes macaroni and cheese",,209,5.76,15.03,14.48,1.9,0.68,564,213.5,1.021,2022-10-28
2708916,58146722,"Pasta, whole grain, with cream sauce and poultry, home recipe",3204,"Pasta mixed dishes, excludes macaroni and cheese",,152,6.42,16.28,7.44,2,0.74,251,157.8,1.038,2022-10-28
2708917,58146723,"Pasta, whole grain, with cream sauce and poultry, ready-to-heat",3204,"Pasta mixed dishes, excludes macaroni and cheese",,165,6.28,15.93,9.09,2,0.73,386,170.7,1.034,2022-10-28
2708915,58146721,"Pasta, whole grain, with cream sauce and poultry, restaurant",3204,"Pasta mixed dishes, excludes macaroni and cheese",,202,5.92,15.03,13.7,1.9,0.68,563,207.1,1.025,2022-10-28
2708922,58146742,"Pasta, whole grain, with cream sauce and seafood, home recipe",3204,"Pasta mixed dishes, excludes macaroni and cheese",,147,5.95,16.55,6.89,2,0.74,262,152.0,1.034,2022-10-28
2708923,58146743,"Pasta, whole grain, with cream sauce and seafood, ready-to-heat",3204,"Pasta mixed dishes, excludes macaroni and cheese",,160,5.82,16.19,8.55,2,0.73,397,165.0,1.031,2022-10-28
2708921,58146741,"Pasta, whole grain, with cream sauce and seafood, restaurant",3204,"Pasta mixed dishes, excludes macaroni and cheese",,197,5.5,15.28,13.2,1.9,0.68,573,201.9,1.025,2022-10-28
2708907,58146692,"Pasta, whole grain, with cream sauce, and added vegetables, home recipe",3204,"Pasta mixed dishes, excludes macaroni and cheese",,136,4.1,16.87,6.44,2.2,1.08,206,141.8,1.043,2022-10-28
2708908,58146693,"Pasta, whole grain, with cream sauce, and added vegetables, ready-to-heat",3204,"Pasta mixed dishes, excludes macaroni and cheese",,149,4.01,16.5,8.12,2.1,1.06,342,155.1,1.041,2022-10-28
2708906,58146691,"Pasta, whole grain, with cream sauce, and added vegetables, restaurant",3204,"Pasta mixed dishes, excludes macaroni and cheese",,187,3.79,15.57,12.79,2,1,521,192.5,1.030,2022-10-28
2708904,58146682,"Pasta, whole grain, with cream sauce, home recipe",3204,"Pasta mixed dishes, excludes macaroni and cheese",,150,4.13,16.44,8.11,2,0.82,268,155.3,1.035,2022-10-28
2708913,58146712,"Pasta, whole grain, with cream sauce, meat, and added vegetables, home recipe",3204,"Pasta mixed dishes, excludes macaroni and cheese",,149,6.22,16.63,6.92,2.2,0.95,202,153.7,1.031,2022-10-28
2708914,58146713,"Pasta, whole grain, with cream sauce, meat, and added vegetables, ready-to-heat",3204,"Pasta mixed dishes, excludes macaroni and cheese",,162,6.09,16.27,8.58,2.1,0.93,338,166.7,1.029,2022-10-28
2708912,58146711,"Pasta, whole grain, with cream sauce, meat, and added vegetables, restaurant",3204,"Pasta mixed dishes, excludes macaroni and cheese",,199,5.74,15.35,13.23,2,0.88,517,203.4,1.022,2022-10-28
2708919,58146732,"Pasta, whole grain, with cream sauce, poultry, and added vegetables, home recipe",3204,"Pasta mixed dishes, excludes macaroni and cheese",,141,6.39,16.63,6.08,2.2,0.95,201,146.8,1.041,2022-10-28
2708920,58146733,"Pasta, whole grain, with cream sauce, poultry, and added vegetables, ready-to-heat",3204,"Pasta mixed dishes, excludes macaroni and cheese",,154,6.26,16.27,7.76,2.1,0.93,337,160.0,1.039,2022-10-28
2708918,58146731,"Pasta, whole grain, with cream sauce, poultry, and added vegetables, restaurant",3204,"Pasta mixed dishes, excludes macaroni and cheese",,192,5.9,15.35,12.45,2,0.88,516,197.1,1.026,2022-10-28
2708905,58146683,"Pasta, whole grain, with cream sauce, ready-to-heat",3204,"Pasta mixed dishes, excludes macaroni and cheese",,163,4.04,16.09,9.74,2,0.81,402,168.2,1.032,2022-10-28
2708903,58146681,"Pasta, whole grain, with cream sauce, restaurant",3204,"Pasta mixed dishes, excludes macaroni and cheese",,200,3.81,15.18,14.32,1.9,0.76,578,204.8,1.024,2022-10-28
2708925,58146752,"Pasta, whole grain, with cream sauce, seafood, and added vegetables, home recipe",3204,"Pasta mixed dishes, excludes macaroni and cheese",,136,5.93,16.89,5.54,2.2,0.95,212,141.1,1.038,2022-10-28
2708926,58146753,"Pasta, whole grain, with cream sauce, seafood, and added vegetables, ready-to-heat",3204,"Pasta mixed dishes, excludes macaroni and cheese",,149,5.8,16.53,7.23,2.1,0.93,348,154.4,1.036,2022-10-28
2708924,58146751,"Pasta, whole grain, with cream sauce, seafood, and added vegetables, restaurant",3204,"Pasta mixed dishes, excludes macaroni and cheese",,187,5.48,15.59,11.95,2,0.88,526,191.8,1.026,2022-10-28
2708883,58146612,"Pasta, whole grain, with tomato-based sauce and added vegetables, home recipe",3204,"Pasta mixed dishes, excludes macaroni and cheese",,99,3.84,19.18,1.47,2.9,2.78,157,105.3,1.064,2022-10-28
2708884,58146613,"Pasta, whole grain, with tomato-based sauce and added vegetables, ready-to-heat",3204,"Pasta mixed dishes, excludes macaroni and cheese",,114,3.76,18.76,3.25,2.8,2.72,294,119.3,1.047,2022-10-28
2708882,58146611,"Pasta, whole grain, with tomato-based sauce and added vegetables, restaurant",3204,"Pasta mixed dishes, excludes macaroni and cheese",,154,3.56,17.76,8.22,2.6,2.57,344,159.3,1.034,2022-10-28
2708886,58146622,"Pasta, whole grain, with tomato-based sauce and meat, home recipe",3204,"Pasta mixed dishes, excludes macaroni and cheese",,121,5.96,18.74,2.98,2.7,2.54,200,125.6,1.038,2022-10-28
2708887,58146623,"Pasta, whole grain, with tomato-based sauce and meat, ready-to-heat",3204,"Pasta mixed dishes, excludes macaroni and cheese",,134,5.83,18.33,4.73,2.7,2.48,336,139.2,1.039,2022-10-28
2708885,58146621,"Pasta, whole grain, with tomato-based sauce and meat, restaurant",3204,"Pasta mixed dishes, excludes macaroni and cheese",,174,5.52,17.36,9.62,2.5,2.35,385,178.1,1.024,2022-10-28
2708892,58146642,"Pasta, whole grain, with tomato-based sauce and poultry, home recipe",3204,"Pasta mixed dishes, excludes macaroni and cheese",,113,6.14,18.74,2.15,2.7,2.54,199,118.9,1.052,2022-10-28
2708893,58146643,"Pasta, whole grain, with tomato-based sauce and poultry, ready-to-heat",3204,"Pasta mixed dishes, excludes macaroni and cheese",,127,6,18.33,3.91,2.7,2.48,335,132.5,1.043,2022-10-28
2708891,58146641,"Pasta, whole grain, with tomato-based sauce and poultry, restaurant",3204,"Pasta mixed dishes, excludes macaroni and cheese",,167,5.68,17.36,8.85,2.5,2.35,384,171.8,1.029,2022-10-28
2708898,58146662,"Pasta, whole grain, with tomato-based sauce and seafood, home recipe",3204,"Pasta mixed dishes, excludes macaroni and cheese",,108,5.67,19.01,1.6,2.7,2.54,210,113.1,1.047,2022-10-28
2708899,58146663,"Pasta, whole grain, with tomato-based sauce and seafood, ready-to-heat",3204,"Pasta mixed dishes, excludes macaroni and cheese",,122,5.55,18.59,3.38,2.7,2.48,346,127.0,1.041,2022-10-28
2708897,58146661,"Pasta, whole grain, with tomato-based sauce and seafood, restaurant",3204,"Pasta mixed dishes, excludes macaroni and cheese",,162,5.26,17.61,8.34,2.5,2.35,394,166.5,1.028,2022-10-28
2708880,58146602,"Pasta, whole grain, with tomato-based sauce, home recipe",3204,"Pasta mixed dishes, excludes macaroni and cheese",,102,3.78,19.47,1.6,2.9,3.04,204,107.4,1.053,2022-10-28
2708889,58146632,"Pasta, whole grain, with tomato-based sauce, meat, and added vegetables, home recipe",3204,"Pasta mixed dishes, excludes macaroni and cheese",,119,6.01,18.51,2.88,2.7,2.33,162,124.0,1.042,2022-10-28
2708890,58146633,"Pasta, whole grain, with tomato-based sauce, meat, and added vegetables, ready-to-heat",3204,"Pasta mixed dishes, excludes macaroni and cheese",,133,5.88,18.1,4.62,2.6,2.28,299,137.5,1.034,2022-10-28
2708888,58146631,"Pasta, whole grain, with tomato-based sauce, meat, and added vegetables, restaurant",3204,"Pasta mixed dishes, excludes macaroni and cheese",,172,5.57,17.14,9.52,2.5,2.16,349,176.5,1.026,2022-10-28
2708895,58146652,"Pasta, whole grain, with tomato-based sauce, poultry, and added vegetables, home recipe",3204,"Pasta mixed dishes, excludes macaroni and cheese",,111,6.18,18.51,2.04,2.7,2.33,161,117.1,1.055,2022-10-28
2708896,58146653,"Pasta, whole grain, with tomato-based sauce, poultry, and added vegetables, ready-to-heat",3204,"Pasta mixed dishes, excludes macaroni and cheese",,125,6.05,18.1,3.8,2.6,2.28,298,130.8,1.046,2022-10-28
2708894,58146651,"Pasta, whole grain, with tomato-based sauce, poultry, and added vegetables, restaurant",3204,"Pasta mixed dishes, excludes macaroni and cheese",,165,5.72,17.14,8.75,2.5,2.16,349,170.2,1.031,2022-10-28
2708881,58146603,"Pasta, whole grain, with tomato-based sauce, ready-to-heat",3204,"Pasta mixed dishes, excludes macaroni and cheese",,116,3.7,19.05,3.38,2.8,2.97,340,121.4,1.047,2022-10-28
2708879,58146601,"Pasta, whole grain, with tomato-based sauce, restaurant",3204,"Pasta mixed dishes, excludes macaroni and cheese",,156,3.51,18.03,8.34,2.7,2.81,388,161.2,1.033,2022-10-28
2708901,58146672,"Pasta, whole grain, with tomato-based sauce, seafood, and added vegetables, home recipe",3204,"Pasta mixed dishes, excludes macaroni and cheese",,106,5.72,18.77,1.49,2.7,2.33,172,111.4,1.051,2022-10-28
2708902,58146673,"Pasta, whole grain, with tomato-based sauce, seafood, and added vegetables, ready-to-heat",3204,"Pasta mixed dishes, excludes macaroni and cheese",,120,5.59,18.36,3.27,2.6,2.28,309,125.2,1.044,2022-10-28
2708900,58146671,"Pasta, whole grain, with tomato-based sauce, seafood, and added vegetables, restaurant",3204,"Pasta mixed dishes, excludes macaroni and cheese",,160,5.3,17.39,8.24,2.5,2.16,359,164.9,1.031,2022-10-28
2706184,25221220,"Pastrami, made from any kind of meat, reduced fat",2602,Cold cuts and cured meats,,115,18.62,0.64,3.69,0,0.29,853,110.2,0.959,2022-10-28
2706183,25221215,"Pastrami, NFS",2602,Cold cuts and cured meats,,147,21.8,0.36,5.82,0,0.1,1078,141.0,0.959,2022-10-28
2708726,58124210,"Pastry, cheese-filled",5506,"Doughnuts, sweet rolls, pastries",,274,9.92,15.44,19.19,0.4,2.19,531,274.1,1.001,2022-10-28
2708050,53452150,"Pastry, Chinese, made with rice flour",5506,"Doughnuts, sweet rolls, pastries",,242,2.78,45.05,6,0.5,19.09,9,245.3,1.014,2022-10-28
2708051,53452170,"Pastry, cookie type, fried",5506,"Doughnuts, sweet rolls, pastries",fried,397,5.97,35.48,25.7,1,12.88,67,397.1,1.000,2022-10-28
2708727,58124220,"Pastry, egg and cheese filled",3208,Turnovers and other grain-based items,,349,8.38,43.76,15.66,1.6,6.18,216,349.5,1.001,2022-10-28
2708047,53452100,"Pastry, fruit-filled",5506,"Doughnuts, sweet rolls, pastries",,400,4.76,54.43,19.61,4,25.92,8,413.2,1.033,2022-10-28
2708052,53452200,"Pastry, Italian, with cheese",5506,"Doughnuts, sweet rolls, pastries",,267,7.52,35.06,10.94,0.8,13.08,67,268.8,1.007,2022-10-28
2708048,53452120,"Pastry, made with bean or lotus seed paste filling, baked",5506,"Doughnuts, sweet rolls, pastries",baked,340,6.99,68.1,4.45,2.7,36.49,87,340.4,1.001,2022-10-28
2708049,53452130,"Pastry, made with bean paste and salted egg yolk filling, baked",5506,"Doughnuts, sweet rolls, pastries",baked,339,8.59,56.98,8.61,2.2,30.54,545,339.8,1.002,2022-10-28
2708056,53452500,"Pastry, mainly flour and water, fried",5506,"Doughnuts, sweet rolls, pastries",fried,434,7.75,59.25,18.11,3.7,15.68,659,431.0,0.993,2022-10-28
2708728,58124230,"Pastry, meat / poultry-filled",3208,Turnovers and other grain-based items,,341,11.46,30.89,19.18,1.1,4.63,398,342.0,1.003,2022-10-28
2708053,53452400,"Pastry, puff",5506,"Doughnuts, sweet rolls, pastries",,558,7.4,45.7,38.5,1.5,0.75,253,558.9,1.002,2022-10-28
2708054,53452420,"Pastry, puff, custard or cream filled, iced or not iced",5506,"Doughnuts, sweet rolls, pastries",,410,5.68,30.09,29.72,0.8,4.7,165,410.6,1.001,2022-10-28
2710056,75416500,Pea salad,6432,"Coleslaw, non-lettuce salads",,180,2.98,10.64,14.02,2.7,4.9,253,180.7,1.004,2022-10-28
2710057,75416600,Pea salad with cheese,6432,"Coleslaw, non-lettuce salads",,203,5,9.82,16.01,2.4,4.44,293,203.4,1.002,2022-10-28
2709346,64205010,Peach nectar,7204,Fruit drinks,,49,0.1,11.61,0.57,0.1,12.08,11,52.0,1.061,2022-10-28
2709251,63135140,"Peach, canned, in syrup",6008,Peaches and nectarines,,54,0.4,13.59,0.08,1.2,12.41,3,56.7,1.050,2022-10-28
2709252,63135170,"Peach, canned, juice pack",6008,Peaches and nectarines,,41,0.45,10.3,0.1,1.2,8.89,6,43.9,1.071,2022-10-28
2709250,63135110,"Peach, canned, NFS",6008,Peaches and nectarines,,48,0.43,11.94,0.09,1.2,10.65,4,50.3,1.048,2022-10-28
2709207,62116100,"Peach, dried",6016,Dried fruits,dried,239,3.61,61.33,0.76,8.2,41.74,7,266.6,1.115,2022-10-28
2709253,63135620,"Peach, frozen",6008,Peaches and nectarines,,46,0.91,10.1,0.27,1.5,8.39,13,46.5,1.010,2022-10-28
2709249,63135010,"Peach, raw",6008,Peaches and nectarines,raw,46,0.91,10.1,0.27,1.5,8.39,13,46.5,1.010,2022-10-28
2707537,42202000,Peanut butter,2804,Nuts and seeds,,598,22.21,22.31,51.36,5,10.49,426,640.3,1.071,2022-10-28
2707544,42203100,Peanut butter and chocolate spread,2804,Nuts and seeds,,498,11.66,42.76,34.48,3,34.1,304,528.0,1.060,2022-10-28
2707543,42203000,Peanut butter and jelly,2804,Nuts and seeds,,432,11.18,46.13,25.69,3,30.86,228,460.5,1.066,2022-10-28
2707561,42303100,"Peanut butter and jelly sandwich, frozen commercial product without crusts",3722,Peanut butter and jelly sandwiches,,361,11.42,45.22,16.6,2.8,15,368,376.0,1.041,2022-10-28
2707554,42302010,"Peanut butter and jelly sandwich, NFS",3722,Peanut butter and jelly sandwiches,,361,11.42,45.22,16.6,2.8,15,368,376.0,1.041,2022-10-28
2707558,42302060,"Peanut butter and jelly sandwich, with reduced fat peanut butter, on wheat bread",3722,Peanut butter and jelly sandwiches,,337,13.53,47.01,11.85,4.6,14.59,395,348.8,1.035,2022-10-28
2707557,42302055,"Peanut butter and jelly sandwich, with reduced fat peanut butter, on white bread",3722,Peanut butter and jelly sandwiches,,339,12.48,49.03,11.64,2.9,14.66,401,350.8,1.035,2022-10-28
2707560,42302110,"Peanut butter and jelly sandwich, with regular peanut butter, reduced sugar jelly, on wheat bread",3722,Peanut butter and jelly sandwiches,,339,12.45,37.42,16.82,4.6,11.04,357,350.9,1.035,2022-10-28
2707559,42302105,"Peanut butter and jelly sandwich, with regular peanut butter, reduced sugar jelly, on white bread",3722,Peanut butter and jelly sandwiches,,341,11.4,39.45,16.61,2.9,11.11,363,352.9,1.035,2022-10-28
2707556,42302020,"Peanut butter and jelly sandwich, with regular peanut butter, regular jelly, on wheat bread",3722,Peanut butter and jelly sandwiches,,360,12.48,43.2,16.81,4.5,14.93,363,374.0,1.039,2022-10-28
2707555,42302015,"Peanut butter and jelly sandwich, with regular peanut butter, regular jelly, on white bread",3722,Peanut butter and jelly sandwiches,,361,11.42,45.22,16.6,2.8,15,368,376.0,1.041,2022-10-28
2707549,42301010,"Peanut butter sandwich, NFS",3722,Peanut butter and jelly sandwiches,,382,13.88,39.85,20.21,3.2,7.13,442,396.8,1.039,2022-10-28
2707553,42301120,"Peanut butter sandwich, with reduced fat peanut butter, on wheat bread",3722,Peanut butter and jelly sandwiches,,353,16.44,42.02,14.42,5.3,6.62,475,363.6,1.030,2022-10-28
2707552,42301115,"Peanut butter sandwich, with reduced fat peanut butter, on white bread",3722,Peanut butter and jelly sandwiches,,355,15.16,44.49,14.17,3.3,6.71,481,366.1,1.031,2022-10-28
2707551,42301020,"Peanut butter sandwich, with regular peanut butter, on wheat bread",3722,Peanut butter and jelly sandwiches,,380,15.16,37.38,20.46,5.3,7.04,435,394.3,1.038,2022-10-28
2707550,42301015,"Peanut butter sandwich, with regular peanut butter, on white bread",3722,Peanut butter and jelly sandwiches,,382,13.88,39.85,20.21,3.2,7.13,442,396.8,1.039,2022-10-28
2707538,42202010,"Peanut butter, lower sodium",2804,Nuts and seeds,,598,22.21,22.31,51.36,5,10.49,17,640.3,1.071,2022-10-28
2707539,42202100,"Peanut butter, lower sodium and lower sugar",2804,Nuts and seeds,,624,23.5,18.27,53.12,6.4,8.42,154,645.2,1.034,2022-10-28
2707540,42202130,"Peanut butter, lower sugar",2804,Nuts and seeds,,650,24.8,14.23,54.89,7.8,6.35,292,650.1,1.000,2022-10-28
2707541,42202150,"Peanut butter, reduced fat",2804,Nuts and seeds,,520,25.9,35.65,34,5.2,9.28,540,552.2,1.062,2022-10-28
2707542,42202200,"Peanut butter, vitamin and mineral fortified",2804,Nuts and seeds,,591,25.72,18.75,50.81,5.6,10.47,420,635.2,1.075,2022-10-28
2710187,82105000,Peanut oil,8012,Salad dressings and vegetable oils,,900,0,0,100,0,0,0,900.0,1.000,2022-10-28
2707546,42204050,Peanut sauce,8412,"Dips, gravies, other sauces",,257,6.31,22.02,16.02,1.8,17.07,1338,257.5,1.002,2022-10-28
2707513,42111030,"Peanuts, boiled",2804,Nuts and seeds,boiled,318,13.5,21.26,22.01,8.8,2.47,751,337.1,1.060,2022-10-28
2710356,91731000,"Peanuts, chocolate covered candy",5702,Candy containing chocolate,,556,14.33,44.14,37.66,5.4,32.86,50,572.8,1.030,2022-10-28
2707518,42111205,"Peanuts, dry roasted, lightly salted",2804,Nuts and seeds,,584,24.23,21.15,49.41,8.4,4.88,199,626.2,1.072,2022-10-28
2707517,42111200,"Peanuts, dry roasted, salted",2804,Nuts and seeds,,587,24.35,21.26,49.66,8.4,4.9,410,629.4,1.072,2022-10-28
2707519,42111210,"Peanuts, dry roasted, unsalted",2804,Nuts and seeds,,587,24.35,21.26,49.66,8.4,4.9,6,629.4,1.072,2022-10-28
2707520,42111500,"Peanuts, honey roasted",2804,Nuts and seeds,,574,20.7,30.02,45.25,7.1,16.14,349,610.1,1.063,2022-10-28
2707512,42111000,"Peanuts, NFS",2804,Nuts and seeds,,587,24.35,21.26,49.66,8.4,4.9,410,629.4,1.072,2022-10-28
2707515,42111100,"Peanuts, roasted, salted",2804,Nuts and seeds,roasted,599,28.03,15.26,52.5,9.4,4.18,320,645.7,1.078,2022-10-28
2707516,42111110,"Peanuts, roasted, unsalted",2804,Nuts and seeds,roasted,599,28.03,15.26,52.5,9.4,4.18,6,645.7,1.078,2022-10-28
2707514,42111040,"Peanuts, unroasted",2804,Nuts and seeds,,567,25.8,16.13,49.24,8.5,4.72,18,610.9,1.077,2022-10-28
2709349,64215010,Pear nectar,7204,Fruit drinks,,60,0.11,15.76,0.01,0.6,15.16,4,63.6,1.060,2022-10-28
2709255,63137050,"Pear, Asian, raw",6020,Pears,raw,42,0.5,10.65,0.23,3.6,7.05,0,46.7,1.111,2022-10-28
2709257,63137140,"Pear, canned, in syrup",6020,Pears,,59,0.18,15.15,0.05,1.5,13.6,2,61.8,1.047,2022-10-28
2709258,63137170,"Pear, canned, juice pack",6020,Pears,,45,0.23,11.79,0.07,1.5,10.03,5,48.7,1.082,2022-10-28
2709256,63137110,"Pear, canned, NFS",6020,Pears,,52,0.2,13.47,0.06,1.5,11.81,3,55.2,1.062,2022-10-28
2709208,62119100,"Pear, dried",6016,Dried fruits,dried,262,1.87,69.7,0.63,7.5,62.2,6,292.0,1.114,2022-10-28
2709254,63137010,"Pear, raw",6020,Pears,raw,59,0.37,15.18,0.15,3.1,9.73,3,63.5,1.077,2022-10-28
2709690,73111223,"Peas and carrots, canned, cooked, fat added",6420,Other vegetables and combinations,,68,2.49,8.21,3.03,3.1,2.66,259,70.1,1.030,2022-10-28
2709686,73111213,"Peas and carrots, canned, cooked, no added fat",6420,Other vegetables and combinations,,46,2.56,8.45,0.5,3.2,2.74,258,48.5,1.055,2022-10-28
2709687,73111220,"Peas and carrots, cooked, NS as to form",6420,Other vegetables and combinations,,89,3.22,12.47,3.03,4.4,5.25,172,90.0,1.012,2022-10-28
2709688,73111221,"Peas and carrots, fresh, cooked, fat added",6420,Other vegetables and combinations,raw,89,3.22,12.47,3.03,4.4,5.25,172,90.0,1.012,2022-10-28
2709684,73111211,"Peas and carrots, fresh, cooked, no added fat",6420,Other vegetables and combinations,raw,67,3.3,12.84,0.39,4.6,5.41,168,68.1,1.016,2022-10-28
2709689,73111222,"Peas and carrots, frozen, cooked, fat added",6420,Other vegetables and combinations,,80,2.89,10.74,2.9,3.7,4.17,188,80.6,1.008,2022-10-28
2709685,73111212,"Peas and carrots, frozen, cooked, no added fat",6420,Other vegetables and combinations,,58,2.97,11.06,0.37,3.8,4.29,185,59.5,1.025,2022-10-28
2710027,75315020,"Peas and corn, cooked, fat added",6418,Other starchy vegetables,,100,3.74,16.25,3,3.3,3.62,156,107.0,1.070,2022-10-28
2710026,75315010,"Peas and corn, cooked, no added fat",6418,Other starchy vegetables,,79,3.84,16.73,0.47,3.4,3.72,152,86.5,1.095,2022-10-28
2707525,42112300,"Pecans, honey roasted",2804,Nuts and seeds,,681,6.71,30.25,59.31,3.9,24.41,383,681.6,1.001,2022-10-28
2707521,42112000,"Pecans, NFS",2804,Nuts and seeds,,750,9.96,12.7,73.28,5.8,3.97,0,750.2,1.000,2022-10-28
2707523,42112200,"Pecans, salted",2804,Nuts and seeds,,747,9.57,12.2,73.35,5.6,3.81,383,747.2,1.000,2022-10-28
2707522,42112100,"Pecans, unroasted",2804,Nuts and seeds,,750,9.96,12.7,73.28,5.8,3.97,0,750.2,1.000,2022-10-28
2707524,42112210,"Pecans, unsalted",2804,Nuts and seeds,,754,9.66,12.32,74.08,5.6,3.85,0,754.6,1.001,2022-10-28
2706747,27416150,Pepper steak,3002,Meat mixed dishes,,145,11.88,4.34,9.12,0.7,1.67,244,147.0,1.014,2022-10-28
2710253,89902050,"Pepper, for use on a sandwich",6489,Vegetables on a sandwich,,27,0.81,5.72,0.12,1,3.3,0,27.2,1.007,2022-10-28
2706185,25221250,"Pepperoni, NFS",2602,Cold cuts and cured meats,,504,19.25,1.18,46.28,0,0,1582,498.2,0.989,2022-10-28
2706186,25221255,"Pepperoni, reduced fat",2602,Cold cuts and cured meats,,378,21.07,0.72,31.65,0,0.26,1756,372.0,0.984,2022-10-28
2706187,25221260,"Pepperoni, reduced sodium",2602,Cold cuts and cured meats,,504,19.25,1.18,46.28,0,0,1187,498.2,0.989,2022-10-28
2710011,75307000,"Peppers and onions, cooked, fat added",6420,Other vegetables and combinations,,59,1.04,8.14,2.66,1.5,3.99,123,60.7,1.028,2022-10-28
2710010,75306998,"Peppers and onions, cooked, no added fat",6420,Other vegetables and combinations,,37,1.06,8.38,0.12,1.5,4.1,118,38.8,1.050,2022-10-28
2709802,75124000,"Peppers, banana, raw",6420,Other vegetables and combinations,raw,27,1.66,5.35,0.45,3.4,1.95,13,32.1,1.189,2022-10-28
2709976,75226020,"Peppers, green, cooked",6420,Other vegetables and combinations,,47,0.74,4.83,2.76,0.9,2.42,126,47.1,1.003,2022-10-28
2709978,75226111,"Peppers, hot, cooked",8406,Mustard and other condiments,,59,1.41,7.72,3.06,2.2,4.76,132,64.1,1.086,2022-10-28
2710095,75511040,"Peppers, hot, pickled",8408,"Olives, pickles, pickled vegetables",,22,0.8,4.56,0.4,2.6,1.6,1430,25.0,1.138,2022-10-28
2709798,75121000,"Peppers, hot, raw",8406,Mustard and other condiments,raw,34,1.39,7.66,0.4,2.2,4.71,6,39.8,1.171,2022-10-28
2710096,75511050,"Peppers, jalapenos",6420,Other vegetables and combinations,,26,0.86,5.53,0.38,2.7,2.86,716,29.0,1.115,2022-10-28
2709799,75122000,"Peppers, raw, NFS",6420,Other vegetables and combinations,raw,27,0.81,5.72,0.12,1,3.3,0,27.2,1.007,2022-10-28
2709977,75226060,"Peppers, red, cooked",6406,Other red and orange vegetables,,55,0.92,6.71,2.78,1.2,4.24,126,55.5,1.010,2022-10-28
2709800,75122100,"Peppers, sweet, green, raw",6420,Other vegetables and combinations,raw,23,0.72,4.78,0.11,0.9,2.4,0,23.0,1.000,2022-10-28
2710094,75511020,"Peppers, sweet, pickled",8408,"Olives, pickles, pickled vegetables",,43,0.67,9.6,0.12,0.9,7.61,944,42.2,0.980,2022-10-28
2709801,75122200,"Peppers, sweet, red, raw",6406,Other red and orange vegetables,raw,31,0.9,6.65,0.13,1.2,4.2,0,31.4,1.012,2022-10-28
2709209,62120000,"Persimmon, dried",6016,Dried fruits,dried,374,1.54,96.07,0.66,9.6,80.06,3,396.4,1.060,2022-10-28
2709259,63139010,"Persimmon, raw",6018,Other fruits and fruit salads,raw,70,0.58,18.59,0.19,3.6,12.53,1,78.4,1.120,2022-10-28
2707387,41106510,"Peruvian beans, from dried",2802,"Beans, peas, legumes",,192,8.51,23.49,7.51,9.7,0.32,220,195.6,1.019,2022-10-28
2710175,81302070,Pesto sauce,8412,"Dips, gravies, other sauces",,580,8.61,5.67,59.17,1,0.7,988,589.6,1.017,2022-10-28
2706150,24404100,"Pheasant, cooked",2206,"Turkey, duck, other poultry",,238,32.26,0,12.05,0,0,205,237.5,0.998,2022-10-28
2706204,25221950,Pickled sausage,2608,Sausages,,314,18.06,2.13,25.99,0,1.45,1067,314.7,1.002,2022-10-28
2710078,75503010,"Pickles, dill",8408,"Olives, pickles, pickled vegetables",,14,0.48,1.99,0.43,1,1.28,808,13.8,0.982,2022-10-28
2710098,75511300,"Pickles, fried",6430,Fried vegetables,fried,213,3.44,20.7,12.91,1.2,0.82,620,212.8,0.999,2022-10-28
2710097,75511100,"Pickles, NFS",8408,"Olives, pickles, pickled vegetables",,14,0.48,1.99,0.43,1,1.28,808,13.8,0.982,2022-10-28
2710080,75503040,"Pickles, sweet",8408,"Olives, pickles, pickled vegetables",,91,0.58,21.15,0.41,1,18.27,457,90.6,0.996,2022-10-28
2708017,53391000,Pie shell,5502,Cakes and pies,,508,6.5,56.24,28.59,3.3,4.23,467,508.3,1.001,2022-10-28
2708018,53391100,"Pie shell, graham cracker",5502,Cakes and pies,,501,5.1,64.3,24.83,1.9,18.13,471,501.1,1.000,2022-10-28
2707995,53301000,"Pie, apple",5502,Cakes and pies,,296,2.7,37.55,15.28,1.8,15.92,217,298.5,1.009,2022-10-28
2707996,53301070,"Pie, apple, fast food",5502,Cakes and pies,,316,3,42.6,16.1,2.6,21.4,333,327.3,1.036,2022-10-28
2708004,53341000,"Pie, banana cream",5502,Cakes and pies,,284,2.42,32.35,16.17,0.7,19.13,168,284.6,1.002,2022-10-28
2707997,53303500,"Pie, berry",5502,Cakes and pies,,306,3.16,39.53,15.43,3.6,16.49,217,309.6,1.012,2022-10-28
2707998,53304000,"Pie, blueberry",5502,Cakes and pies,,300,2.82,37.95,15.52,2.5,15.49,217,302.8,1.009,2022-10-28
2707999,53305000,"Pie, cherry",5502,Cakes and pies,,311,2.95,40.93,15.3,1.9,19.53,217,313.2,1.007,2022-10-28
2708005,53342000,"Pie, chocolate cream",5502,Cakes and pies,,291,2.75,32.51,16.71,0.7,19.28,167,291.4,1.001,2022-10-28
2708006,53343000,"Pie, coconut cream",5502,Cakes and pies,,297,2.55,31.96,17.83,1.1,18.66,169,298.5,1.005,2022-10-28
2708007,53344000,"Pie, custard",5502,Cakes and pies,,210,5.5,20.8,11.6,1.6,11.58,275,209.6,0.998,2022-10-28
2708001,53305800,"Pie, key lime",5502,Cakes and pies,,322,5.78,42.16,14.92,0.3,35.88,182,326.0,1.013,2022-10-28
2708000,53305700,"Pie, lemon",5502,Cakes and pies,,280,2.41,31.48,16.16,0.7,18.42,169,281.0,1.004,2022-10-28
2708014,53381000,"Pie, lemon meringue",5502,Cakes and pies,,294,4.53,43.69,11.34,1.1,26.43,179,294.9,1.003,2022-10-28
2707993,53300100,"Pie, NFS",5502,Cakes and pies,,296,2.7,37.55,15.28,1.8,15.92,217,298.5,1.009,2022-10-28
2708016,53385500,"Pie, oatmeal",5502,Cakes and pies,,396,6.14,56.92,16.02,2.2,32.08,315,396.4,1.001,2022-10-28
2708002,53307000,"Pie, peach",5502,Cakes and pies,,296,2.83,37.11,15.28,1.9,15.69,219,297.3,1.004,2022-10-28
2708009,53346000,"Pie, peanut butter cream",5502,Cakes and pies,,421,5.92,33.09,30.13,1.1,21.71,236,427.2,1.015,2022-10-28
2708015,53385000,"Pie, pecan",5502,Cakes and pies,,449,6.02,49.46,25.25,1.9,31.01,299,449.2,1.000,2022-10-28
2708010,53346500,"Pie, pineapple cream",5502,Cakes and pies,,274,2.36,31.18,15.57,0.7,18.64,168,274.3,1.001,2022-10-28
2708011,53347000,"Pie, pumpkin",5502,Cakes and pies,,249,4.76,36.34,9.78,1.7,24.55,252,252.4,1.014,2022-10-28
2708003,53312000,"Pie, strawberry",5502,Cakes and pies,,289,2.88,44.22,11.6,2.2,22.59,189,292.8,1.013,2022-10-28
2708012,53360000,"Pie, sweet potato",5502,Cakes and pies,,269,4.96,41.08,9.75,1.3,25.16,269,271.9,1.011,2022-10-28
2708013,53365000,"Pie, vanilla cream",5502,Cakes and pies,,286,2.46,32.33,16.34,0.7,19.19,176,286.2,1.001,2022-10-28
2708720,58121610,Pierogi,3208,Turnovers and other grain-based items,,195,5.26,29.64,6.14,0.9,1.75,474,194.9,0.999,2022-10-28
2707045,27560350,Pig in a blanket,3703,Frankfurter sandwiches,,310,11.42,19.22,20.85,0.7,2.68,708,310.2,1.001,2022-10-28
2709979,75226700,Pimiento,8406,Mustard and other condiments,,28,1.35,6.24,0.37,2.3,3.32,17,33.7,1.203,2022-10-28
2710662,93301200,Pina Colada,7506,Liquor and cocktails,,151,0.36,19.48,2.14,0.1,17.58,6,98.6,0.653,2022-10-28
2710574,92512090,"Pina Colada, nonalcoholic",7204,Fruit drinks,,128,0.47,25.64,2.79,0.2,23.17,8,129.6,1.012,2022-10-28
2707526,42113000,Pine nuts,2804,Nuts and seeds,,673,13.69,13.08,68.37,3.7,3.59,2,722.4,1.073,2022-10-28
2709329,64124020,"Pineapple juice, 100%",7006,Other fruit juice,,53,0.36,12.87,0.12,0.2,9.98,2,54.0,1.019,2022-10-28
2709310,63413010,Pineapple salad with dressing,6018,Other fruits and fruit salads,,105,0.5,12.79,5.79,0.8,10.35,48,105.3,1.003,2022-10-28
2709262,63141140,"Pineapple, canned, in syrup",6022,Pineapple,,62,0.4,15.6,0.11,0.7,14.88,1,65.0,1.048,2022-10-28
2709263,63141170,"Pineapple, canned, juice pack",6022,Pineapple,,48,0.44,12.22,0.12,0.8,11.26,4,51.7,1.077,2022-10-28
2709261,63141110,"Pineapple, canned, NFS",6022,Pineapple,,55,0.42,13.91,0.12,0.7,13.07,2,58.4,1.062,2022-10-28
2709210,62120100,"Pineapple, dried",6016,Dried fruits,dried,347,1.22,84.11,0.71,2.4,77.12,0,347.7,1.002,2022-10-28
2709264,63141200,"Pineapple, frozen",6022,Pineapple,,60,0.46,14.09,0.21,0.9,11.42,0,60.1,1.002,2022-10-28
2709260,63141010,"Pineapple, raw",6022,Pineapple,raw,60,0.46,14.09,0.21,0.9,11.42,0,60.1,1.002,2022-10-28
2707370,41103070,"Pink beans, cooked",2802,"Beans, peas, legumes",,197,8.42,25.94,6.96,4.9,0.34,218,200.1,1.016,2022-10-28
2709036,58161323,Pinto beans and brown rice,3102,"Bean, pea, legume dishes",,164,6,24.92,4.71,5.4,0.28,211,166.1,1.013,2022-10-28
2708989,58160106,"Pinto beans and rice, from fast food / restaurant",3102,"Bean, pea, legume dishes",,188,5.9,25.02,7.15,5,0.2,296,188.0,1.000,2022-10-28
2708995,58160156,Pinto beans and white rice,3102,"Bean, pea, legume dishes",,167,6.09,25.82,4.38,5.2,0.21,228,167.1,1.000,2022-10-28
2707378,41104250,Pinto beans with meat,2802,"Beans, peas, legumes",,186,10.73,21.07,6.9,7.2,0.38,275,189.3,1.018,2022-10-28
2707374,41104040,"Pinto beans, from canned, fat added",2802,"Beans, peas, legumes",,188,7.37,24.33,7.13,7.4,1.64,303,191.0,1.016,2022-10-28
2707375,41104080,"Pinto beans, from canned, no added fat",2802,"Beans, peas, legumes",,137,7.66,25.27,0.93,7.7,1.7,315,140.1,1.023,2022-10-28
2707376,41104110,"Pinto beans, from canned, reduced sodium",2802,"Beans, peas, legumes",,188,7.38,24.35,7.14,7.4,1.64,234,191.2,1.017,2022-10-28
2707372,41104010,"Pinto beans, from dried, fat added",2802,"Beans, peas, legumes",,191,8.37,24.37,7.11,8.4,0.32,217,195.0,1.021,2022-10-28
2707373,41104020,"Pinto beans, from dried, no added fat",2802,"Beans, peas, legumes",,142,8.96,26.06,0.65,8.9,0.34,232,145.9,1.028,2022-10-28
2707377,41104200,"Pinto beans, from fast food / restaurant",2802,"Beans, peas, legumes",,210,8.12,23.62,9.6,8.1,0.31,350,213.4,1.016,2022-10-28
2707371,41103990,"Pinto beans, NFS",2802,"Beans, peas, legumes",,191,8.37,24.37,7.11,8.4,0.32,217,195.0,1.021,2022-10-28
2707529,42114142,"Pistachio nuts, lightly salted",2804,Nuts and seeds,,579,20.32,27.3,47.21,9.9,7.47,198,615.4,1.063,2022-10-28
2707527,42114130,"Pistachio nuts, NFS",2804,Nuts and seeds,,572,21.05,28.28,45.82,10.3,7.74,6,609.7,1.066,2022-10-28
2707528,42114140,"Pistachio nuts, salted",2804,Nuts and seeds,,576,20.22,27.16,46.98,9.9,7.43,389,612.3,1.063,2022-10-28
2707530,42114145,"Pistachio nuts, unsalted",2804,Nuts and seeds,,582,20.42,27.43,47.44,10,7.51,6,618.4,1.062,2022-10-28
2708215,54402700,Pita chips,5202,"Crackers, excludes saltines",,457,11.79,68.26,15.2,3.8,4.76,854,457.0,1.000,2022-10-28
2708686,58108050,Pizza rolls,3602,Pizza,,345,9.19,53.39,10.5,1.3,3.94,631,344.8,0.999,2022-10-28
2708673,58106830,"Pizza with beans and vegetables, thick crust",3602,Pizza,,225,9.46,28.64,8.18,2.8,2.97,441,226.0,1.005,2022-10-28
2708672,58106820,"Pizza with beans and vegetables, thin crust",3602,Pizza,,203,9.29,26.88,6.63,3.2,2.97,401,204.4,1.007,2022-10-28
2708630,58106347,"Pizza with cheese and extra vegetables, medium crust",3602,Pizza,,221,9.29,27.63,8.22,2.1,3.37,463,221.7,1.003,2022-10-28
2708631,58106350,"Pizza with cheese and extra vegetables, thick crust",3602,Pizza,,240,9.51,29.44,9.46,2.1,3.23,490,240.9,1.004,2022-10-28
2708629,58106345,"Pizza with cheese and extra vegetables, thin crust",3602,Pizza,,208,8.68,25.98,7.8,2.1,3.31,441,208.8,1.004,2022-10-28
2708668,58106738,"Pizza with extra meat and extra vegetables, medium crust",3602,Pizza,,233,11.42,25.98,9.29,2,3.09,473,233.2,1.001,2022-10-28
2708667,58106737,"Pizza with extra meat and extra vegetables, thick crust",3602,Pizza,,239,10.97,26.42,9.97,1.9,2.94,478,239.3,1.001,2022-10-28
2708666,58106736,"Pizza with extra meat and extra vegetables, thin crust",3602,Pizza,,222,11.43,23.67,9.16,1.9,2.94,452,222.8,1.004,2022-10-28
2708658,58106655,"Pizza with extra meat, medium crust",3602,Pizza,,274,13.85,26.62,12.4,1.8,2.92,571,273.5,0.998,2022-10-28
2708659,58106660,"Pizza with extra meat, thick crust",3602,Pizza,,278,13.33,26.64,13.02,1.8,2.74,571,277.1,0.997,2022-10-28
2708657,58106650,"Pizza with extra meat, thin crust",3602,Pizza,,277,14.72,24.25,13.36,1.7,2.68,582,276.1,0.997,2022-10-28
2708670,58106755,"Pizza with meat and fruit, medium crust",3602,Pizza,,234,10.98,28.21,8.59,1.9,4.01,560,234.1,1.000,2022-10-28
2708671,58106760,"Pizza with meat and fruit, thick crust",3602,Pizza,,245,10.58,29.14,9.53,1.9,3.72,556,244.6,0.999,2022-10-28
2708669,58106750,"Pizza with meat and fruit, thin crust",3602,Pizza,,227,10.88,27.01,8.34,1.8,4.12,565,226.6,0.998,2022-10-28
2708661,58106702,"Pizza with meat and vegetables, from frozen, medium crust",3602,Pizza,,276,11.28,25.14,14.43,2.2,4.85,555,275.6,0.998,2022-10-28
2708662,58106705,"Pizza with meat and vegetables, from frozen, thick crust",3602,Pizza,,276,11.28,25.14,14.43,2.2,4.85,555,275.6,0.998,2022-10-28
2708660,58106700,"Pizza with meat and vegetables, from frozen, thin crust",3602,Pizza,,276,11.28,25.14,14.43,2.2,4.85,555,275.6,0.998,2022-10-28
2708664,58106725,"Pizza with meat and vegetables, from restaurant or fast food, medium crust",3602,Pizza,,248,11.5,28.38,9.83,2,3.37,484,248.0,1.000,2022-10-28
2708665,58106730,"Pizza with meat and vegetables, from restaurant or fast food, thick crust",3602,Pizza,,259,10.94,30.11,10.53,2,3.23,505,259.0,1.000,2022-10-28
2708663,58106720,"Pizza with meat and vegetables, from restaurant or fast food, thin crust",3602,Pizza,,241,11.55,26.62,9.87,1.9,3.29,464,241.5,1.002,2022-10-28
2708647,58106604,"Pizza with meat other than pepperoni, from frozen, medium crust",3602,Pizza,,269,11.55,27.33,12.54,2.4,3.51,477,268.4,0.998,2022-10-28
2708648,58106606,"Pizza with meat other than pepperoni, from frozen, thick crust",3602,Pizza,,270,10.75,27.68,12.98,2.1,3.46,463,270.5,1.002,2022-10-28
2708646,58106602,"Pizza with meat other than pepperoni, from frozen, thin crust",3602,Pizza,,267,12.34,26.98,12.1,2.8,3.56,491,266.2,0.997,2022-10-28
2708651,58106625,"Pizza with meat other than pepperoni, from restaurant or fast food, medium crust",3602,Pizza,,280,11.5,30.62,12.35,2.3,3.32,570,279.6,0.999,2022-10-28
2708649,58106610,"Pizza with meat other than pepperoni, from restaurant or fast food, NS as to type of crust",3602,Pizza,,280,11.5,30.62,12.35,2.3,3.32,570,279.6,0.999,2022-10-28
2708652,58106630,"Pizza with meat other than pepperoni, from restaurant or fast food, thick crust",3602,Pizza,,282,11.06,30.36,12.94,2.3,2.82,570,282.1,1.000,2022-10-28
2708650,58106620,"Pizza with meat other than pepperoni, from restaurant or fast food, thin crust",3602,Pizza,,280,11.5,30.62,12.35,2.3,3.32,570,279.6,0.999,2022-10-28
2708636,58106514,"Pizza with pepperoni, from frozen, medium crust",3602,Pizza,,275,11.46,27.8,13.07,2.5,3.49,504,274.7,0.999,2022-10-28
2708637,58106516,"Pizza with pepperoni, from frozen, thick crust",3602,Pizza,,276,10.66,28.08,13.43,2.1,3.45,485,275.8,0.999,2022-10-28
2708635,58106512,"Pizza with pepperoni, from frozen, thin crust",3602,Pizza,,274,12.25,27.52,12.71,2.9,3.54,523,273.5,0.998,2022-10-28
2708640,58106555,"Pizza with pepperoni, from restaurant or fast food,  medium crust",3602,Pizza,,282,11.74,31.98,11.91,2.3,3.26,620,282.1,1.000,2022-10-28
2708638,58106540,"Pizza with pepperoni, from restaurant or fast food, NS as to type of crust",3602,Pizza,,282,11.74,31.98,11.91,2.3,3.26,620,282.1,1.000,2022-10-28
2708641,58106560,"Pizza with pepperoni, from restaurant or fast food, thick crust",3602,Pizza,,287,11.49,31.84,12.58,2.2,2.93,620,286.5,0.998,2022-10-28
2708639,58106550,"Pizza with pepperoni, from restaurant or fast food, thin crust",3602,Pizza,,282,11.74,31.98,11.91,2.3,3.26,620,282.1,1.000,2022-10-28
2708645,58106580,"Pizza with pepperoni, from school lunch, thick crust",3602,Pizza,,259,14.35,28.3,9.82,4.3,4.03,474,259.0,1.000,2022-10-28
2708643,58106570,"Pizza with pepperoni, from school lunch, thin crust",3602,Pizza,,254,12.78,31.24,8.62,4.3,7.62,495,253.7,0.999,2022-10-28
2708642,58106565,"Pizza with pepperoni, stuffed crust",3602,Pizza,,296,12.92,27.19,15.01,1.5,2.62,709,295.5,0.998,2022-10-28
2708698,58109150,"Pizza, cheese and vegetables, gluten-free thick crust",3602,Pizza,,228,6.68,26.72,10.52,2.7,3.17,439,228.3,1.001,2022-10-28
2708697,58109140,"Pizza, cheese and vegetables, gluten-free thin crust",3602,Pizza,,223,7.18,22.72,11.64,2.3,3.09,437,224.4,1.006,2022-10-28
2708692,58109060,"Pizza, cheese and vegetables, whole wheat thick crust",3602,Pizza,,231,9.67,28.74,9.29,3.5,3.56,498,237.2,1.027,2022-10-28
2708691,58109050,"Pizza, cheese and vegetables, whole wheat thin crust",3602,Pizza,,226,9.61,24.39,10.64,3.1,3.4,483,231.8,1.025,2022-10-28
2708625,58106305,"Pizza, cheese with vegetables, from frozen, thick crust",3602,Pizza,,253,9.76,27.67,11.49,2.1,3.6,418,253.1,1.001,2022-10-28
2708613,58106205,"Pizza, cheese, from frozen, thick crust",3602,Pizza,,268,10.36,29.02,12.28,2.2,3.57,447,268.0,1.000,2022-10-28
2708612,58106200,"Pizza, cheese, from frozen, thin crust",3602,Pizza,,263,11.91,28.8,11.07,3,3.71,471,262.5,0.998,2022-10-28
2708616,58106225,"Pizza, cheese, from restaurant or fast food, medium crust",3602,Pizza,,266,11.39,33.33,9.69,2.3,3.58,540,266.1,1.000,2022-10-28
2708614,58106210,"Pizza, cheese, from restaurant or fast food, NS as to type of crust",3602,Pizza,,266,11.39,33.33,9.69,2.3,3.58,540,266.1,1.000,2022-10-28
2708617,58106230,"Pizza, cheese, from restaurant or fast food, thick crust",3602,Pizza,,271,10.81,33.17,10.54,2.2,3.34,540,270.8,0.999,2022-10-28
2708615,58106220,"Pizza, cheese, from restaurant or fast food, thin crust",3602,Pizza,,266,11.39,33.33,9.69,2.3,3.58,540,266.1,1.000,2022-10-28
2708619,58106234,"Pizza, cheese, from school lunch, medium crust",3602,Pizza,,250,13.67,29.7,8.59,3.4,6.07,421,250.8,1.003,2022-10-28
2708621,58106236,"Pizza, cheese, from school lunch, thick crust",3602,Pizza,,254,14.62,28.08,9.27,2.9,5.02,421,254.2,1.001,2022-10-28
2708620,58106235,"Pizza, cheese, from school lunch, thin crust",3602,Pizza,,247,12.72,31.31,7.91,4,7.12,421,247.3,1.001,2022-10-28
2708694,58109110,"Pizza, cheese, gluten-free thick crust",3602,Pizza,,261,7.81,30.54,11.88,2.9,3.27,477,260.3,0.997,2022-10-28
2708693,58109100,"Pizza, cheese, gluten-free thin crust",3602,Pizza,,264,8.73,26.53,13.62,2.5,3.2,485,263.6,0.999,2022-10-28
2708618,58106233,"Pizza, cheese, stuffed crust",3602,Pizza,,274,12.23,30,11.63,1.7,2.9,615,273.6,0.999,2022-10-28
2708688,58109020,"Pizza, cheese, whole wheat thick crust",3602,Pizza,,265,11.4,32.96,10.4,3.9,3.75,548,271.0,1.023,2022-10-28
2708687,58109015,"Pizza, cheese, whole wheat thin crust",3602,Pizza,,267,11.77,28.62,12.38,3.5,3.59,543,273.0,1.022,2022-10-28
2708633,58106359,"Pizza, cheese, with fruit, medium crust",3602,Pizza,,239,9.96,30.81,8.45,2.1,4.61,469,239.1,1.001,2022-10-28
2708634,58106360,"Pizza, cheese, with fruit, thick crust",3602,Pizza,,246,9.57,30.89,9.3,2,4.31,475,245.5,0.998,2022-10-28
2708632,58106358,"Pizza, cheese, with fruit, thin crust",3602,Pizza,,230,9.51,30.01,8.06,2.1,4.93,447,230.6,1.003,2022-10-28
2708624,58106300,"Pizza, cheese, with vegetables, from frozen, thin crust",3602,Pizza,,240,9.24,26.51,10.81,2.1,3.62,393,240.3,1.001,2022-10-28
2708627,58106325,"Pizza, cheese, with vegetables, from restaurant or fast food, medium crust",3602,Pizza,,242,10.31,30.71,8.69,2.2,3.62,484,242.3,1.001,2022-10-28
2708628,58106330,"Pizza, cheese, with vegetables, from restaurant or fast food, thick crust",3602,Pizza,,245,9.74,30.43,9.39,2.1,3.41,480,245.2,1.001,2022-10-28
2708626,58106320,"Pizza, cheese, with vegetables, from restaurant or fast food, thin crust",3602,Pizza,,234,9.96,29.86,8.37,2.2,3.63,465,234.6,1.003,2022-10-28
2708623,58106260,"Pizza, extra cheese, thick crust",3602,Pizza,,272,11.41,31.83,11,2.1,3.27,547,272.0,1.000,2022-10-28
2708622,58106250,"Pizza, extra cheese, thin crust",3602,Pizza,,268,12.08,31.71,10.29,2.2,3.48,549,267.8,0.999,2022-10-28
2708675,58107100,"Pizza, no cheese, thick crust",3602,Pizza,,293,7.58,38.28,12.26,1.9,5.47,514,293.8,1.003,2022-10-28
2708674,58107050,"Pizza, no cheese, thin crust",3602,Pizza,,276,7.46,31,13.69,1.8,5.03,551,277.1,1.004,2022-10-28
2708654,58106634,"Pizza, with meat other than pepperoni, from school lunch, medium crust",3602,Pizza,,254,12.94,31.41,8.45,4,5.62,445,253.4,0.998,2022-10-28
2708656,58106636,"Pizza, with meat other than pepperoni, from school lunch, thick crust",3602,Pizza,,257,13.26,30.58,9.07,4,3.72,433,257.0,1.000,2022-10-28
2708655,58106635,"Pizza, with meat other than pepperoni, from school lunch, thin crust",3602,Pizza,,250,12.63,32.24,7.83,3.9,7.53,457,250.0,1.000,2022-10-28
2708653,58106633,"Pizza, with meat other than pepperoni, stuffed crust",3602,Pizza,,278,12.81,27.28,13.05,1.5,2.76,630,277.8,0.999,2022-10-28
2708696,58109130,"Pizza, with meat, gluten-free thick crust",3602,Pizza,,280,9.48,26.09,15.23,2.5,2.91,568,279.4,0.998,2022-10-28
2708695,58109120,"Pizza, with meat, gluten-free thin crust",3602,Pizza,,287,10.58,21.88,17.36,2.1,2.78,594,286.1,0.997,2022-10-28
2708690,58109040,"Pizza, with meat, whole wheat thick crust",3602,Pizza,,284,12.51,28.13,13.98,3.3,3.31,628,288.4,1.015,2022-10-28
2708689,58109030,"Pizza, with meat, whole wheat thin crust",3602,Pizza,,289,13.05,23.58,16.35,2.9,3.09,641,293.7,1.016,2022-10-28
2708644,58106578,"Pizza, with pepperoni, from school lunch, medium crust",3602,Pizza,,256,13.56,29.77,9.22,4.3,5.82,484,256.3,1.001,2022-10-28
2709563,71905410,Plantain chips,5004,"Tortilla, corn, other chips",,531,2.28,63.84,29.59,3.5,0.92,202,530.8,1.000,2022-10-28
2709562,71905100,"Plantain, cooked with butter or margarine",6418,Other starchy vegetables,,138,1.27,30.88,2.53,1.6,16.96,133,151.4,1.097,2022-10-28
2709559,71900200,"Plantain, cooked with oil",6418,Other starchy vegetables,,144,1.26,30.87,3.24,1.6,16.95,116,157.7,1.095,2022-10-28
2709561,71905008,"Plantain, cooked, fat added, NS as to fat type",6418,Other starchy vegetables,,141,1.27,30.88,2.88,1.6,16.96,125,154.5,1.096,2022-10-28
2709558,71900100,"Plantain, cooked, no added fat",6418,Other starchy vegetables,,122,1.3,31.8,0.35,1.7,17.46,120,135.6,1.111,2022-10-28
2709560,71905000,"Plantain, raw",6418,Other starchy vegetables,raw,122,1.3,31.89,0.35,1.7,17.51,4,135.9,1.114,2022-10-28
2709266,63143110,"Plum, canned",6018,Other fruits and fruit salads,,55,0.52,13.54,0.23,1,12.43,1,58.3,1.060,2022-10-28
2709265,63143010,"Plum, raw",6018,Other fruits and fruit salads,raw,46,0.7,11.42,0.28,1.4,9.92,0,51.0,1.109,2022-10-28
2707967,53239100,Pocky,5504,Cookies and brownies,,447,10,51.08,22.5,5,25,213,446.8,1.000,2022-10-28
2709612,72123020,"Poke greens, cooked",6411,Other dark green vegetables,,42,2.24,3.01,2.93,1.5,1.55,138,47.4,1.128,2022-10-28
2706188,25221310,Polish sausage,2608,Sausages,,337,12.45,5.03,29.68,0,2.39,1062,337.0,1.000,2022-10-28
2710593,92550380,"Pomegranate juice beverage, 40-50% juice, light",7204,Fruit drinks,,27,0.08,6.56,0.14,0,6.32,6,27.8,1.030,2022-10-28
2709330,64126000,"Pomegranate juice, 100%",7006,Other fruit juice,,54,0.15,13.13,0.29,0.1,12.65,9,55.7,1.032,2022-10-28
2709267,63145010,"Pomegranate, raw",6018,Other fruits and fruit salads,raw,83,1.67,18.7,1.17,4,13.67,3,92.0,1.109,2022-10-28
2708165,54319020,Popcorn cake,5202,"Crackers, excludes saltines",,384,9.7,80.1,3.1,2.9,0.72,288,387.1,1.008,2022-10-28
2708243,54404010,"Popcorn chips, other flavors",5004,"Tortilla, corn, other chips",,438,10.19,74.18,11.19,4.9,0.79,586,438.2,1.000,2022-10-28
2708242,54404000,"Popcorn chips, plain",5004,"Tortilla, corn, other chips",,438,10.19,74.18,11.19,4.9,0.79,586,438.2,1.000,2022-10-28
2708244,54404020,"Popcorn chips, sweet flavors",5004,"Tortilla, corn, other chips",,455,8.75,74.59,13.51,4.2,11.59,243,455.0,1.000,2022-10-28
2708219,54403010,"Popcorn, air-popped, no butter added",5006,Popcorn,,385,12.89,77.47,4.52,14.4,0.87,162,402.1,1.044,2022-10-28
2708220,54403040,"Popcorn, air-popped, with added butter",5006,Popcorn,,430,11.02,65.75,15.29,12.2,0.79,227,444.7,1.034,2022-10-28
2708239,54403110,"Popcorn, caramel coated",5006,Popcorn,,428,3.77,78.47,12.7,5.2,52.77,512,443.3,1.036,2022-10-28
2708240,54403120,"Popcorn, caramel coated, with nuts",5006,Popcorn,,397,6.35,80.06,7.74,3.8,45,483,415.3,1.046,2022-10-28
2708241,54403160,"Popcorn, chocolate coated",5006,Popcorn,,407,5.34,76.37,12.79,8.3,47.66,493,442.0,1.086,2022-10-28
2708227,54403056,"Popcorn, microwave, butter flavored",5006,Popcorn,,518,9.13,54.99,30.57,10.2,0.61,764,531.6,1.026,2022-10-28
2708229,54403058,"Popcorn, microwave, cheese flavored",5006,Popcorn,,516,9.1,54.77,30.44,10.2,0.61,916,529.4,1.026,2022-10-28
2708228,54403057,"Popcorn, microwave, flavored, light",5006,Popcorn,,406,11.84,71.18,10,13.3,0.8,1030,422.1,1.040,2022-10-28
2708230,54403059,"Popcorn, microwave, kettle",5006,Popcorn,,504,9.35,58.01,27.5,10.5,2.2,601,516.9,1.026,2022-10-28
2708226,54403054,"Popcorn, microwave, low sodium",5006,Popcorn,,496,8.93,57.64,27.88,9.9,0.54,310,517.2,1.043,2022-10-28
2708223,54403051,"Popcorn, microwave, NFS",5006,Popcorn,,518,9.13,54.99,30.57,10.2,0.61,764,531.6,1.026,2022-10-28
2708224,54403052,"Popcorn, microwave, plain",5006,Popcorn,,518,9.13,54.99,30.57,10.2,0.61,764,531.6,1.026,2022-10-28
2708225,54403053,"Popcorn, microwave, plain, light",5006,Popcorn,,409,11.92,71.68,10.07,13.4,0.8,766,425.0,1.039,2022-10-28
2708218,54403006,"Popcorn, movie theater, no butter added",5006,Popcorn,,603,6.18,39.87,48.7,6.9,0.37,762,622.5,1.032,2022-10-28
2708217,54403005,"Popcorn, movie theater, with added butter",5006,Popcorn,,656,4.96,31.65,58.78,5.4,0.29,756,675.5,1.030,2022-10-28
2708216,54403001,"Popcorn, NFS",5006,Popcorn,,518,9.13,54.99,30.57,10.2,0.61,764,531.6,1.026,2022-10-28
2708221,54403045,"Popcorn, popped in oil, no butter added",5006,Popcorn,,498,8.96,57.87,27.99,10,0.54,157,519.2,1.043,2022-10-28
2708222,54403046,"Popcorn, popped in oil, with added butter",5006,Popcorn,,525,7.69,49.13,35.19,8.4,0.51,223,544.0,1.036,2022-10-28
2708235,54403085,"Popcorn, ready-to-eat, butter flavored",5006,Popcorn,,530,8.88,53.38,32.53,10,0.6,764,541.8,1.022,2022-10-28
2708236,54403087,"Popcorn, ready-to-eat, cheese flavored",5006,Popcorn,,526,9.3,51.6,33.2,9.9,0.79,889,542.4,1.031,2022-10-28
2708237,54403088,"Popcorn, ready-to-eat, flavored, light",5006,Popcorn,,435,11.28,67.78,14.85,12.6,0.76,766,449.9,1.034,2022-10-28
2708238,54403089,"Popcorn, ready-to-eat, kettle",5006,Popcorn,,531,5.48,61.01,30.22,6.1,28.52,495,537.9,1.013,2022-10-28
2708234,54403083,"Popcorn, ready-to-eat, low sodium",5006,Popcorn,,486,10.27,61.73,23.44,11.5,0.69,313,499.0,1.027,2022-10-28
2708231,54403080,"Popcorn, ready-to-eat, NFS",5006,Popcorn,,530,8.88,53.38,32.53,10,0.6,764,541.8,1.022,2022-10-28
2708232,54403081,"Popcorn, ready-to-eat, plain",5006,Popcorn,,482,10.19,61.24,23.26,11.4,0.68,616,495.1,1.027,2022-10-28
2708233,54403082,"Popcorn, ready-to-eat, plain, light",5006,Popcorn,,437,11.33,68.08,14.92,12.7,0.76,600,451.9,1.034,2022-10-28
2707846,52311010,Popover,4402,"Biscuits, muffins, quick breads",,268,11.05,35.28,9.2,1.1,4.04,284,268.1,1.000,2022-10-28
2710210,83112950,Poppy seed dressing,8012,Salad dressings and vegetable oils,,399,0.92,23.73,33.33,0.3,23.39,933,398.6,0.999,2022-10-28
2710320,91611000,Popsicle,5806,"Gelatins, ices, sorbets",,79,0,19.23,0.24,0,13.66,7,79.1,1.001,2022-10-28
2710319,91610900,"Popsicle, NFS",5806,"Gelatins, ices, sorbets",,79,0,19.23,0.24,0,13.66,7,79.1,1.001,2022-10-28
2710321,91611100,"Popsicle, no sugar added",5806,"Gelatins, ices, sorbets",,24,0,5.92,0,0,1.52,10,23.7,0.987,2022-10-28
2706496,27213420,Porcupine balls with mushroom sauce,3002,Meat mixed dishes,,157,10.34,10.71,7.76,0.5,0.5,601,154.0,0.981,2022-10-28
2706492,27213120,Porcupine balls with tomato-based sauce,3002,Meat mixed dishes,,153,10.36,13.39,6.21,0.6,3,501,150.9,0.986,2022-10-28
2707406,41208030,Pork and beans,2802,"Beans, peas, legumes",,105,4.52,21.57,0.89,4.4,8.23,391,112.4,1.070,2022-10-28
2706194,25221460,Pork and beef sausage,2608,Sausages,,333,15.92,2.4,27.98,0,1.04,840,325.1,0.976,2022-10-28
2706765,27420170,Pork and onions with soy-based sauce,3404,Stir-fry and soy-based sauce mixtures,,149,11.06,5.43,9.14,0.8,2.17,245,148.2,0.995,2022-10-28
2706509,27220110,Pork and rice with tomato-based sauce,3002,Meat mixed dishes,,140,6.42,16.78,5,0.7,1.17,311,137.8,0.984,2022-10-28
2706773,27420410,"Pork and vegetables excluding  carrots, broccoli, and dark-green leafy; no potatoes, tomato-based sauce",3002,Meat mixed dishes,,118,7.81,6.44,7.14,1.5,2.42,305,121.3,1.028,2022-10-28
2706778,27420510,"Pork and vegetables excluding carrots, broccoli, and dark- green leafy; no potatoes, soy-based sauce",3404,Stir-fry and soy-based sauce mixtures,,149,11.4,4.34,9.37,1,1.56,251,147.3,0.989,2022-10-28
2706769,27420350,"Pork and vegetables excluding carrots, broccoli, and dark-green leafy; no potatoes, no sauce",3002,Meat mixed dishes,,124,10.07,5.52,7.03,1.2,1.06,319,125.6,1.013,2022-10-28
2706758,27420060,"Pork and vegetables including carrots, broccoli, and/or dark-green leafy; no potatoes, no sauce",3002,Meat mixed dishes,,123,11.2,3.14,7.27,1.5,1.33,317,122.8,0.998,2022-10-28
2706777,27420500,"Pork and vegetables including carrots, broccoli, and/or dark-green leafy; no potatoes, soy-based sauce",3404,Stir-fry and soy-based sauce mixtures,,145,11.02,4.65,9.03,1.2,1.5,255,143.9,0.993,2022-10-28
2706772,27420400,"Pork and vegetables including carrots, broccoli, and/or dark-green leafy; no potatoes, tomato-based sauce",3002,Meat mixed dishes,,111,7.76,4.48,7.13,1.7,2.51,304,113.1,1.019,2022-10-28
2706761,27420110,"Pork and vegetables, Hawaiian style",3404,Stir-fry and soy-based sauce mixtures,,89,7.43,6.97,3.64,1.9,2.21,202,90.4,1.015,2022-10-28
2706762,27420120,Pork and watercress with soy-based sauce,3404,Stir-fry and soy-based sauce mixtures,,190,14.88,3.35,12.68,0.5,1.05,341,187.0,0.984,2022-10-28
2705887,22600200,"Pork bacon, NS as to fresh, smoked or cured, cooked",2604,Bacon,,484,37.41,1.9,35.8,0,1.57,1757,479.4,0.991,2022-10-28
2705888,22600210,"Pork bacon, NS as to fresh, smoked or cured, reduced sodium, cooked",2604,Bacon,,541,37.04,1.43,41.78,0,0,1030,529.9,0.979,2022-10-28
2705889,22601000,"Pork bacon, smoked or cured, cooked",2604,Bacon,,468,33.92,1.7,35.09,0,0,1684,458.3,0.979,2022-10-28
2705891,22602010,"Pork bacon, smoked or cured, reduced sodium, cooked",2604,Bacon,,541,37.04,1.43,41.78,0,0,1030,529.9,0.979,2022-10-28
2706648,27320310,Pork chow mein or chop suey with noodles,3402,Fried rice and lo/chow mein,,143,10.41,11.17,6.38,1.5,1.55,325,143.7,1.005,2022-10-28
2706771,27420390,"Pork chow mein or chop suey, no noodles",3402,Fried rice and lo/chow mein,,98,10.34,3.85,4.3,0.8,1.76,250,95.5,0.974,2022-10-28
2707195,32105220,Pork egg foo yung,3404,Stir-fry and soy-based sauce mixtures,,149,13.29,4.78,8.25,0.3,3.06,325,146.5,0.983,2022-10-28
2706766,27420200,Pork hash,3002,Meat mixed dishes,,186,12.94,1.96,13.66,0.5,0.56,486,182.5,0.981,2022-10-28
2705865,22002800,Pork jerky,2602,Cold cuts and cured meats,,412,35,9.73,24.73,0,9.75,1810,401.5,0.974,2022-10-28
2706408,27120150,Pork or ham with soy-based sauce,3404,Stir-fry and soy-based sauce mixtures,,190,14.88,3.35,12.68,0.5,1.05,341,187.0,0.984,2022-10-28
2706977,27520520,Pork sandwich,3742,Meat and BBQ sandwiches,,226,17.73,25.45,5.47,1.2,2.76,403,221.9,0.982,2022-10-28
2706978,27520525,"Pork sandwich, with cheese",3742,Meat and BBQ sandwiches,,246,18.14,22.32,8.99,1,2.77,496,242.8,0.987,2022-10-28
2706191,25221405,Pork sausage,2608,Sausages,,325,18.53,1.42,27.25,0,1.09,814,325.1,1.000,2022-10-28
2706192,25221406,"Pork sausage, reduced fat",2608,Sausages,,267,20.94,0.15,20.32,0,0,698,267.2,1.001,2022-10-28
2706193,25221408,"Pork sausage, reduced sodium",2608,Sausages,,233,19.93,13.25,11.13,0,0.75,415,232.9,1.000,2022-10-28
2706779,27420520,"Pork shish kabob with vegetables, excluding potatoes",3002,Meat mixed dishes,,124,13.87,5.06,5.17,0.8,2.37,216,122.2,0.986,2022-10-28
2705902,22709010,Pork skin rinds,2006,Pork,,544,61.3,0,31.3,0,0,1818,526.9,0.969,2022-10-28
2706411,27121000,Pork with chili and tomatoes,3002,Meat mixed dishes,,95,11.64,2.68,3.99,0.9,1.63,118,93.2,0.981,2022-10-28
2705901,22708020,"Pork, belly",2006,Pork,,404,26.58,0,32.24,0,0,448,396.5,0.981,2022-10-28
2705897,22706010,"Pork, bones",2006,Pork,,236,26.15,0,13.78,0,0,364,228.6,0.969,2022-10-28
2705864,22002050,"Pork, carnitas",2006,Pork,,271,24.57,0,18.33,0,0,440,263.2,0.971,2022-10-28
2705870,22101310,"Pork, chop, coated, lean and fat eaten",2006,Pork,,229,25.06,7.16,10.58,0.4,0.62,409,224.1,0.979,2022-10-28
2705871,22101320,"Pork, chop, coated, lean only eaten",2006,Pork,,208,25.99,7.16,7.74,0.4,0.62,413,202.3,0.972,2022-10-28
2705869,22101300,"Pork, chop, coated, NS as to fat eaten",2006,Pork,,219,25.54,7.2,9.18,0.4,0.62,385,213.6,0.975,2022-10-28
2705867,22101010,"Pork, chop, lean and fat eaten",2006,Pork,,195,26.97,0.01,9.17,0,0,351,190.4,0.977,2022-10-28
2705868,22101020,"Pork, chop, lean only eaten",2006,Pork,,171,28.03,0,5.94,0,0,356,165.6,0.968,2022-10-28
2705866,22101000,"Pork, chop, NS as to fat eaten",2006,Pork,,183,27.5,0,7.55,0,0,354,177.9,0.972,2022-10-28
2705872,22101330,"Pork, chop, stuffed",3002,Meat mixed dishes,,190,18.37,7.82,9.04,1,0,414,186.1,0.980,2022-10-28
2705895,22704010,"Pork, cracklings",2006,Pork,,569,45.03,0,41.74,0,0,1289,555.8,0.977,2022-10-28
2705896,22705010,"Pork, ears",2006,Pork,,236,26.15,0,13.78,0,0,364,228.6,0.969,2022-10-28
2705863,22002000,"Pork, ground",2006,Pork,,299,26.92,0,21.22,0,0,395,298.7,0.999,2022-10-28
2705900,22708010,"Pork, ham hocks",2006,Pork,,268,14.64,1.09,22.79,0,1.09,1040,268.0,1.000,2022-10-28
2705862,22000100,"Pork, NFS",2006,Pork,,192,27.14,0,8.67,0,0,348,186.6,0.972,2022-10-28
2705898,22707010,"Pork, pig's feet",2006,Pork,,236,21.77,0,15.92,0,0,380,230.4,0.976,2022-10-28
2705899,22707020,"Pork, pig's feet, pickled",2006,Pork,,140,11.63,0.01,10.02,0,0,946,136.7,0.977,2022-10-28
2706646,27320150,"Pork, potatoes, and vegetables excluding carrots, broccoli, and dark-green leafy; gravy",3002,Meat mixed dishes,,126,5.03,12.37,6.43,1.3,0.9,301,127.5,1.012,2022-10-28
2706647,27320210,"Pork, potatoes, and vegetables excluding carrots, broccoli, and dark-green leafy; no sauce",3002,Meat mixed dishes,,133,6.59,14.94,5.44,1.7,1.12,308,135.1,1.016,2022-10-28
2706642,27320110,"Pork, potatoes, and vegetables excluding carrots, broccoli, and dark-green leafy; tomato-based sauce",3002,Meat mixed dishes,,127,5.12,12.28,6.64,1.6,1.74,301,129.4,1.019,2022-10-28
2706645,27320140,"Pork, potatoes, and vegetables including carrots, broccoli, and/or dark-green leafy; gravy",3002,Meat mixed dishes,,126,4.98,11.22,6.84,1.4,0.95,306,126.4,1.003,2022-10-28
2706637,27320040,"Pork, potatoes, and vegetables including carrots, broccoli, and/or dark-green leafy; no sauce",3002,Meat mixed dishes,,128,6.55,13.44,5.43,1.8,1.19,316,128.8,1.006,2022-10-28
2706641,27320100,"Pork, potatoes, and vegetables including carrots, broccoli, and/or dark-green leafy; tomato-based sauce",3002,Meat mixed dishes,,128,5.03,11.24,7.06,1.7,1.78,308,128.6,1.005,2022-10-28
2705894,22701000,"Pork, ribs",2006,Pork,,254,16.22,12.13,15.12,0.3,9.89,678,249.5,0.982,2022-10-28
2706650,27320330,"Pork, rice, and vegetables excluding carrots, broccoli, and dark-green leafy; soy-based sauce",3404,Stir-fry and soy-based sauce mixtures,,147,10.25,7.75,8.15,0.9,1.36,217,145.4,0.989,2022-10-28
2706652,27320350,"Pork, rice, and vegetables excluding carrots, broccoli, and dark-green leafy; tomato-based sauce",3002,Meat mixed dishes,,133,5.64,16.08,5.07,1,1.4,304,132.5,0.996,2022-10-28
2706649,27320320,"Pork, rice, and vegetables including carrots, broccoli, and/or dark-green leafy; soy-based sauce",3404,Stir-fry and soy-based sauce mixtures,,144,9.96,7.9,7.89,1.1,1.31,222,142.4,0.989,2022-10-28
2706651,27320340,"Pork, rice, and vegetables including carrots, broccoli, and/or dark-green leafy; tomato-based sauce",3002,Meat mixed dishes,,129,5.61,14.96,5.07,1.1,1.45,310,127.9,0.992,2022-10-28
2705882,22400100,"Pork, roast",2006,Pork,roasted,181,26.63,0,7.49,0,0,353,173.9,0.961,2022-10-28
2705883,22431000,"Pork, roll",2602,Cold cuts and cured meats,,329,13.07,4.49,28.39,0,0,1377,325.8,0.990,2022-10-28
2705876,22201400,"Pork, steak, coated",2006,Pork,,275,24.16,7.2,15.8,0.4,0.62,352,267.6,0.973,2022-10-28
2705874,22201110,"Pork, steak, lean and fat eaten",2006,Pork,,264,25.15,0.01,17.36,0,0,316,256.9,0.973,2022-10-28
2705875,22201120,"Pork, steak, lean only eaten",2006,Pork,,230,26.71,0,12.8,0,0,318,222.0,0.965,2022-10-28
2705873,22201100,"Pork, steak, NS as to fat eaten",2006,Pork,,247,25.93,0,15.08,0,0,317,239.4,0.969,2022-10-28
2705877,22210300,"Pork, tenderloin",2006,Pork,,134,24.65,0.09,3.38,0,0,339,129.4,0.966,2022-10-28
2706760,27420100,"Pork, tofu, and vegetables including carrots, broccoli, and/or dark-green leafy; no potatoes, soy-base sauce",3404,Stir-fry and soy-based sauce mixtures,,116,7,4.75,7.77,1.2,1.6,238,116.9,1.008,2022-10-28
2706770,27420370,"Pork, tofu, and vegetables, excluding carrots, broccoli, and dark-green leafy; no potatoes, soy-based sauce",3404,Stir-fry and soy-based sauce mixtures,,118,7.21,4.45,8.05,1,1.66,232,119.1,1.009,2022-10-28
2706630,27317010,"Pot pie, beef",3002,Meat mixed dishes,,271,8.92,23.95,15.37,2,3.33,374,269.8,0.996,2022-10-28
2706703,27347100,"Pot pie, chicken",3004,Poultry mixed dishes,,255,9.24,23.95,13.54,2,3.33,375,254.6,0.999,2022-10-28
2707475,41812400,"Pot pie, no meat",3102,"Bean, pea, legume dishes",,242,5.44,27.96,12.15,3.5,3.69,360,242.9,1.004,2022-10-28
2709435,71200410,"Potato chips, baked, flavored",5002,Potato chips,baked,467,4.97,71.04,18.11,4.8,4.99,726,467.0,1.000,2022-10-28
2709434,71200400,"Potato chips, baked, plain",5002,Potato chips,baked,469,5,71.4,18.2,4.8,5.01,536,469.4,1.001,2022-10-28
2709423,71200110,"Potato chips, barbecue flavored",5002,Potato chips,,487,6.51,55.92,31.06,3.8,5.47,545,529.3,1.087,2022-10-28
2709425,71200130,"Potato chips, cheese flavored",5002,Potato chips,,487,6.51,55.92,31.06,3.8,5.47,545,529.3,1.087,2022-10-28
2709439,71202500,"Potato chips, lightly salted",5002,Potato chips,,559,6.71,53.43,35.32,4.2,0.34,264,558.4,0.999,2022-10-28
2709421,71200010,"Potato chips, NFS",5002,Potato chips,,532,6.39,53.83,33.98,3.1,0.33,527,546.7,1.028,2022-10-28
2709426,71200140,"Potato chips, other flavored",5002,Potato chips,,487,6.51,55.92,31.06,3.8,5.47,545,529.3,1.087,2022-10-28
2709422,71200100,"Potato chips, plain",5002,Potato chips,,532,6.39,53.83,33.98,3.1,0.33,527,546.7,1.028,2022-10-28
2709442,71203020,"Potato chips, popped, flavored",5002,Potato chips,,467,4.97,71.04,18.11,4.8,4.99,726,467.0,1.000,2022-10-28
2709443,71203030,"Potato chips, popped, NFS",5002,Potato chips,,469,5,71.4,18.2,4.8,5.01,536,469.4,1.001,2022-10-28
2709441,71203010,"Potato chips, popped, plain",5002,Potato chips,,469,5,71.4,18.2,4.8,5.01,536,469.4,1.001,2022-10-28
2709436,71201050,"Potato chips, reduced fat",5002,Potato chips,,482,7.03,67.13,20.59,6,0.22,391,481.9,1.000,2022-10-28
2709433,71200310,"Potato chips, restructured, flavored",5002,Potato chips,,542,4.59,55.05,35.07,2.9,0.76,757,554.2,1.022,2022-10-28
2709440,71202510,"Potato chips, restructured, lightly salted",5002,Potato chips,,559,6.71,53.43,35.32,4.2,0.34,264,558.4,0.999,2022-10-28
2708214,54402610,"Potato chips, restructured, multigrain",5002,Potato chips,,505,5.3,65.34,24.74,2.7,4.08,544,505.2,1.000,2022-10-28
2709432,71200300,"Potato chips, restructured, plain",5002,Potato chips,,543,4.61,55.21,35.17,2.9,0.76,643,555.8,1.024,2022-10-28
2709437,71201200,"Potato chips, restructured, reduced fat, lightly salted",5002,Potato chips,,502,4.56,64.76,26.14,3.2,0.63,450,512.5,1.021,2022-10-28
2709428,71200210,"Potato chips, ruffled, barbecue flavored",5002,Potato chips,,487,6.51,55.92,31.06,3.8,5.47,545,529.3,1.087,2022-10-28
2709430,71200230,"Potato chips, ruffled, cheese flavored",5002,Potato chips,,487,6.51,55.92,31.06,3.8,5.47,545,529.3,1.087,2022-10-28
2709431,71200240,"Potato chips, ruffled, other flavored",5002,Potato chips,,487,6.51,55.92,31.06,3.8,5.47,545,529.3,1.087,2022-10-28
2709427,71200200,"Potato chips, ruffled, plain",5002,Potato chips,,532,6.39,53.83,33.98,3.1,0.33,527,546.7,1.028,2022-10-28
2709429,71200220,"Potato chips, ruffled, sour cream and onion flavored",5002,Potato chips,,487,6.51,55.92,31.06,3.8,5.47,545,529.3,1.087,2022-10-28
2709424,71200120,"Potato chips, sour cream and onion flavored",5002,Potato chips,,487,6.51,55.92,31.06,3.8,5.47,545,529.3,1.087,2022-10-28
2709438,71202000,"Potato chips, unsalted",5002,Potato chips,,537,6.25,59.66,30.3,5.4,0.19,7,536.3,0.999,2022-10-28
2709419,71106050,"Potato from Puerto Rican beef stew, with gravy",6806,Mashed potatoes and white potato mixtures,,74,2.46,14.45,0.93,1.3,0.64,235,76.0,1.027,2022-10-28
2709420,71106070,"Potato from Puerto Rican chicken fricassee, with sauce",6806,Mashed potatoes and white potato mixtures,,72,1.34,14.62,1.02,1.2,0.67,145,73.0,1.014,2022-10-28
2709418,71106020,"Potato from Puerto Rican style stuffed pot roast, with gravy",6806,Mashed potatoes and white potato mixtures,,74,2.46,14.45,0.93,1.3,0.64,235,76.0,1.027,2022-10-28
2709417,71106010,"Potato only from Puerto Rican mixed dishes, gravy and other components reported separately",6802,"White potatoes, baked or boiled",,85,1.7,19.89,0.1,1.8,0.88,242,87.3,1.027,2022-10-28
2709552,71701000,Potato pancake,6806,Mashed potatoes and white potato mixtures,,196,4.47,20.64,10.8,2.2,1.11,402,197.6,1.008,2022-10-28
2709510,71503010,Potato patty,6804,French fries and other fried white potatoes,,171,3.89,13.49,11.32,1.5,1.48,219,171.4,1.002,2022-10-28
2709531,71600950,"Potato salad with egg, from restaurant",6806,Mashed potatoes and white potato mixtures,,175,3.04,15.37,11.35,1.1,1.8,333,175.8,1.005,2022-10-28
2709540,71601050,"Potato salad with egg, made with any type of fat free dressing",6806,Mashed potatoes and white potato mixtures,,89,2.67,16,1.74,1.6,2.69,205,90.3,1.015,2022-10-28
2709536,71601030,"Potato salad with egg, made with creamy dressing",6806,Mashed potatoes and white potato mixtures,,142,2.93,14.89,7.91,1.3,1.54,188,142.5,1.003,2022-10-28
2709538,71601040,"Potato salad with egg, made with Italian dressing",6806,Mashed potatoes and white potato mixtures,,114,2.8,15.81,4.42,1.3,2.41,212,114.2,1.002,2022-10-28
2709537,71601035,"Potato salad with egg, made with light creamy dressing",6806,Mashed potatoes and white potato mixtures,,102,2.95,15.02,3.46,1.3,1.7,193,103.0,1.010,2022-10-28
2709539,71601045,"Potato salad with egg, made with light Italian dressing",6806,Mashed potatoes and white potato mixtures,,94,2.79,15.49,2.35,1.3,2.2,200,94.3,1.003,2022-10-28
2709533,71601015,"Potato salad with egg, made with light mayonnaise",6806,Mashed potatoes and white potato mixtures,,111,2.72,15.13,4.46,1.3,1.68,205,111.5,1.005,2022-10-28
2709535,71601025,"Potato salad with egg, made with light mayonnaise-type salad dressing",6806,Mashed potatoes and white potato mixtures,,111,2.72,15.13,4.46,1.3,1.68,205,111.5,1.005,2022-10-28
2709532,71601010,"Potato salad with egg, made with mayonnaise",6806,Mashed potatoes and white potato mixtures,,157,1.96,16.18,9.4,1.3,4.95,329,157.2,1.001,2022-10-28
2709534,71601020,"Potato salad with egg, made with mayonnaise-type salad dressing",6806,Mashed potatoes and white potato mixtures,,112,2.76,15.91,4.32,1.3,2.56,179,113.6,1.014,2022-10-28
2709542,71602950,"Potato salad, from restaurant",6806,Mashed potatoes and white potato mixtures,,178,1.73,17.32,11.45,1.3,1.9,361,179.2,1.007,2022-10-28
2709541,71602010,"Potato salad, German style",6806,Mashed potatoes and white potato mixtures,,108,2.92,17.17,3.22,1.9,1.46,181,109.3,1.012,2022-10-28
2709551,71603050,"Potato salad, made with any type of fat free dressing",6806,Mashed potatoes and white potato mixtures,,81,1.38,17.94,0.58,1.8,2.9,215,82.5,1.019,2022-10-28
2709547,71603030,"Potato salad, made with creamy dressing",6806,Mashed potatoes and white potato mixtures,,140,1.59,16.8,7.53,1.5,1.6,197,141.3,1.009,2022-10-28
2709549,71603040,"Potato salad, made with Italian dressing",6806,Mashed potatoes and white potato mixtures,,108,1.44,17.86,3.56,1.5,2.59,225,109.2,1.011,2022-10-28
2709548,71603035,"Potato salad, made with light creamy dressing",6806,Mashed potatoes and white potato mixtures,,95,1.62,16.95,2.47,1.5,1.78,203,96.5,1.016,2022-10-28
2709550,71603045,"Potato salad, made with light Italian dressing",6806,Mashed potatoes and white potato mixtures,,85,1.43,17.49,1.2,1.5,2.35,210,86.5,1.017,2022-10-28
2709544,71603015,"Potato salad, made with light mayonnaise",6806,Mashed potatoes and white potato mixtures,,105,1.41,16.98,3.65,1.5,1.75,215,106.4,1.013,2022-10-28
2709546,71603025,"Potato salad, made with light mayonnaise-type salad dressing",6806,Mashed potatoes and white potato mixtures,,105,1.41,16.98,3.65,1.5,1.75,215,106.4,1.013,2022-10-28
2709543,71603010,"Potato salad, made with mayonnaise",6806,Mashed potatoes and white potato mixtures,,168,1.51,15.81,11.14,1.5,1.29,179,169.5,1.009,2022-10-28
2709545,71603020,"Potato salad, made with mayonnaise-type salad dressing",6806,Mashed potatoes and white potato mixtures,,107,1.46,17.86,3.49,1.5,2.75,186,108.7,1.016,2022-10-28
2709488,71410000,Potato skins without topping,6804,French fries and other fried white potatoes,,151,2.12,19.53,7.45,1.8,1.25,363,153.7,1.018,2022-10-28
2709491,71411100,"Potato skins, NFS",6804,French fries and other fried white potatoes,,199,6.07,16.34,12.4,1.5,1.08,417,201.2,1.011,2022-10-28
2709489,71410500,"Potato skins, with cheese",6804,French fries and other fried white potatoes,,199,6.07,16.34,12.4,1.5,1.08,417,201.2,1.011,2022-10-28
2709490,71411000,"Potato skins, with cheese and bacon",6804,French fries and other fried white potatoes,,215,7.64,15.52,13.68,1.4,1.02,488,215.8,1.004,2022-10-28
2709445,71205030,"Potato sticks, flavored",5002,Potato chips,,517,6.63,52.77,34.06,3.4,0.22,1010,544.1,1.052,2022-10-28
2709446,71205040,"Potato sticks, fry shaped",5002,Potato chips,,517,6.63,52.77,34.06,3.4,0.22,1010,544.1,1.052,2022-10-28
2709444,71205020,"Potato sticks, plain",5002,Potato chips,,522,6.7,53.3,34.4,3.4,0.22,633,549.6,1.053,2022-10-28
2709512,71505010,"Potato tots, fast food / restaurant",6804,French fries and other fried white potatoes,,236,1.89,24.31,15.4,2.3,0.27,571,243.4,1.031,2022-10-28
2709514,71505030,"Potato tots, from fresh, fried or baked",6804,French fries and other fried white potatoes,,237,1.9,24.4,15.46,2.3,0.28,421,244.3,1.031,2022-10-28
2709515,71505040,"Potato tots, frozen, baked",6804,French fries and other fried white potatoes,baked,187,2.03,26.1,9.17,2.4,0.3,451,195.1,1.043,2022-10-28
2709516,71505050,"Potato tots, frozen, fried",6804,French fries and other fried white potatoes,fried,237,1.9,24.4,15.46,2.3,0.28,421,244.3,1.031,2022-10-28
2709517,71505060,"Potato tots, frozen, NS as to fried or baked",6804,French fries and other fried white potatoes,,237,1.9,24.4,15.46,2.3,0.28,421,244.3,1.031,2022-10-28
2709511,71505000,"Potato tots, NFS",6804,French fries and other fried white potatoes,,237,1.9,24.4,15.46,2.3,0.28,421,244.3,1.031,2022-10-28
2709513,71505020,"Potato tots, school",6804,French fries and other fried white potatoes,,166,2.02,19.34,9.16,1.7,1.3,147,167.9,1.011,2022-10-28
2709383,71100100,"Potato, baked, NFS",6802,"White potatoes, baked or boiled",baked,93,1.95,21.45,0.1,1.5,1.69,181,94.5,1.016,2022-10-28
2709524,71508001,"Potato, baked, peel eaten",6802,"White potatoes, baked or boiled",baked,93,2.49,21.05,0.13,2.2,1.18,186,95.3,1.025,2022-10-28
2709525,71508005,"Potato, baked, peel eaten, with butter",6802,"White potatoes, baked or boiled",baked,125,2.41,20.01,4.22,2.1,1.14,203,127.7,1.021,2022-10-28
2709527,71508020,"Potato, baked, peel eaten, with cheese",6802,"White potatoes, baked or boiled",baked,153,4.09,17.43,7.69,1.7,1.27,225,155.3,1.015,2022-10-28
2709529,71508030,"Potato, baked, peel eaten, with chili",6802,"White potatoes, baked or boiled",baked,143,4.85,17.33,6.23,2.1,1.13,259,144.8,1.013,2022-10-28
2709528,71508025,"Potato, baked, peel eaten, with meat",6802,"White potatoes, baked or boiled",baked,160,4.74,17.09,8.28,1.7,1.24,257,161.8,1.011,2022-10-28
2709526,71508010,"Potato, baked, peel eaten, with sour cream",6802,"White potatoes, baked or boiled",baked,131,2.47,18.7,5.46,1.9,1.35,189,133.8,1.022,2022-10-28
2709530,71508035,"Potato, baked, peel eaten, with vegetables",6802,"White potatoes, baked or boiled",baked,142,4.12,17.76,6.37,2,1.1,228,144.9,1.020,2022-10-28
2709384,71101000,"Potato, baked, peel not eaten",6802,"White potatoes, baked or boiled",baked,93,1.95,21.45,0.1,1.5,1.69,181,94.5,1.016,2022-10-28
2709518,71507005,"Potato, baked, peel not eaten, with butter",6802,"White potatoes, baked or boiled",baked,125,1.9,20.39,4.19,1.4,1.64,198,126.9,1.015,2022-10-28
2709520,71507020,"Potato, baked, peel not eaten, with cheese",6802,"White potatoes, baked or boiled",baked,153,3.66,17.75,7.66,1.2,1.68,221,154.6,1.010,2022-10-28
2709522,71507030,"Potato, baked, peel not eaten, with chili",6802,"White potatoes, baked or boiled",baked,143,4.45,17.62,6.21,1.6,1.51,255,144.2,1.008,2022-10-28
2709521,71507025,"Potato, baked, peel not eaten, with meat",6802,"White potatoes, baked or boiled",baked,160,4.32,17.4,8.26,1.2,1.65,253,161.2,1.008,2022-10-28
2709519,71507010,"Potato, baked, peel not eaten, with sour cream",6802,"White potatoes, baked or boiled",baked,131,2,19.05,5.44,1.3,1.8,184,133.2,1.016,2022-10-28
2709523,71507035,"Potato, baked, peel not eaten, with vegetables",6802,"White potatoes, baked or boiled",baked,142,3.68,18.09,6.34,1.4,1.52,224,144.1,1.015,2022-10-28
2709395,71103125,"Potato, boiled, from fresh,  peel eaten, no added fat",6802,"White potatoes, baked or boiled",boiled,93,2.49,21.07,0.13,2.2,1.18,164,95.4,1.026,2022-10-28
2709394,71103115,"Potato, boiled, from fresh, peel eaten, fat added, NS as to fat type",6802,"White potatoes, baked or boiled",boiled,126,2.39,20.08,4.28,2.1,1.13,170,128.4,1.019,2022-10-28
2709397,71103140,"Potato, boiled, from fresh, peel eaten, made with butter",6802,"White potatoes, baked or boiled",boiled,123,2.41,20.07,4.02,2.1,1.15,181,126.1,1.025,2022-10-28
2709398,71103150,"Potato, boiled, from fresh, peel eaten, made with margarine",6802,"White potatoes, baked or boiled",boiled,116,2.38,20.1,3.21,2.1,1.12,189,118.8,1.024,2022-10-28
2709396,71103135,"Potato, boiled, from fresh, peel eaten, made with oil",6802,"White potatoes, baked or boiled",boiled,131,2.37,20.07,4.87,2.1,1.12,156,133.6,1.020,2022-10-28
2709393,71103105,"Potato, boiled, from fresh, peel eaten, NS as to fat",6802,"White potatoes, baked or boiled",boiled,126,2.39,20.08,4.28,2.1,1.13,170,128.4,1.019,2022-10-28
2709389,71103020,"Potato, boiled, from fresh, peel not eaten, fat added, NS as to fat type",6802,"White potatoes, baked or boiled",boiled,126,1.87,20.45,4.25,1.4,1.62,166,127.5,1.012,2022-10-28
2709391,71103040,"Potato, boiled, from fresh, peel not eaten, made with butter",6802,"White potatoes, baked or boiled",boiled,123,1.9,20.45,3.99,1.4,1.64,176,125.3,1.019,2022-10-28
2709392,71103050,"Potato, boiled, from fresh, peel not eaten, made with margarine",6802,"White potatoes, baked or boiled",boiled,116,1.87,20.48,3.18,1.4,1.61,185,118.0,1.017,2022-10-28
2709390,71103030,"Potato, boiled, from fresh, peel not eaten, made with oil",6802,"White potatoes, baked or boiled",boiled,131,1.86,20.45,4.84,1.4,1.61,152,132.8,1.014,2022-10-28
2709388,71103010,"Potato, boiled, from fresh, peel not eaten, no added fat",6802,"White potatoes, baked or boiled",boiled,93,1.95,21.46,0.1,1.5,1.69,159,94.5,1.017,2022-10-28
2709387,71103000,"Potato, boiled, from fresh, peel not eaten, NS as to fat",6802,"White potatoes, baked or boiled",boiled,126,1.87,20.45,4.25,1.4,1.62,166,127.5,1.012,2022-10-28
2709385,71102980,"Potato, boiled, NFS",6802,"White potatoes, baked or boiled",boiled,126,1.87,20.45,4.25,1.4,1.62,166,127.5,1.012,2022-10-28
2709386,71102990,"Potato, boiled, ready-to-heat",6802,"White potatoes, baked or boiled",boiled,126,1.87,20.45,4.25,1.4,1.62,166,127.5,1.012,2022-10-28
2709400,71103310,"Potato, canned, fat added, NS as to fat type",6802,"White potatoes, baked or boiled",,94,1.34,12.91,4.35,2.3,0.57,166,96.2,1.023,2022-10-28
2709401,71103320,"Potato, canned, no added fat",6802,"White potatoes, baked or boiled",,60,1.39,13.55,0.2,2.4,0.59,159,61.6,1.026,2022-10-28
2709399,71103300,"Potato, canned, NS as to fat",6802,"White potatoes, baked or boiled",,94,1.34,12.91,4.35,2.3,0.57,166,96.2,1.023,2022-10-28
2710790,99997100,"Potato, cooked, as ingredient",9999,Not included in a food category,,81,2.13,17.36,0.3,2.2,0.64,3,80.7,0.996,2022-10-28
2709461,71401030,"Potato, french fries, fast food",6804,French fries and other fried white potatoes,,312,3.43,41.44,14.73,3.8,0.3,210,312.0,1.000,2022-10-28
2709459,71401015,"Potato, french fries, from fresh, baked",6804,French fries and other fried white potatoes,baked,166,2.02,19.34,9.16,1.7,1.3,147,167.9,1.011,2022-10-28
2709458,71401010,"Potato, french fries, from fresh, fried",6804,French fries and other fried white potatoes,fried,198,1.93,18.5,13.1,1.6,1.25,141,199.6,1.008,2022-10-28
2709460,71401020,"Potato, french fries, from frozen, baked",6804,French fries and other fried white potatoes,baked,158,2.75,25.55,5.48,2,0.37,324,162.5,1.029,2022-10-28
2709463,71401032,"Potato, french fries, from frozen, fried",6804,French fries and other fried white potatoes,fried,225,2.5,23.23,14.07,1.8,0.34,295,229.6,1.020,2022-10-28
2709456,71400990,"Potato, french fries, NFS",6804,French fries and other fried white potatoes,,225,2.5,23.23,14.07,1.8,0.34,295,229.6,1.020,2022-10-28
2709457,71401000,"Potato, french fries, NS as to fresh or frozen",6804,French fries and other fried white potatoes,,225,2.5,23.23,14.07,1.8,0.34,295,229.6,1.020,2022-10-28
2709462,71401031,"Potato, french fries, restaurant",6804,French fries and other fried white potatoes,,289,3.49,37.2,14.04,3.9,0.28,357,289.1,1.000,2022-10-28
2709464,71401033,"Potato, french fries, school",6804,French fries and other fried white potatoes,,166,2.02,19.34,9.16,1.7,1.3,147,167.9,1.011,2022-10-28
2709469,71402500,"Potato, french fries, with cheese",6804,French fries and other fried white potatoes,,260,3.33,29.76,14.22,2.6,0.3,365,260.3,1.001,2022-10-28
2709465,71401039,"Potato, french fries, with cheese, fast food / restaurant",6804,French fries and other fried white potatoes,,260,3.33,29.76,14.22,2.6,0.3,365,260.3,1.001,2022-10-28
2709466,71401041,"Potato, french fries, with cheese, school",6804,French fries and other fried white potatoes,,181,4.55,17.67,10.29,1.5,1.2,195,181.5,1.003,2022-10-28
2709471,71402520,"Potato, french fries, with chili",6804,French fries and other fried white potatoes,,241,5.2,30.79,10.78,3.6,0.69,261,241.0,1.000,2022-10-28
2709470,71402510,"Potato, french fries, with chili and cheese",6804,French fries and other fried white potatoes,,221,4.66,24.87,11.42,2.7,0.59,363,220.9,1.000,2022-10-28
2709468,71401050,"Potato, french fries, with chili and cheese, fast food / restaurant",6804,French fries and other fried white potatoes,,221,4.66,24.87,11.42,2.7,0.59,363,220.9,1.000,2022-10-28
2709467,71401045,"Potato, french fries, with chili, fast food / restaurant",6804,French fries and other fried white potatoes,,241,5.2,30.79,10.78,3.6,0.69,261,241.0,1.000,2022-10-28
2709485,71405030,"Potato, hash brown, from dry mix",6804,French fries and other fried white potatoes,,217,2.62,28.23,11.48,3.2,0.27,398,226.7,1.045,2022-10-28
2709478,71404010,"Potato, hash brown, from fast food",6804,French fries and other fried white potatoes,,272,2.58,28.88,17.04,2.7,0.56,566,279.2,1.026,2022-10-28
2709479,71404020,"Potato, hash brown, from fast food, with cheese",6804,French fries and other fried white potatoes,,295,6.03,24.47,19.87,2.2,0.52,581,300.8,1.020,2022-10-28
2709483,71405010,"Potato, hash brown, from fresh",6804,French fries and other fried white potatoes,,190,1.94,18.57,12.27,1.6,1.25,343,192.5,1.013,2022-10-28
2709484,71405019,"Potato, hash brown, from fresh, with cheese",6804,French fries and other fried white potatoes,,223,5.1,16.18,15.49,1.4,1.12,389,224.5,1.007,2022-10-28
2709480,71404030,"Potato, hash brown, from restaurant",6804,French fries and other fried white potatoes,,272,2.58,28.88,17.04,2.7,0.56,566,279.2,1.026,2022-10-28
2709481,71404040,"Potato, hash brown, from restaurant, with cheese",6804,French fries and other fried white potatoes,,295,6.03,24.47,19.87,2.2,0.52,581,300.8,1.020,2022-10-28
2709482,71404050,"Potato, hash brown, from school lunch",6804,French fries and other fried white potatoes,,218,2.64,28.4,11.54,3.2,0.27,169,228.0,1.046,2022-10-28
2709477,71404000,"Potato, hash brown, NFS",6804,French fries and other fried white potatoes,,217,2.62,28.23,11.48,3.2,0.27,398,226.7,1.045,2022-10-28
2709486,71405040,"Potato, hash brown, ready-to-heat",6804,French fries and other fried white potatoes,,217,2.62,28.23,11.48,3.2,0.27,398,226.7,1.045,2022-10-28
2709487,71405050,"Potato, hash brown, ready-to-heat, with cheese",6804,French fries and other fried white potatoes,,249,6.04,23.96,15.2,2.6,0.28,440,256.8,1.031,2022-10-28
2709474,71403040,"Potato, home fries, from fresh",6804,French fries and other fried white potatoes,,185,1.96,18.76,11.52,1.6,1.26,279,186.6,1.008,2022-10-28
2709473,71403030,"Potato, home fries, from restaurant / fast food",6804,French fries and other fried white potatoes,,213,1.87,17.91,15.2,1.6,1.21,396,215.9,1.014,2022-10-28
2709472,71403020,"Potato, home fries, NFS",6804,French fries and other fried white potatoes,,197,1.92,18.4,13.03,1.6,1.24,340,198.6,1.008,2022-10-28
2709475,71403050,"Potato, home fries, ready-to-heat",6804,French fries and other fried white potatoes,,197,1.92,18.4,13.03,1.6,1.24,340,198.6,1.008,2022-10-28
2709476,71403500,"Potato, home fries, with vegetables",6804,French fries and other fried white potatoes,,173,1.72,15.6,11.77,1.5,1.84,382,175.2,1.013,2022-10-28
2709504,71501040,"Potato, mashed, from dry mix, made with milk",6806,Mashed potatoes and white potato mixtures,,117,2.05,12.63,6.7,0.9,1.6,252,119.0,1.017,2022-10-28
2709505,71501045,"Potato, mashed, from dry mix, made with milk, with cheese",6806,Mashed potatoes and white potato mixtures,,148,4.32,11.54,9.62,0.8,1.46,295,150.0,1.014,2022-10-28
2709506,71501054,"Potato, mashed, from dry mix, made with milk, with gravy",6806,Mashed potatoes and white potato mixtures,,103,1.78,11.16,5.88,0.8,1.34,280,104.7,1.016,2022-10-28
2709503,71501035,"Potato, mashed, from dry mix, NFS",6806,Mashed potatoes and white potato mixtures,,117,2.05,12.63,6.7,0.9,1.6,252,119.0,1.017,2022-10-28
2709493,71501005,"Potato, mashed, from fast food",6806,Mashed potatoes and white potato mixtures,,89,1.65,14.65,2.82,1.3,0.5,306,90.6,1.018,2022-10-28
2709494,71501006,"Potato, mashed, from fast food, with gravy",6806,Mashed potatoes and white potato mixtures,,81,1.46,12.78,2.78,1.1,0.46,323,82.0,1.012,2022-10-28
2709496,71501010,"Potato, mashed, from fresh, made with milk",6806,Mashed potatoes and white potato mixtures,,114,2.15,17.6,4.07,1.2,2.13,210,115.6,1.014,2022-10-28
2709497,71501011,"Potato, mashed, from fresh, made with milk, with cheese",6806,Mashed potatoes and white potato mixtures,,145,4.41,15.98,7.28,1,1.94,258,147.1,1.014,2022-10-28
2709498,71501012,"Potato, mashed, from fresh, made with milk, with gravy",6806,Mashed potatoes and white potato mixtures,,100,1.86,15.14,3.78,1,1.77,246,102.0,1.020,2022-10-28
2709499,71501013,"Potato, mashed, from fresh, NFS",6806,Mashed potatoes and white potato mixtures,,114,2.15,17.6,4.07,1.2,2.13,210,115.6,1.014,2022-10-28
2709500,71501016,"Potato, mashed, from restaurant",6806,Mashed potatoes and white potato mixtures,,138,2.07,16.77,7.22,1.1,2.05,370,140.3,1.017,2022-10-28
2709501,71501017,"Potato, mashed, from restaurant, with gravy",6806,Mashed potatoes and white potato mixtures,,120,1.8,14.48,6.3,0.9,1.7,373,121.8,1.015,2022-10-28
2709502,71501018,"Potato, mashed, from school lunch",6806,Mashed potatoes and white potato mixtures,,77,2.14,13.2,1.89,1,1.85,201,78.4,1.018,2022-10-28
2709492,71501000,"Potato, mashed, NFS",6806,Mashed potatoes and white potato mixtures,,114,2.15,17.6,4.07,1.2,2.13,210,115.6,1.014,2022-10-28
2709495,71501007,"Potato, mashed, ready-to-heat",6806,Mashed potatoes and white potato mixtures,,106,1.97,13.29,5.01,1.9,1.76,298,106.1,1.001,2022-10-28
2709507,71501061,"Potato, mashed, ready-to-heat, NFS",6806,Mashed potatoes and white potato mixtures,,106,1.97,13.29,5.01,1.9,1.76,298,106.1,1.001,2022-10-28
2709508,71501071,"Potato, mashed, ready-to-heat, with cheese",6806,Mashed potatoes and white potato mixtures,,138,4.26,12.13,8.12,1.7,1.61,336,138.6,1.005,2022-10-28
2709509,71501075,"Potato, mashed, ready-to-heat, with gravy",6806,Mashed potatoes and white potato mixtures,,94,1.72,11.69,4.53,1.5,1.47,316,94.4,1.004,2022-10-28
2709382,71000100,"Potato, NFS",6802,"White potatoes, baked or boiled",,126,1.87,20.45,4.25,1.4,1.62,166,127.5,1.012,2022-10-28
2709405,71104060,"Potato, roasted, from fresh, peel eaten, fat added, NS as to fat type",6802,"White potatoes, baked or boiled",roasted,126,2.39,20.08,4.28,2.1,1.13,170,128.4,1.019,2022-10-28
2709407,71104080,"Potato, roasted, from fresh, peel eaten, made with butter",6802,"White potatoes, baked or boiled",roasted,123,2.41,20.07,4.02,2.1,1.15,181,126.1,1.025,2022-10-28
2709408,71104090,"Potato, roasted, from fresh, peel eaten, made with margarine",6802,"White potatoes, baked or boiled",roasted,116,2.38,20.1,3.21,2.1,1.12,189,118.8,1.024,2022-10-28
2709406,71104070,"Potato, roasted, from fresh, peel eaten, made with oil",6802,"White potatoes, baked or boiled",roasted,131,2.37,20.07,4.87,2.1,1.12,156,133.6,1.020,2022-10-28
2709404,71104050,"Potato, roasted, from fresh, peel eaten, no added fat",6802,"White potatoes, baked or boiled",roasted,93,2.49,21.07,0.13,2.2,1.18,164,95.4,1.026,2022-10-28
2709403,71104040,"Potato, roasted, from fresh, peel eaten, NS as to fat",6802,"White potatoes, baked or boiled",roasted,126,2.39,20.08,4.28,2.1,1.13,170,128.4,1.019,2022-10-28
2709410,71104110,"Potato, roasted, from fresh, peel not eaten, fat added, NS as to fat type",6802,"White potatoes, baked or boiled",roasted,126,1.87,20.45,4.25,1.4,1.62,166,127.5,1.012,2022-10-28
2709413,71104140,"Potato, roasted, from fresh, peel not eaten, made with butter",6802,"White potatoes, baked or boiled",roasted,123,1.9,20.45,3.99,1.4,1.64,176,125.3,1.019,2022-10-28
2709414,71104150,"Potato, roasted, from fresh, peel not eaten, made with margarine",6802,"White potatoes, baked or boiled",roasted,116,1.87,20.48,3.18,1.4,1.61,185,118.0,1.017,2022-10-28
2709412,71104130,"Potato, roasted, from fresh, peel not eaten, made with oil",6802,"White potatoes, baked or boiled",roasted,131,1.86,20.45,4.84,1.4,1.61,152,132.8,1.014,2022-10-28
2709411,71104120,"Potato, roasted, from fresh, peel not eaten, no added fat",6802,"White potatoes, baked or boiled",roasted,93,1.95,21.46,0.1,1.5,1.69,159,94.5,1.017,2022-10-28
2709409,71104100,"Potato, roasted, from fresh, peel not eaten, NS as to fat",6802,"White potatoes, baked or boiled",roasted,126,1.87,20.45,4.25,1.4,1.62,166,127.5,1.012,2022-10-28
2709402,71104030,"Potato, roasted, NFS",6802,"White potatoes, baked or boiled",roasted,126,1.87,20.45,4.25,1.4,1.62,166,127.5,1.012,2022-10-28
2709415,71104200,"Potato, roasted, ready-to-heat",6802,"White potatoes, baked or boiled",roasted,126,1.87,20.45,4.25,1.4,1.62,166,127.5,1.012,2022-10-28
2709452,71305050,"Potato, scalloped, from dry mix",6806,Mashed potatoes and white potato mixtures,,169,6.91,13.54,9.79,0.8,2.21,414,169.9,1.005,2022-10-28
2709453,71305060,"Potato, scalloped, from dry mix, with meat",6806,Mashed potatoes and white potato mixtures,,167,7.3,13.12,9.6,0.7,2.19,442,168.1,1.006,2022-10-28
2709449,71305020,"Potato, scalloped, from fast food or restaurant",6806,Mashed potatoes and white potato mixtures,,206,6.66,12.99,14.34,0.7,1.96,408,207.7,1.008,2022-10-28
2709450,71305030,"Potato, scalloped, from fresh",6806,Mashed potatoes and white potato mixtures,,168,7.13,13.51,9.63,0.8,2.13,322,169.2,1.007,2022-10-28
2709451,71305040,"Potato, scalloped, from fresh, with meat",6806,Mashed potatoes and white potato mixtures,,173,7.44,12.88,10.36,0.7,2.08,358,174.5,1.009,2022-10-28
2709448,71305015,"Potato, scalloped, NFS",6806,Mashed potatoes and white potato mixtures,,168,7.13,13.51,9.63,0.8,2.13,322,169.2,1.007,2022-10-28
2709454,71305070,"Potato, scalloped, ready-to-heat",6806,Mashed potatoes and white potato mixtures,,178,6.8,13.31,10.98,0.7,2.18,400,179.3,1.007,2022-10-28
2709455,71305080,"Potato, scalloped, ready-to-heat, with meat",6806,Mashed potatoes and white potato mixtures,,183,7.1,12.74,11.58,0.7,2.14,430,183.6,1.003,2022-10-28
2708257,54408110,"Pretzel chips, hard, flavored",5008,Pretzels/snack mix,,370,9.68,77.52,2.82,3.3,2.13,2461,374.2,1.011,2022-10-28
2708258,54408115,"Pretzel chips, hard, gluten free",5008,Pretzels/snack mix,,380,3.43,76.7,6.51,3.2,4.12,2473,379.1,0.998,2022-10-28
2708256,54408105,"Pretzel chips, hard, plain",5008,Pretzels/snack mix,,375,9.8,78.43,2.86,3.3,2.16,2037,378.7,1.010,2022-10-28
2708265,54408300,"Pretzels, hard, cheese filled",5008,Pretzels/snack mix,,463,9.85,66.5,16.92,3.6,17.6,1117,457.7,0.989,2022-10-28
2708260,54408200,"Pretzels, hard, chocolate coated",5008,Pretzels/snack mix,,467,7.05,70.07,17.64,3.5,38.8,494,467.2,1.001,2022-10-28
2708263,54408260,"Pretzels, hard, coated, gluten free",5008,Pretzels/snack mix,,451,3.76,75.06,15.57,1.4,45.25,663,455.4,1.010,2022-10-28
2708259,54408190,"Pretzels, hard, coated, NFS",5008,Pretzels/snack mix,,467,7.05,70.07,17.64,3.5,38.8,494,467.2,1.001,2022-10-28
2708264,54408290,"Pretzels, hard, filled, NFS",5008,Pretzels/snack mix,,463,9.85,66.5,16.92,3.6,17.6,1117,457.7,0.989,2022-10-28
2708252,54408035,"Pretzels, hard, flavored",5008,Pretzels/snack mix,,388,9.92,79.44,3.88,3.4,2.18,1183,392.4,1.011,2022-10-28
2708255,54408082,"Pretzels, hard, flavored, gluten free",5008,Pretzels/snack mix,,393,3.48,77.69,7.58,3.3,4.17,1625,392.9,1.000,2022-10-28
2708253,54408070,"Pretzels, hard, multigrain",5008,Pretzels/snack mix,,381,10.15,80.08,2.96,4.2,2.17,1098,387.6,1.017,2022-10-28
2708248,54408015,"Pretzels, hard, NFS",5008,Pretzels/snack mix,,384,10.04,80.39,2.93,3.4,2.21,1120,388.1,1.011,2022-10-28
2708266,54408310,"Pretzels, hard, peanut butter filled",5008,Pretzels/snack mix,,454,14.04,60.79,19,3.9,4.95,1039,470.3,1.036,2022-10-28
2708254,54408081,"Pretzels, hard, plain, gluten free",5008,Pretzels/snack mix,,389,3.52,78.62,6.67,3.3,4.22,1567,388.6,0.999,2022-10-28
2708250,54408017,"Pretzels, hard, plain, lightly salted",5008,Pretzels/snack mix,,382,9.57,79.8,3.22,3.1,2.21,685,386.5,1.012,2022-10-28
2708249,54408016,"Pretzels, hard, plain, salted",5008,Pretzels/snack mix,,384,10.04,80.39,2.93,3.4,2.21,1120,388.1,1.011,2022-10-28
2708251,54408030,"Pretzels, hard, plain, unsalted",5008,Pretzels/snack mix,,381,9.1,79.2,3.5,2.8,2.21,250,384.7,1.010,2022-10-28
2708261,54408210,"Pretzels, hard, white chocolate coated",5008,Pretzels/snack mix,,445,5.94,74.7,14.19,1.2,44.09,442,450.3,1.012,2022-10-28
2708262,54408250,"Pretzels, hard, yogurt coated",5008,Pretzels/snack mix,,438,5.94,76.56,12.17,1.1,45.42,441,439.5,1.003,2022-10-28
2708247,54408000,"Pretzels, NFS",5008,Pretzels/snack mix,,384,10.04,80.39,2.93,3.4,2.21,1120,388.1,1.011,2022-10-28
2708284,54408470,"Pretzels, soft, filled with cheese",5008,Pretzels/snack mix,,339,10.22,62.35,5.36,1.5,0.45,310,338.5,0.999,2022-10-28
2708280,54408460,"Pretzels, soft, from frozen, cinnamon sugar coated",5008,Pretzels/snack mix,,374,6.22,73.99,6.14,2.1,19.74,248,376.1,1.006,2022-10-28
2708281,54408462,"Pretzels, soft, from frozen, coated or flavored",5008,Pretzels/snack mix,,365,7.89,66.02,7.75,1.6,0.23,896,365.4,1.001,2022-10-28
2708277,54408450,"Pretzels, soft, from frozen, NFS",5008,Pretzels/snack mix,,345,8.01,69.38,4,1.7,0.24,775,345.6,1.002,2022-10-28
2708278,54408455,"Pretzels, soft, from frozen, salted",5008,Pretzels/snack mix,,340,8.09,70.06,3.06,1.7,0.25,783,340.1,1.000,2022-10-28
2708283,54408466,"Pretzels, soft, from frozen, topped with cheese",5008,Pretzels/snack mix,,339,10.22,62.35,5.36,1.5,0.45,310,338.5,0.999,2022-10-28
2708282,54408465,"Pretzels, soft, from frozen, topped with meat",5008,Pretzels/snack mix,,349,11.48,53.36,9.93,1.3,0.49,438,348.7,0.999,2022-10-28
2708279,54408456,"Pretzels, soft, from frozen, unsalted",5008,Pretzels/snack mix,,345,8.2,71.04,3.1,1.7,0.25,252,344.9,1.000,2022-10-28
2708285,54408475,"Pretzels, soft, from school lunch",5008,Pretzels/snack mix,,339,8.55,70.73,3.16,3.7,0.26,240,345.6,1.019,2022-10-28
2708287,54408485,"Pretzels, soft, gluten free",5008,Pretzels/snack mix,,297,4.03,57.27,5.74,4,3.77,839,296.9,1.000,2022-10-28
2708288,54408486,"Pretzels, soft, gluten free, cinnamon sugar coated",5008,Pretzels/snack mix,,339,3.1,63.75,8.14,3.8,22.41,631,340.7,1.005,2022-10-28
2708289,54408487,"Pretzels, soft, gluten free, coated or flavored",5008,Pretzels/snack mix,,326,4.1,54.15,10.37,3.7,3.56,808,326.3,1.001,2022-10-28
2708286,54408480,"Pretzels, soft, multigrain",5008,Pretzels/snack mix,,337,8.49,70.26,3.13,3.6,0.26,495,343.2,1.018,2022-10-28
2708267,54408400,"Pretzels, soft, NFS",5008,Pretzels/snack mix,,345,8.01,69.38,4,1.7,0.24,775,345.6,1.002,2022-10-28
2708273,54408420,"Pretzels, soft, ready-to-eat, cinnamon sugar coated",5008,Pretzels/snack mix,,374,6.22,73.99,6.14,2.1,19.74,248,376.1,1.006,2022-10-28
2708274,54408422,"Pretzels, soft, ready-to-eat, coated or flavored",5008,Pretzels/snack mix,,365,7.89,66.02,7.75,1.6,0.23,896,365.4,1.001,2022-10-28
2708268,54408405,"Pretzels, soft, ready-to-eat, NFS",5008,Pretzels/snack mix,,345,8.01,69.38,4,1.7,0.24,775,345.6,1.002,2022-10-28
2708269,54408410,"Pretzels, soft, ready-to-eat, salted, buttered",5008,Pretzels/snack mix,,345,8.01,69.38,4,1.7,0.24,775,345.6,1.002,2022-10-28
2708271,54408415,"Pretzels, soft, ready-to-eat, salted, no butter",5008,Pretzels/snack mix,,340,8.09,70.06,3.06,1.7,0.25,783,340.1,1.000,2022-10-28
2708276,54408432,"Pretzels, soft, ready-to-eat, topped with cheese",5008,Pretzels/snack mix,,339,10.22,62.35,5.36,1.5,0.45,310,338.5,0.999,2022-10-28
2708275,54408430,"Pretzels, soft, ready-to-eat, topped with meat",5008,Pretzels/snack mix,,349,11.48,53.36,9.93,1.3,0.49,438,348.7,0.999,2022-10-28
2708270,54408411,"Pretzels, soft, ready-to-eat, unsalted, buttered",5008,Pretzels/snack mix,,350,8.12,70.34,4.05,1.7,0.25,250,350.3,1.001,2022-10-28
2708272,54408416,"Pretzels, soft, ready-to-eat, unsalted, no butter",5008,Pretzels/snack mix,,345,8.2,71.04,3.1,1.7,0.25,252,344.9,1.000,2022-10-28
2709331,64132010,"Prune juice, 100%",7006,Other fruit juice,,71,0.61,17.45,0.03,1,16.45,4,72.5,1.021,2022-10-28
2709211,62122100,"Prune, dried",6016,Dried fruits,dried,240,2.18,63.88,0.38,7.1,38.13,2,267.7,1.115,2022-10-28
2705680,13210110,"Pudding, bread",5804,Pudding,,156,5.6,23.53,4.86,1,15.1,206,160.3,1.027,2022-10-28
2705689,13220120,"Pudding, chocolate, made from dry mix",5804,Pudding,,113,3.14,20.32,2.1,0.7,16.62,362,112.7,0.998,2022-10-28
2705691,13220220,"Pudding, chocolate, made from dry mix, sugar free",5804,Pudding,,76,3.48,10.48,2.16,0.5,4.56,254,75.3,0.991,2022-10-28
2705679,13200110,"Pudding, chocolate, NFS",5804,Pudding,,142,2.09,23.01,4.6,0,17.17,152,141.8,0.999,2022-10-28
2705694,13230130,"Pudding, chocolate, ready-to-eat",5804,Pudding,,142,2.09,23.01,4.6,0,17.17,152,141.8,0.999,2022-10-28
2705695,13230140,"Pudding, chocolate, ready-to-eat, sugar free",5804,Pudding,,76,3.48,10.48,2.16,0.5,4.56,254,75.3,0.991,2022-10-28
2705688,13220110,"Pudding, flavors other than chocolate, made from dry mix",5804,Pudding,,106,2.78,19.38,1.89,0,19.42,264,105.7,0.997,2022-10-28
2705690,13220210,"Pudding, flavors other than chocolate, made from dry mix, sugar free",5804,Pudding,,70,3.18,9.53,2.07,0,4.65,257,69.5,0.992,2022-10-28
2705681,13210280,"Pudding, flavors other than chocolate, NFS",5804,Pudding,,130,1.45,22.6,3.78,0,16.97,172,130.2,1.002,2022-10-28
2705692,13230110,"Pudding, flavors other than chocolate, ready-to-eat",5804,Pudding,,130,1.45,22.6,3.78,0,16.97,172,130.2,1.002,2022-10-28
2705693,13230120,"Pudding, flavors other than chocolate, ready-to-eat, sugar free",5804,Pudding,,70,3.18,9.53,2.07,0,4.65,257,69.5,0.992,2022-10-28
2705685,13210410,"Pudding, rice",5804,Pudding,,108,3.23,18.39,2.15,0.3,11.59,97,105.8,0.980,2022-10-28
2705687,13210520,"Pudding, tapioca, made from dry mix",5804,Pudding,,130,1.95,21.69,3.88,0,14.91,145,129.5,0.996,2022-10-28
2705696,13230500,"Pudding, tapioca, ready-to-eat",5804,Pudding,,130,1.95,21.69,3.88,0,14.91,145,129.5,0.996,2022-10-28
2710141,77272010,Puerto Rican pasteles,3002,Meat mixed dishes,,213,7.08,17.44,13.19,2.2,5.6,479,216.8,1.018,2022-10-28
2709754,74410110,Puerto Rican seasoning with ham,8406,Mustard and other condiments,,266,3.96,7.24,24.78,1.6,3.07,467,267.8,1.007,2022-10-28
2709755,74420110,Puerto Rican seasoning without ham and tomato sauce,8406,Mustard and other condiments,,127,1.02,6.89,10.79,1.5,2.93,4,128.8,1.014,2022-10-28
2705755,14203510,Puerto Rican white cheese,1604,Cottage/ricotta cheese,,298,18.88,2.96,23.36,0,2.32,626,297.6,0.999,2022-10-28
2708707,58111200,"Puffs, fried, crab meat and cream cheese filled",3406,"Egg rolls, dumplings, sushi",fried,314,9.4,35.09,15.12,1.2,3.54,840,314.0,1.000,2022-10-28
2707579,43101050,"Pumpkin seeds, NFS",2804,Nuts and seeds,,574,29.84,14.71,49.05,6.5,1.29,18,619.6,1.080,2022-10-28
2707580,43101100,"Pumpkin seeds, salted",2804,Nuts and seeds,,567,29.49,14.54,48.47,6.4,1.27,477,612.4,1.080,2022-10-28
2707581,43101150,"Pumpkin seeds, unsalted",2804,Nuts and seeds,,574,29.84,14.71,49.05,6.5,1.29,18,619.6,1.080,2022-10-28
2709691,73201013,"Pumpkin, canned, cooked",6406,Other red and orange vegetables,,56,1.08,7.86,2.82,2.8,3.21,13,61.1,1.092,2022-10-28
2709692,73201020,"Pumpkin, cooked",6406,Other red and orange vegetables,,52,1.05,6.77,2.84,0.5,2.88,131,56.8,1.093,2022-10-28
2708608,58105100,"Pupusa, cheese only",3506,Other Mexican mixed dishes,,256,11.72,22.39,13.25,2.9,1.2,400,255.7,0.999,2022-10-28
2708610,58105110,"Pupusa, meat",3506,Other Mexican mixed dishes,,232,11.51,23.02,10.43,2.6,1.45,426,232.0,1.000,2022-10-28
2708611,58105120,"Pupusa, meat, with beans",3506,Other Mexican mixed dishes,,230,8.55,27.26,9.72,4.2,1.38,366,230.7,1.003,2022-10-28
2708609,58105105,"Pupusa, with beans",3506,Other Mexican mixed dishes,,229,5.59,31.5,9.01,5.8,1.3,305,229.5,1.002,2022-10-28
2707178,31203000,"Quail egg, canned",2502,Eggs and omelets,,158,13.01,0.41,11.06,0,0.4,256,153.2,0.970,2022-10-28
2706149,24403100,"Quail, cooked",2206,"Turkey, duck, other poultry",,226,25,0,14.04,0,0,214,226.4,1.002,2022-10-28
2706898,27510229,Quarter Pounder (McDonalds),3702,Burgers,,256,15.68,22.14,11.6,1.1,3.67,374,255.7,0.999,2022-10-28
2706900,27510232,Quarter Pounder with cheese (McDonalds),3702,Burgers,,269,15.21,19.72,14.4,1.2,3.6,591,269.3,1.001,2022-10-28
2708592,58104730,"Quesadilla, beef or pork",3506,Other Mexican mixed dishes,,305,14.07,27.32,15.13,1.9,2.15,600,301.7,0.989,2022-10-28
2708595,58104760,"Quesadilla, beef or pork, with vegetables",3506,Other Mexican mixed dishes,,279,11.1,28.22,13.22,2.1,2.63,592,276.3,0.990,2022-10-28
2708591,58104710,"Quesadilla, cheese only",3506,Other Mexican mixed dishes,,316,13.36,28.62,16.21,2,2.41,676,313.8,0.993,2022-10-28
2708593,58104740,"Quesadilla, chicken",3506,Other Mexican mixed dishes,,287,14.45,27.32,12.99,1.9,2.15,601,284.0,0.990,2022-10-28
2708596,58104770,"Quesadilla, chicken, with vegetables",3506,Other Mexican mixed dishes,,270,11.29,28.22,12.14,2.1,2.63,592,267.3,0.990,2022-10-28
2708597,58104780,"Quesadilla, egg",3706,Egg/breakfast sandwiches,,249,10.91,20.06,13.71,1.4,1.75,470,247.3,0.993,2022-10-28
2708598,58104790,"Quesadilla, egg, with meat",3706,Egg/breakfast sandwiches,,249,11.43,19.09,13.93,1.3,1.71,504,247.4,0.994,2022-10-28
2708590,58104700,"Quesadilla, NFS",3506,Other Mexican mixed dishes,,316,13.36,28.62,16.21,2,2.41,676,313.8,0.993,2022-10-28
2708594,58104750,"Quesadilla, with vegetables",3506,Other Mexican mixed dishes,,253,8.14,29.18,11.32,2.2,3.1,524,251.2,0.993,2022-10-28
2705743,14131000,"Queso Anejo, aged Mexican cheese",1602,Cheese,,373,21.44,4.63,29.98,0,4.63,1131,374.1,1.003,2022-10-28
2705744,14131500,Queso Asadero,1602,Cheese,,297,22.14,2.4,22.1,0,0,734,297.1,1.000,2022-10-28
2705746,14134000,Queso cotija,1602,Cheese,,351,23.84,2.72,27.24,0,0,1625,351.4,1.001,2022-10-28
2705745,14133000,Queso Fresco,1602,Cheese,,298,18.88,2.96,23.36,0,2.32,626,297.6,0.999,2022-10-28
2708731,58125110,"Quiche with meat, poultry or fish",3208,Turnovers and other grain-based items,,387,15.5,12.12,30.63,0.7,1.91,570,386.1,0.998,2022-10-28
2708401,56204010,"Quinoa, fat added",4004,"Pasta, noodles, cooked grains",,146,4.2,20.22,5.42,2.7,0.84,184,146.5,1.003,2022-10-28
2708400,56204005,"Quinoa, no added fat",4004,"Pasta, noodles, cooked grains",,120,4.38,21.21,1.91,2.8,0.87,163,119.5,0.996,2022-10-28
2708399,56204000,"Quinoa, NS as to fat",4004,"Pasta, noodles, cooked grains",,146,4.2,20.22,5.42,2.7,0.84,184,146.5,1.003,2022-10-28
2705912,23310000,Rabbit,2008,"Lamb, goat, game",,204,30.14,0,8.34,0,0,344,195.6,0.959,2022-10-28
2705925,23335100,Raccoon,2008,"Lamb, goat, game",,253,28.97,0,14.38,0,0,386,245.3,0.970,2022-10-28
2709613,72124100,"Radicchio, raw",6410,Lettuce and lettuce salads,raw,23,1.43,4.48,0.25,0.9,0.6,22,25.9,1.126,2022-10-28
2709803,75125000,Radish,6420,Other vegetables and combinations,,16,0.68,3.4,0.1,1.6,1.86,39,17.2,1.076,2022-10-28
2710099,75512010,"Radishes, pickled",8408,"Olives, pickles, pickled vegetables",,34,0.56,7.68,0.1,1.3,6.41,977,33.9,0.996,2022-10-28
2709212,62125100,Raisins,6016,Dried fruits,,299,3.3,79.32,0.25,4.5,65.18,26,332.7,1.113,2022-10-28
2709154,58407038,Ramen bowl with beef,3808,Ramen and Asian broth-based soups,,137,6.81,15.4,5.19,1,0.44,353,135.6,0.989,2022-10-28
2709155,58407042,Ramen bowl with chicken,3808,Ramen and Asian broth-based soups,,126,7.04,15.4,3.86,1,0.44,354,124.5,0.988,2022-10-28
2709156,58407046,Ramen bowl with fish,3808,Ramen and Asian broth-based soups,,112,5.78,15.4,2.87,1,0.44,359,110.5,0.987,2022-10-28
2709158,58407056,Ramen bowl with meat and egg,3808,Ramen and Asian broth-based soups,,127,7.13,13.95,4.57,0.9,0.42,333,125.4,0.988,2022-10-28
2709153,58407034,"Ramen bowl, NFS",3808,Ramen and Asian broth-based soups,,127,7.13,13.95,4.57,0.9,0.42,333,125.4,0.988,2022-10-28
2709157,58407052,"Ramen bowl, vegetarian",3808,Ramen and Asian broth-based soups,,108,4.01,15.57,3.33,1.1,0.54,344,108.3,1.003,2022-10-28
2709159,58407060,"Ramen bowl, vegetarian with egg",3808,Ramen and Asian broth-based soups,,112,4.85,14.11,3.99,1,0.51,322,111.8,0.998,2022-10-28
2705624,12350235,"Ranch dip, light",8412,"Dips, gravies, other sauces",,201,2.35,13.95,15.25,0.2,7.78,607,202.4,1.007,2022-10-28
2705623,12350230,"Ranch dip, regular",8412,"Dips, gravies, other sauces",,432,2.55,3.94,45.18,0.3,2.48,718,432.6,1.001,2022-10-28
2705446,11440040,"Ranch dip, yogurt based",8412,"Dips, gravies, other sauces",,195,8.48,4.13,16.09,0.3,3.41,646,195.2,1.001,2022-10-28
2710212,83113500,Ranch dressing,8012,Salad dressings and vegetable oils,,430,1.32,5.9,44.54,0,4.69,810,429.7,0.999,2022-10-28
2710236,83300750,"Ranch dressing, fat free",8012,Salad dressings and vegetable oils,,107,1.4,20,2.7,0,5.35,897,109.9,1.027,2022-10-28
2710225,83205560,"Ranch dressing, light",8012,Salad dressings and vegetable oils,,160,1.5,7,14,0,5.65,833,160.0,1.000,2022-10-28
2709282,63219610,"Raspberries, frozen",6011,Blueberries and other berries,,57,1.01,12.9,0.19,6.5,2.68,0,57.4,1.006,2022-10-28
2709281,63219000,"Raspberries, raw",6011,Blueberries and other berries,raw,57,1.01,12.9,0.19,6.5,2.68,0,57.4,1.006,2022-10-28
2710028,75316050,Ratatouille,3104,Vegetable dishes,,67,1.09,5.77,4.73,1.9,3.39,151,70.0,1.045,2022-10-28
2708774,58131610,"Ravioli, cheese and spinach filled, with tomato sauce",3204,"Pasta mixed dishes, excludes macaroni and cheese",,117,5.19,16.82,3.37,1.2,1.33,535,118.4,1.012,2022-10-28
2708772,58131590,"Ravioli, cheese and spinach-filled, no sauce",3204,"Pasta mixed dishes, excludes macaroni and cheese",,150,6.62,20.83,4.51,1,0.26,528,150.4,1.003,2022-10-28
2708773,58131600,"Ravioli, cheese and spinach-filled, with cream sauce",3204,"Pasta mixed dishes, excludes macaroni and cheese",,145,5.56,15.67,6.74,0.7,1.75,398,145.6,1.004,2022-10-28
2708767,58131510,"Ravioli, cheese-filled, no sauce",3204,"Pasta mixed dishes, excludes macaroni and cheese",,173,7.39,21.73,6.25,0.7,0.22,646,172.7,0.998,2022-10-28
2708771,58131535,"Ravioli, cheese-filled, with cream sauce",3204,"Pasta mixed dishes, excludes macaroni and cheese",,160,6.06,16.21,7.91,0.5,1.74,475,160.3,1.002,2022-10-28
2708770,58131530,"Ravioli, cheese-filled, with meat sauce",3204,"Pasta mixed dishes, excludes macaroni and cheese",,137,6.37,14.31,6.14,0.8,1.38,598,138.0,1.007,2022-10-28
2708768,58131520,"Ravioli, cheese-filled, with tomato sauce",3204,"Pasta mixed dishes, excludes macaroni and cheese",,98,3.98,15.22,2.3,1.2,3.6,246,97.5,0.995,2022-10-28
2708769,58131523,"Ravioli, cheese-filled, with tomato sauce, canned",3204,"Pasta mixed dishes, excludes macaroni and cheese",,77,2.48,13.64,1.45,1.3,3.72,306,77.5,1.007,2022-10-28
2708763,58131310,"Ravioli, meat-filled, no sauce",3204,"Pasta mixed dishes, excludes macaroni and cheese",,190,12.59,17.7,7.42,0.6,0.2,770,187.9,0.989,2022-10-28
2708766,58131330,"Ravioli, meat-filled, with cream sauce",3204,"Pasta mixed dishes, excludes macaroni and cheese",,176,10.15,13.69,8.8,0.4,1.58,576,174.6,0.992,2022-10-28
2708764,58131320,"Ravioli, meat-filled, with tomato sauce or meat sauce",3204,"Pasta mixed dishes, excludes macaroni and cheese",,148,8.74,14.46,6.25,1,1.73,593,149.1,1.007,2022-10-28
2708765,58131323,"Ravioli, meat-filled, with tomato sauce or meat sauce, canned",3204,"Pasta mixed dishes, excludes macaroni and cheese",,97,3.24,13.26,3.41,1.5,1.97,283,96.7,0.997,2022-10-28
2708760,58131100,"Ravioli, NS as to filling, no sauce",3204,"Pasta mixed dishes, excludes macaroni and cheese",,185,10.3,19.89,6.97,0.7,0.21,284,183.5,0.992,2022-10-28
2708762,58131120,"Ravioli, NS as to filling, with cream sauce",3204,"Pasta mixed dishes, excludes macaroni and cheese",,169,8.12,15.18,8.38,0.5,1.69,234,168.6,0.998,2022-10-28
2708761,58131110,"Ravioli, NS as to filling, with tomato sauce",3204,"Pasta mixed dishes, excludes macaroni and cheese",,138,6.92,14.61,5.9,0.9,1.46,393,139.2,1.009,2022-10-28
2709763,75100250,"Raw vegetable, NFS",6420,Other vegetables and combinations,,30,1.19,5.83,0.26,2,2.53,53,30.4,1.014,2022-10-28
2710799,99997525,"Red pepper, cooked, as ingredient",9999,Not included in a food category,,33,0.97,7.15,0.14,1.3,4.52,0,33.7,1.022,2022-10-28
2707396,41205010,Refried beans,2802,"Beans, peas, legumes",,90,4.98,13.55,2.01,3.7,0.54,370,92.2,1.025,2022-10-28
2707398,41205030,Refried beans with meat,2802,"Beans, peas, legumes",,99,7.81,11.76,2.51,3.2,0.57,406,100.9,1.019,2022-10-28
2707399,41205040,"Refried beans, from canned, reduced sodium",2802,"Beans, peas, legumes",,89,4.98,13.55,2.01,3.7,0.54,138,92.2,1.036,2022-10-28
2707397,41205017,"Refried beans, from fast food / restaurant",2802,"Beans, peas, legumes",,177,6.7,16.28,9.48,7.8,0.76,402,177.2,1.001,2022-10-28
2710073,75501010,"Relish, corn",8408,"Olives, pickles, pickled vegetables",,111,1.7,25.7,0.91,1.5,18.43,336,117.8,1.061,2022-10-28
2710079,75503020,"Relish, pickle",8408,"Olives, pickles, pickled vegetables",,130,0.37,35.06,0.47,1.1,29.13,811,145.9,1.123,2022-10-28
2706952,27510950,Reuben sandwich,3740,Deli and cured meat sandwiches,,282,10.01,16.42,19.43,2.2,3.48,688,280.6,0.995,2022-10-28
2709268,63147110,Rhubarb,6018,Other fruits and fruit salads,,73,0.81,17.45,0.22,1.6,14.4,4,75.0,1.028,2022-10-28
2705893,22700000,"Ribs, NFS",2006,Pork,,254,16.52,12.13,14.97,0.3,9.89,674,249.3,0.982,2022-10-28
2708162,54318500,Rice cake,5202,"Crackers, excludes saltines",,392,7.1,81.1,4.3,4.2,0.88,71,391.5,0.999,2022-10-28
2709071,58161710,Rice croquette,3202,Rice mixed dishes,,154,3.35,20.08,6.58,0.9,0.62,416,152.9,0.993,2022-10-28
2709091,58164210,Rice dessert or salad with fruit,3202,Rice mixed dishes,,154,1.39,20.8,7.29,0.6,11.02,7,154.4,1.002,2022-10-28
2709089,58163510,Rice dressing,3202,Rice mixed dishes,,110,1.98,17.61,3.29,0.6,0.71,600,108.0,0.982,2022-10-28
2705411,11360000,Rice milk,1902,Plant-based milk,,47,0.28,9.17,0.97,0.3,5.28,39,46.5,0.990,2022-10-28
2708356,56117090,"Rice noodles, cooked",4004,"Pasta, noodles, cooked grains",,107,1.78,23.87,0.2,1,0.03,250,104.4,0.976,2022-10-28
2708166,54319500,Rice paper,5202,"Crackers, excludes saltines",,323,5.91,72.26,1.11,0.5,0.27,314,322.7,0.999,2022-10-28
2709077,58162310,Rice pilaf,3202,Rice mixed dishes,,137,3.29,24.08,3.03,0.4,0.48,414,136.8,0.998,2022-10-28
2709090,58164110,Rice with raisins,3202,Rice mixed dishes,,162,2.65,32.13,2.58,0.8,6.49,447,162.3,1.002,2022-10-28
2708979,58156310,"Rice with Spanish sausage, Puerto Rican style",3202,Rice mixed dishes,,289,8.39,32.39,13.58,0.8,0.4,943,285.3,0.987,2022-10-28
2708977,58155910,"Rice with squid, Puerto Rican style",3202,Rice mixed dishes,,264,8.87,29.31,11.8,0.8,1.1,559,258.9,0.981,2022-10-28
2708980,58156710,"Rice with stewed beans, Puerto Rican style",3202,Rice mixed dishes,,138,3.66,23.02,3.23,1.5,0.1,464,135.8,0.984,2022-10-28
2708978,58156210,"Rice with vienna sausage, Puerto Rican style",3202,Rice mixed dishes,,269,6.46,33.54,11.6,0.8,0.41,959,264.4,0.983,2022-10-28
2708430,56205340,"Rice, brown and wild, cooked, fat added",4002,Rice,,138,2.82,24.31,3.24,1.6,0.3,202,137.7,0.998,2022-10-28
2708427,56205310,"Rice, brown and wild, cooked, no added fat",4002,Rice,,120,2.89,24.9,0.88,1.6,0.3,206,119.1,0.992,2022-10-28
2708431,56205350,"Rice, brown and wild, cooked, NS as to fat",4002,Rice,,112,2.2,19.9,2.72,0.9,0.25,509,112.9,1.008,2022-10-28
2710789,99995625,"Rice, brown, cooked, as ingredient",9999,Not included in a food category,,124,2.45,25.89,1.12,1,0.22,3,123.4,0.995,2022-10-28
2708410,56205012,"Rice, brown, cooked, fat added, made with oil",4002,Rice,,141,2.38,25.16,3.41,1,0.22,196,140.8,0.999,2022-10-28
2708413,56205017,"Rice, brown, cooked, fat added, NS as to fat type",4002,Rice,,138,2.38,25.16,3.12,1,0.22,203,138.2,1.002,2022-10-28
2708411,56205014,"Rice, brown, cooked, made with butter",4002,Rice,,137,2.4,25.16,3,1,0.23,209,137.2,1.002,2022-10-28
2708412,56205016,"Rice, brown, cooked, made with margarine",4002,Rice,,134,2.38,25.18,2.6,1,0.22,213,133.6,0.997,2022-10-28
2708414,56205018,"Rice, brown, cooked, no added fat",4002,Rice,,123,2.43,25.76,1.11,1,0.22,201,122.8,0.998,2022-10-28
2708409,56205011,"Rice, brown, cooked, NS as to fat",4002,Rice,,123,2.44,25.76,1.11,1,0.22,201,122.8,0.998,2022-10-28
2709063,58161504,"Rice, brown, with carrots and dark green vegetables, fat added",3202,Rice mixed dishes,,120,2.47,21.32,2.66,1.8,0.69,167,119.1,0.992,2022-10-28
2709062,58161502,"Rice, brown, with carrots and dark green vegetables, no added fat",3202,Rice mixed dishes,,105,2.51,21.72,0.82,1.8,0.7,170,104.3,0.993,2022-10-28
2709061,58161500,"Rice, brown, with carrots and dark green vegetables, NS as to fat",3202,Rice mixed dishes,,120,2.47,21.32,2.66,1.8,0.69,167,119.1,0.992,2022-10-28
2709057,58161484,"Rice, brown, with carrots and tomatoes and/or tomato-based sauce, fat added",3202,Rice mixed dishes,,111,2.2,20.02,2.51,1.7,0.9,171,111.5,1.004,2022-10-28
2709056,58161482,"Rice, brown, with carrots and tomatoes and/or tomato-based sauce, no added fat",3202,Rice mixed dishes,,97,2.24,20.38,0.78,1.8,0.91,174,97.5,1.005,2022-10-28
2709055,58161480,"Rice, brown, with carrots and tomatoes and/or tomato-based sauce, NS as to fat",3202,Rice mixed dishes,,111,2.2,20.02,2.51,1.7,0.9,171,111.5,1.004,2022-10-28
2709067,58161524,"Rice, brown, with carrots, dark green vegetables, and tomatoes and/or tomato-based sauce, fat added",3202,Rice mixed dishes,,114,2.35,20.39,2.57,1.7,0.76,169,114.1,1.001,2022-10-28
2709066,58161522,"Rice, brown, with carrots, dark green vegetables, and tomatoes and/or tomato-based sauce, no added fat",3202,Rice mixed dishes,,100,2.39,20.76,0.8,1.8,0.78,172,99.8,0.998,2022-10-28
2709065,58161520,"Rice, brown, with carrots, dark green vegetables, and tomatoes and/or tomato-based sauce, NS as to fat",3202,Rice mixed dishes,,114,2.35,20.39,2.57,1.7,0.76,169,114.1,1.001,2022-10-28
2709045,58161439,"Rice, brown, with carrots, fat added",3202,Rice mixed dishes,,119,2.27,21.43,2.63,1.9,0.9,168,118.5,0.996,2022-10-28
2709044,58161437,"Rice, brown, with carrots, no added fat",3202,Rice mixed dishes,,104,2.31,21.84,0.8,1.9,0.91,172,103.8,0.998,2022-10-28
2709043,58161435,"Rice, brown, with carrots, NS as to fat",3202,Rice mixed dishes,,119,2.27,21.43,2.63,1.9,0.9,168,118.5,0.996,2022-10-28
2709103,58164820,"Rice, brown, with cheese and/or cream based sauce, fat added",3202,Rice mixed dishes,,157,4.87,19.29,6.62,1.1,0.22,282,156.2,0.995,2022-10-28
2709102,58164810,"Rice, brown, with cheese and/or cream based sauce, no added fat",3202,Rice mixed dishes,,144,4.95,19.61,5.04,1.2,0.22,287,143.6,0.997,2022-10-28
2709101,58164800,"Rice, brown, with cheese and/or cream based sauce, NS as to fat",3202,Rice mixed dishes,,157,4.87,19.29,6.62,1.1,0.22,282,156.2,0.995,2022-10-28
2709039,58161424,"Rice, brown, with corn, fat added",3202,Rice mixed dishes,,128,2.64,23.66,2.71,1.7,0.84,155,129.6,1.012,2022-10-28
2709038,58161422,"Rice, brown, with corn, no added fat",3202,Rice mixed dishes,,113,2.69,24.1,0.9,1.8,0.86,158,115.3,1.020,2022-10-28
2709037,58161420,"Rice, brown, with corn, NS as to fat",3202,Rice mixed dishes,,128,2.64,23.66,2.71,1.7,0.84,155,129.6,1.012,2022-10-28
2709060,58161494,"Rice, brown, with dark green vegetables and tomatoes and/or tomato-based sauce, fat added",3202,Rice mixed dishes,,110,2.39,19.42,2.46,1.7,0.72,165,109.4,0.994,2022-10-28
2709059,58161492,"Rice, brown, with dark green vegetables and tomatoes and/or tomato-based sauce, no added fat",3202,Rice mixed dishes,,98,2.42,20.26,0.8,1.7,0.71,173,97.9,0.999,2022-10-28
2709058,58161490,"Rice, brown, with dark green vegetables and tomatoes and/or tomato-based sauce, NS as to fat",3202,Rice mixed dishes,,112,2.38,19.91,2.54,1.7,0.7,170,112.0,1.000,2022-10-28
2709054,58161474,"Rice, brown, with dark green vegetables, fat added",3202,Rice mixed dishes,,120,2.67,21.09,2.67,1.7,0.48,164,119.1,0.992,2022-10-28
2709053,58161472,"Rice, brown, with dark green vegetables, no added fat",3202,Rice mixed dishes,,105,2.72,21.48,0.84,1.8,0.49,167,104.4,0.994,2022-10-28
2709052,58161470,"Rice, brown, with dark green vegetables, NS as to fat",3202,Rice mixed dishes,,120,2.67,21.09,2.67,1.7,0.48,164,119.1,0.992,2022-10-28
2709106,58164850,"Rice, brown, with gravy, fat added",3202,Rice mixed dishes,,114,2.11,19.28,3.08,1.1,0.25,252,113.3,0.994,2022-10-28
2709105,58164840,"Rice, brown, with gravy, no added fat",3202,Rice mixed dishes,,101,2.14,19.61,1.44,1.2,0.26,256,100.0,0.990,2022-10-28
2709104,58164830,"Rice, brown, with gravy, NS as to fat",3202,Rice mixed dishes,,114,2.11,19.28,3.08,1.1,0.25,252,113.3,0.994,2022-10-28
2709070,58161534,"Rice, brown, with other vegetables, fat added",3202,Rice mixed dishes,,119,2.4,21.47,2.64,1.6,0.94,157,119.2,1.002,2022-10-28
2709069,58161532,"Rice, brown, with other vegetables, no added fat",3202,Rice mixed dishes,,105,2.45,21.88,0.81,1.6,0.96,160,104.6,0.996,2022-10-28
2709068,58161530,"Rice, brown, with other vegetables, NS as to fat",3202,Rice mixed dishes,,119,2.4,21.47,2.64,1.6,0.94,157,119.2,1.002,2022-10-28
2709048,58161444,"Rice, brown, with peas and carrots, fat added",3202,Rice mixed dishes,,123,2.73,21.97,2.66,2,1.08,195,122.7,0.998,2022-10-28
2709047,58161442,"Rice, brown, with peas and carrots, no added fat",3202,Rice mixed dishes,,109,2.78,22.39,0.84,2.1,1.1,198,108.2,0.993,2022-10-28
2709046,58161440,"Rice, brown, with peas and carrots, NS as to fat",3202,Rice mixed dishes,,123,2.73,21.97,2.66,2,1.08,195,122.7,0.998,2022-10-28
2709042,58161434,"Rice, brown, with peas, fat added",3202,Rice mixed dishes,,127,3.18,22.64,2.64,2.2,1.1,171,127.0,1.000,2022-10-28
2709041,58161432,"Rice, brown, with peas, no added fat",3202,Rice mixed dishes,,113,3.24,23.07,0.82,2.2,1.12,174,112.6,0.997,2022-10-28
2709040,58161430,"Rice, brown, with peas, NS as to fat",3202,Rice mixed dishes,,127,3.18,22.64,2.64,2.2,1.1,171,127.0,1.000,2022-10-28
2709109,58164880,"Rice, brown, with soy-based sauce, fat added",3402,Fried rice and lo/chow mein,,114,2.14,20.58,2.42,1.1,1.25,420,112.7,0.988,2022-10-28
2709108,58164870,"Rice, brown, with soy-based sauce, no added fat",3402,Fried rice and lo/chow mein,,100,2.17,20.92,0.77,1.2,1.27,428,99.3,0.993,2022-10-28
2709107,58164860,"Rice, brown, with soy-based sauce, NS as to fat",3402,Fried rice and lo/chow mein,,114,2.14,20.58,2.42,1.1,1.25,420,112.7,0.988,2022-10-28
2709051,58161464,"Rice, brown, with tomatoes and/or tomato based sauce, fat added",3202,Rice mixed dishes,,105,2.13,18.77,2.41,1.7,0.89,174,105.3,1.003,2022-10-28
2709050,58161462,"Rice, brown, with tomatoes and/or tomato based sauce, no added fat",3202,Rice mixed dishes,,92,2.16,19.08,0.76,1.7,0.91,177,91.8,0.998,2022-10-28
2709049,58161460,"Rice, brown, with tomatoes and/or tomato based sauce, NS as to fat",3202,Rice mixed dishes,,105,2.13,18.77,2.41,1.7,0.89,174,105.3,1.003,2022-10-28
2709124,58165450,"Rice, brown, with vegetables and gravy, fat added",3202,Rice mixed dishes,,105,2.24,18.18,2.56,1.7,0.76,213,104.7,0.997,2022-10-28
2709123,58165440,"Rice, brown, with vegetables and gravy, no added fat",3202,Rice mixed dishes,,94,2.27,18.43,1.21,1.7,0.77,216,93.7,0.997,2022-10-28
2709122,58165430,"Rice, brown, with vegetables and gravy, NS as to fat",3202,Rice mixed dishes,,105,2.24,18.18,2.56,1.7,0.76,213,104.7,0.997,2022-10-28
2709121,58165420,"Rice, brown, with vegetables, cheese and/or cream based sauce, fat added",3202,Rice mixed dishes,,140,4.51,18.19,5.47,1.7,0.74,238,140.0,1.000,2022-10-28
2709120,58165410,"Rice, brown, with vegetables, cheese and/or cream based sauce, no added fat",3202,Rice mixed dishes,,130,4.57,18.44,4.17,1.7,0.74,241,129.6,0.997,2022-10-28
2709119,58165400,"Rice, brown, with vegetables, cheese and/or cream based sauce, NS as to fat",3202,Rice mixed dishes,,140,4.51,18.19,5.47,1.7,0.74,238,140.0,1.000,2022-10-28
2709127,58165480,"Rice, brown, with vegetables, soy-based sauce, fat added",3402,Fried rice and lo/chow mein,,105,2.27,19.24,2.02,1.7,1.58,352,104.2,0.993,2022-10-28
2709126,58165470,"Rice, brown, with vegetables, soy-based sauce, no added fat",3402,Fried rice and lo/chow mein,,94,2.3,19.51,0.66,1.7,1.6,357,93.2,0.991,2022-10-28
2709125,58165460,"Rice, brown, with vegetables, soy-based sauce, NS as to fat",3402,Fried rice and lo/chow mein,,105,2.27,19.24,2.02,1.7,1.58,352,104.2,0.993,2022-10-28
2709032,58161200,"Rice, cooked with coconut milk",3202,Rice mixed dishes,,267,3.57,26.55,17.23,1.9,3.34,182,275.6,1.032,2022-10-28
2708402,56205000,"Rice, cooked, NFS",4002,Rice,,129,2.67,27.99,0.28,0.4,0.05,245,125.2,0.970,2022-10-28
2708416,56205060,"Rice, cooked, with milk",4002,Rice,,144,5.13,25.01,2.31,0.3,4.91,357,141.3,0.982,2022-10-28
2708951,58150110,"Rice, fried, meatless",3402,Fried rice and lo/chow mein,fried,174,3.84,32.5,3.19,1.1,0.62,361,174.1,1.000,2022-10-28
2708952,58150310,"Rice, fried, NFS",3402,Fried rice and lo/chow mein,fried,174,3.84,32.5,3.19,1.1,0.62,361,174.1,1.000,2022-10-28
2708955,58150340,"Rice, fried, with beef",3402,Fried rice and lo/chow mein,fried,178,7.86,27.62,4.06,0.9,0.53,313,178.5,1.003,2022-10-28
2708953,58150320,"Rice, fried, with chicken",3402,Fried rice and lo/chow mein,fried,173,7.28,27.62,3.66,0.9,0.53,359,172.5,0.997,2022-10-28
2708954,58150330,"Rice, fried, with pork",3402,Fried rice and lo/chow mein,fried,179,7.56,27.62,4.16,0.9,0.53,316,178.2,0.995,2022-10-28
2708956,58150510,"Rice, fried, with shrimp",3402,Fried rice and lo/chow mein,fried,166,6.68,27.85,2.97,0.9,0.53,324,164.8,0.993,2022-10-28
2708417,56205070,"Rice, sweet, cooked with honey",4002,Rice,,139,2.52,31.12,0.26,0.4,4.89,344,136.9,0.985,2022-10-28
2708428,56205320,"Rice, white and wild, cooked, fat added",4002,Rice,,112,2.17,20.62,2.14,0.5,0.13,510,110.4,0.986,2022-10-28
2708426,56205300,"Rice, white and wild, cooked, no added fat",4002,Rice,,79,1.82,17.22,0.16,0.5,0.11,401,77.6,0.982,2022-10-28
2708429,56205330,"Rice, white and wild, cooked, NS as to fat",4002,Rice,,112,2.17,20.62,2.14,0.5,0.13,510,110.4,0.986,2022-10-28
2708432,56205410,"Rice, white, cooked with fat, Puerto Rican style",4002,Rice,,200,2.84,31.9,6.3,0.5,0.05,506,195.7,0.978,2022-10-28
2710788,99995620,"Rice, white, cooked, as ingredient",9999,Not included in a food category,,130,2.54,28.98,0.37,0,0.04,3,129.4,0.995,2022-10-28
2708407,56205007,"Rice, white, cooked, fat added, NS as to fat type",4002,Rice,,148,2.6,27.2,2.77,0.4,0.05,246,144.1,0.974,2022-10-28
2708422,56205190,"Rice, white, cooked, glutinous",4002,Rice,,96,2.01,20.97,0.19,1,0.05,227,93.6,0.975,2022-10-28
2708405,56205004,"Rice, white, cooked, made with butter",4002,Rice,,147,2.62,27.2,2.61,0.4,0.06,253,142.8,0.971,2022-10-28
2708406,56205006,"Rice, white, cooked, made with margarine",4002,Rice,,142,2.6,27.22,2.12,0.4,0.05,258,138.4,0.974,2022-10-28
2708404,56205002,"Rice, white, cooked, made with oil",4002,Rice,,151,2.6,27.19,3.12,0.4,0.05,238,147.2,0.975,2022-10-28
2708408,56205008,"Rice, white, cooked, no added fat",4002,Rice,,129,2.67,27.99,0.28,0.4,0.05,245,125.2,0.970,2022-10-28
2708403,56205001,"Rice, white, cooked, NS as to fat",4002,Rice,,129,2.67,27.99,0.28,0.4,0.05,244,125.2,0.970,2022-10-28
2709022,58160660,"Rice, white, with carrots and dark green vegetables, fat added",3202,Rice mixed dishes,,124,2.38,22.49,2.44,0.9,0.62,193,121.4,0.979,2022-10-28
2709021,58160650,"Rice, white, with carrots and dark green vegetables, no added fat",3202,Rice mixed dishes,,107,2.44,22.99,0.28,1,0.64,197,104.2,0.974,2022-10-28
2709020,58160640,"Rice, white, with carrots and dark green vegetables, NS as to fat",3202,Rice mixed dishes,,124,2.38,22.49,2.44,0.9,0.62,193,121.4,0.979,2022-10-28
2709016,58160600,"Rice, white, with carrots and tomatoes and/or tomato-based sauce, fat added",3202,Rice mixed dishes,,114,2.07,20.91,2.29,0.9,0.87,196,112.5,0.987,2022-10-28
2709015,58160590,"Rice, white, with carrots and tomatoes and/or tomato-based sauce, no added fat",3202,Rice mixed dishes,,98,2.12,21.34,0.26,1,0.89,200,96.2,0.981,2022-10-28
2709014,58160580,"Rice, white, with carrots and tomatoes and/or tomato-based sauce, NS as to fat",3202,Rice mixed dishes,,114,2.07,20.91,2.29,0.9,0.87,196,112.5,0.987,2022-10-28
2709025,58160690,"Rice, white, with carrots, dark green vegetables, and tomatoes and/or tomato-based sauce, fat added",3202,Rice mixed dishes,,118,2.25,21.35,2.35,0.9,0.71,194,115.6,0.979,2022-10-28
2709024,58160680,"Rice, white, with carrots, dark green vegetables, and tomatoes and/or tomato-based sauce, no added fat",3202,Rice mixed dishes,,101,2.3,21.81,0.27,0.9,0.73,198,98.9,0.979,2022-10-28
2709023,58160670,"Rice, white, with carrots, dark green vegetables, and tomatoes and/or tomato-based sauce, NS as to fat",3202,Rice mixed dishes,,115,2.26,20.84,2.28,1,0.74,189,112.9,0.982,2022-10-28
2709004,58160480,"Rice, white, with carrots, fat added",3202,Rice mixed dishes,,123,2.16,22.64,2.42,1,0.86,195,121.0,0.984,2022-10-28
2709003,58160470,"Rice, white, with carrots, no added fat",3202,Rice mixed dishes,,106,2.2,23.14,0.25,1,0.88,199,103.6,0.977,2022-10-28
2709002,58160460,"Rice, white, with carrots, NS as to fat",3202,Rice mixed dishes,,123,2.16,22.64,2.42,1,0.86,195,121.0,0.984,2022-10-28
2709094,58164520,"Rice, white, with cheese and/or cream based sauce, fat added",3202,Rice mixed dishes,,166,5.16,20.01,7.03,0.3,0.1,322,164.0,0.988,2022-10-28
2709093,58164510,"Rice, white, with cheese and/or cream based sauce, no added fat",3202,Rice mixed dishes,,152,5.26,20.4,5.22,0.3,0.1,328,149.6,0.984,2022-10-28
2709092,58164500,"Rice, white, with cheese and/or cream based sauce, NS as to fat",3202,Rice mixed dishes,,166,5.16,20.01,7.03,0.3,0.1,322,164.0,0.988,2022-10-28
2708998,58160420,"Rice, white, with corn, fat added",3202,Rice mixed dishes,,134,2.58,25.21,2.5,0.9,0.81,178,133.7,0.997,2022-10-28
2708997,58160410,"Rice, white, with corn, no added fat",3202,Rice mixed dishes,,117,2.64,25.76,0.38,0.9,0.83,182,117.0,1.000,2022-10-28
2708996,58160400,"Rice, white, with corn, NS as to fat",3202,Rice mixed dishes,,134,2.58,25.21,2.5,0.9,0.81,178,133.7,0.997,2022-10-28
2709019,58160630,"Rice, white, with dark green vegetables and tomatoes and/or tomato-based sauce, fat added",3202,Rice mixed dishes,,115,2.29,20.78,2.32,0.9,0.64,194,113.2,0.984,2022-10-28
2709018,58160620,"Rice, white, with dark green vegetables and tomatoes and/or tomato-based sauce, no added fat",3202,Rice mixed dishes,,99,2.34,21.21,0.28,0.9,0.65,199,96.7,0.977,2022-10-28
2709017,58160610,"Rice, white, with dark green vegetables and tomatoes and/or tomato-based sauce, NS as to fat",3202,Rice mixed dishes,,115,2.29,20.78,2.32,0.9,0.64,194,113.2,0.984,2022-10-28
2709013,58160570,"Rice, white, with dark green vegetables, fat added",3202,Rice mixed dishes,,125,2.62,22.21,2.45,0.9,0.39,190,121.4,0.971,2022-10-28
2709012,58160560,"Rice, white, with dark green vegetables, no added fat",3202,Rice mixed dishes,,107,2.67,22.7,0.3,0.9,0.4,194,104.2,0.974,2022-10-28
2709011,58160550,"Rice, white, with dark green vegetables, NS as to fat",3202,Rice mixed dishes,,125,2.62,22.21,2.45,0.9,0.39,190,121.4,0.971,2022-10-28
2709097,58164550,"Rice, white, with gravy, fat added",3202,Rice mixed dishes,,117,1.98,20.01,2.96,0.3,0.13,287,114.6,0.979,2022-10-28
2709096,58164540,"Rice, white, with gravy, no added fat",3202,Rice mixed dishes,,102,2.02,20.4,1.06,0.3,0.13,293,99.2,0.973,2022-10-28
2709095,58164530,"Rice, white, with gravy, NS as to fat",3202,Rice mixed dishes,,117,1.98,20.01,2.96,0.3,0.13,287,114.6,0.979,2022-10-28
2709030,58160805,"Rice, white, with lentils, fat added",3202,Rice mixed dishes,,150,5.5,21.43,4.83,4.1,1.29,189,151.2,1.008,2022-10-28
2709031,58160810,"Rice, white, with lentils, no added fat",3202,Rice mixed dishes,,115,5.76,22.44,0.33,4.3,1.35,198,115.8,1.007,2022-10-28
2709029,58160800,"Rice, white, with lentils, NS as to fat",3202,Rice mixed dishes,,150,5.5,21.43,4.83,4.1,1.29,189,151.2,1.008,2022-10-28
2709028,58160720,"Rice, white, with other vegetables, fat added",3202,Rice mixed dishes,,124,2.3,22.68,2.41,0.8,0.9,181,121.6,0.981,2022-10-28
2709027,58160710,"Rice, white, with other vegetables, no added fat",3202,Rice mixed dishes,,107,2.36,23.16,0.26,0.7,0.95,185,104.4,0.976,2022-10-28
2709026,58160700,"Rice, white, with other vegetables, NS as to fat",3202,Rice mixed dishes,,124,2.3,22.68,2.41,0.8,0.9,181,121.6,0.981,2022-10-28
2709007,58160510,"Rice, white, with peas and carrots, fat added",3202,Rice mixed dishes,,128,2.69,23.25,2.45,1.2,1.08,225,125.8,0.983,2022-10-28
2709006,58160500,"Rice, white, with peas and carrots, no added fat",3202,Rice mixed dishes,,111,2.75,23.76,0.3,1.3,1.11,230,108.7,0.980,2022-10-28
2709005,58160490,"Rice, white, with peas and carrots, NS as to fat",3202,Rice mixed dishes,,128,2.69,23.25,2.45,1.2,1.08,225,125.8,0.983,2022-10-28
2709001,58160450,"Rice, white, with peas, fat added",3202,Rice mixed dishes,,133,3.22,24.03,2.42,1.4,1.11,197,130.8,0.983,2022-10-28
2709000,58160440,"Rice, white, with peas, no added fat",3202,Rice mixed dishes,,116,3.29,24.56,0.28,1.4,1.14,202,113.9,0.982,2022-10-28
2708999,58160430,"Rice, white, with peas, NS as to fat",3202,Rice mixed dishes,,133,3.22,24.03,2.42,1.4,1.11,197,130.8,0.983,2022-10-28
2709100,58164580,"Rice, white, with soy-based sauce, fat added",3402,Fried rice and lo/chow mein,,117,2.01,21.5,2.19,0.3,1.28,482,113.8,0.972,2022-10-28
2709099,58164570,"Rice, white, with soy-based sauce, no added fat",3402,Fried rice and lo/chow mein,,101,2.05,21.92,0.28,0.3,1.31,491,98.4,0.974,2022-10-28
2709098,58164560,"Rice, white, with soy-based sauce, NS as to fat",3402,Fried rice and lo/chow mein,,117,2.01,21.5,2.19,0.3,1.28,482,113.8,0.972,2022-10-28
2709010,58160540,"Rice, white, with tomatoes and/or tomato-based sauce, fat added",3202,Rice mixed dishes,,107,2,19.41,2.18,0.9,0.87,198,105.3,0.984,2022-10-28
2709009,58160530,"Rice, white, with tomatoes and/or tomato-based sauce, no added fat",3202,Rice mixed dishes,,91,2.04,19.79,0.27,0.9,0.89,201,89.8,0.986,2022-10-28
2709008,58160520,"Rice, white, with tomatoes and/or tomato-based sauce, NS as to fat",3202,Rice mixed dishes,,107,2,19.41,2.18,0.9,0.87,198,105.3,0.984,2022-10-28
2709115,58165050,"Rice, white, with vegetables and gravy, fat added",3202,Rice mixed dishes,,107,2.15,18.63,2.4,1.1,0.73,237,104.7,0.979,2022-10-28
2709114,58165040,"Rice, white, with vegetables and gravy, no added fat",3202,Rice mixed dishes,,95,2.19,18.92,0.88,1.1,0.74,241,92.4,0.972,2022-10-28
2709113,58165030,"Rice, white, with vegetables and gravy, NS as to fat",3202,Rice mixed dishes,,107,2.15,18.63,2.4,1.1,0.73,237,104.7,0.979,2022-10-28
2709112,58165020,"Rice, white, with vegetables, cheese and/or cream based sauce, fat added",3202,Rice mixed dishes,,146,4.7,18.63,5.66,1.1,0.7,265,144.3,0.988,2022-10-28
2709111,58165010,"Rice, white, with vegetables, cheese and/or cream based sauce, no added fat",3202,Rice mixed dishes,,134,4.77,18.92,4.2,1.1,0.71,269,132.6,0.989,2022-10-28
2709110,58165000,"Rice, white, with vegetables, cheese and/or cream based sauce, NS as to fat",3202,Rice mixed dishes,,146,4.7,18.63,5.66,1.1,0.7,265,144.3,0.988,2022-10-28
2709118,58165080,"Rice, white, with vegetables, soy-based sauce, fat added",3402,Fried rice and lo/chow mein,,106,2.18,19.82,1.79,1.1,1.65,393,104.1,0.982,2022-10-28
2709117,58165070,"Rice, white, with vegetables, soy-based sauce, no added fat",3402,Fried rice and lo/chow mein,,94,2.22,20.13,0.26,1.1,1.67,399,91.7,0.976,2022-10-28
2709116,58165060,"Rice, white, with vegetables, soy-based sauce, NS as to fat",3402,Fried rice and lo/chow mein,,106,2.18,19.82,1.79,1.1,1.65,393,104.1,0.982,2022-10-28
2708425,56205215,"Rice, wild, 100%, cooked, fat added",4002,Rice,,122,3.86,20.63,3.08,1.7,0.71,231,125.7,1.030,2022-10-28
2708424,56205210,"Rice, wild, 100%, cooked, no added fat",4002,Rice,,100,3.97,21.21,0.34,1.8,0.73,238,103.8,1.038,2022-10-28
2708423,56205205,"Rice, wild, 100%, cooked, NS as to fat",4002,Rice,,122,3.86,20.63,3.08,1.7,0.71,231,125.7,1.030,2022-10-28
2710140,77205610,"Ripe plantain meat pie, Puerto Rican style",3002,Meat mixed dishes,,315,12.81,22.03,20.22,2.1,11.4,584,321.3,1.020,2022-10-28
2706955,27513055,Roast beef sandwich on wheat,3740,Deli and cured meat sandwiches,,192,14.89,23.8,3.84,2.8,2.83,639,189.3,0.986,2022-10-28
2706956,27513065,"Roast beef sandwich on wheat, with cheese",3740,Deli and cured meat sandwiches,,217,15.73,20.93,7.61,2.4,2.82,696,215.1,0.991,2022-10-28
2706953,27513010,Roast beef sandwich on white,3740,Deli and cured meat sandwiches,,194,13.87,25.76,3.64,1.2,2.9,645,191.3,0.986,2022-10-28
2706954,27513050,"Roast beef sandwich on white, with cheese",3740,Deli and cured meat sandwiches,,219,14.87,22.58,7.44,1,2.88,701,216.8,0.990,2022-10-28
2710648,93301135,Rob Roy,7506,Liquor and cocktails,,212,0.05,3.6,0,0,2.05,3,14.6,0.069,2022-10-28
2708704,58110200,"Roll with meat and/or shrimp, vegetables and rice paper, not fried",3406,"Egg rolls, dumplings, sushi",,112,5.65,17.23,2.65,1.9,3.91,395,115.4,1.030,2022-10-28
2707597,51000400,"Roll, bran, NS as to type of bran",4204,Rolls and buns,,263,9.6,44.6,6,3.8,6.25,458,270.8,1.030,2022-10-28
2707660,51154600,"Roll, cheese",4204,Rolls and buns,,315,11.48,49.56,7.85,1.9,5.29,476,314.8,0.999,2022-10-28
2707658,51154510,"Roll, diet",4204,Rolls and buns,,272,10.75,51.88,2.42,2.2,4.62,602,272.3,1.001,2022-10-28
2707659,51154550,"Roll, egg bread",4204,Rolls and buns,,287,9.5,47.8,6,2.3,1.78,380,283.2,0.987,2022-10-28
2707661,51155000,"Roll, French or Vienna",4204,Rolls and buns,,272,10.75,51.88,2.42,2.2,4.62,602,272.3,1.001,2022-10-28
2707662,51156500,"Roll, garlic",4204,Rolls and buns,,309,10.84,51.92,6.44,2,5.53,465,309.0,1.000,2022-10-28
2707800,51808100,"Roll, gluten free",4204,Rolls and buns,,239,3.34,50.47,2.65,5.1,6.87,593,239.1,1.000,2022-10-28
2707596,51000300,"Roll, hard, NS as to major flour",4204,Rolls and buns,,293,9.9,52.7,4.3,2.3,1.77,544,289.1,0.987,2022-10-28
2707664,51158100,"Roll, Mexican, bolillo",4204,Rolls and buns,,318,10.65,55.77,5.8,2.2,3.55,506,317.9,1.000,2022-10-28
2707782,51620000,"Roll, multigrain",4204,Rolls and buns,,263,9.6,44.6,6,3.8,6.25,458,270.8,1.030,2022-10-28
2707784,51620030,"Roll, multigrain, hamburger bun",4204,Rolls and buns,,263,9.6,44.6,6,3.8,6.25,458,270.8,1.030,2022-10-28
2707783,51620020,"Roll, multigrain, hot dog bun",4204,Rolls and buns,,263,9.6,44.6,6,3.8,6.25,458,270.8,1.030,2022-10-28
2707595,51000200,"Roll, NS as to major flour",4204,Rolls and buns,,279,9.77,50.12,3.91,1.8,7.28,494,274.8,0.985,2022-10-28
2707773,51502010,"Roll, oatmeal",4204,Rolls and buns,,269,8.4,48.5,4.4,4,8.14,447,267.2,0.993,2022-10-28
2707767,51421000,"Roll, pumpernickel",4204,Rolls and buns,,250,8.7,47.5,3.1,6.5,0.53,596,252.7,1.011,2022-10-28
2707766,51420000,"Roll, rye",4204,Rolls and buns,,259,8.5,48.3,3.3,5.8,3.85,570,256.9,0.992,2022-10-28
2707665,51159000,"Roll, sour dough",4204,Rolls and buns,,272,10.75,51.88,2.42,2.2,4.62,602,272.3,1.001,2022-10-28
2707668,51160110,"Roll, sweet, cinnamon bun, frosted",5506,"Doughnuts, sweet rolls, pastries",,452,4.45,48.6,26.61,1.2,25.7,305,451.7,0.999,2022-10-28
2707667,51160100,"Roll, sweet, cinnamon bun, no frosting",5506,"Doughnuts, sweet rolls, pastries",,372,6.2,50.9,16.4,2.4,31.73,304,376.0,1.011,2022-10-28
2707673,51161050,"Roll, sweet, frosted",5506,"Doughnuts, sweet rolls, pastries",,404,5.54,50.85,20.14,2.3,34.47,266,406.8,1.007,2022-10-28
2707666,51160000,"Roll, sweet, no frosting",5506,"Doughnuts, sweet rolls, pastries",,321,10.04,53.58,7.37,3.1,15.38,253,320.8,0.999,2022-10-28
2707671,51161020,"Roll, sweet, with fruit, frosted",5506,"Doughnuts, sweet rolls, pastries",,379,5.23,53.56,16.37,2,36.63,285,382.5,1.009,2022-10-28
2707672,51161030,"Roll, sweet, with fruit, frosted, diet",5506,"Doughnuts, sweet rolls, pastries",,452,4.45,48.6,26.61,1.2,25.7,305,451.7,0.999,2022-10-28
2707746,51320010,"Roll, wheat or cracked wheat",4204,Rolls and buns,,273,8.6,46,6.3,3.8,1.63,524,275.1,1.008,2022-10-28
2707748,51320070,"Roll, wheat or cracked wheat, hamburger bun",4204,Rolls and buns,,269,11.69,47.31,3.61,4.2,6.9,463,268.5,0.998,2022-10-28
2707747,51320060,"Roll, wheat or cracked wheat, hot dog bun",4204,Rolls and buns,,269,11.69,47.31,3.61,4.2,6.9,463,268.5,0.998,2022-10-28
2707657,51154100,"Roll, white, hamburger bun",4204,Rolls and buns,,267,9.43,49.2,3.59,2.3,5.34,450,266.8,0.999,2022-10-28
2707655,51153000,"Roll, white, hard",4204,Rolls and buns,,293,9.9,52.7,4.3,2.3,1.77,544,289.1,0.987,2022-10-28
2707663,51157000,"Roll, white, hoagie, submarine",4204,Rolls and buns,,279,9.77,50.12,3.91,1.8,7.28,494,274.8,0.985,2022-10-28
2707656,51154010,"Roll, white, hot dog bun",4204,Rolls and buns,,267,9.43,49.2,3.59,2.3,5.34,450,266.8,0.999,2022-10-28
2707654,51150000,"Roll, white, soft",4204,Rolls and buns,,279,9.77,50.12,3.91,1.8,7.28,494,274.8,0.985,2022-10-28
2707752,51320700,"Roll, whole grain white",4204,Rolls and buns,,255,9.3,46.5,3.49,2.3,9.3,512,254.6,0.998,2022-10-28
2707754,51320720,"Roll, whole grain white, hamburger bun",4204,Rolls and buns,,255,9.3,46.5,3.49,2.3,9.3,512,254.6,0.998,2022-10-28
2707753,51320710,"Roll, whole grain white, hot dog bun",4204,Rolls and buns,,255,9.3,46.5,3.49,2.3,9.3,512,254.6,0.998,2022-10-28
2707749,51320500,"Roll, whole wheat",4204,Rolls and buns,,273,8.6,46,6.3,3.8,1.63,524,275.1,1.008,2022-10-28
2707751,51320560,"Roll, whole wheat, hamburger bun",4204,Rolls and buns,,269,12.38,44.93,4.38,6.1,5.92,477,268.7,0.999,2022-10-28
2707750,51320550,"Roll, whole wheat, hot dog bun",4204,Rolls and buns,,269,12.38,44.93,4.38,6.1,5.92,477,268.7,0.999,2022-10-28
2709590,72116000,"Romaine lettuce, raw",6410,Lettuce and lettuce salads,raw,21,0.98,4.06,0.07,1.8,1.19,23,20.8,0.990,2022-10-28
2710703,93504000,Rum,7506,Liquor and cocktails,,231,0,0,0,0,0,1,0.0,0.000,2022-10-28
2710660,93301190,Rum and cola,7506,Liquor and cocktails,,89,0,7.8,0.19,0,7.48,3,32.9,0.370,2022-10-28
2710661,93301191,Rum and diet cola,7506,Liquor and cocktails,,60,0.08,0.22,0.02,0,0,6,1.4,0.023,2022-10-28
2710686,93302000,"Rum, hot buttered",7506,Liquor and cocktails,,160,0.08,4.95,4.47,0.1,4.65,4,60.3,0.377,2022-10-28
2710206,83109000,Russian dressing,8012,Salad dressings and vegetable oils,,355,0.69,31.9,26.18,0.7,17.68,1133,366.0,1.031,2022-10-28
2710649,93301136,Rusty Nail,7506,Liquor and cocktails,,244,0,8.74,0.03,0,8.75,1,35.2,0.144,2022-10-28
2709980,75228020,"Rutabaga, cooked",6420,Other vegetables and combinations,,63,1.13,8.98,2.9,2.4,4.65,143,66.5,1.056,2022-10-28
2709804,75127000,"Rutabaga, raw",6420,Other vegetables and combinations,raw,37,1.08,8.62,0.16,2.3,4.46,12,40.2,1.088,2022-10-28
2710189,82106000,Safflower oil,8012,Salad dressings and vegetable oils,,900,0,0,100,0,0,0,900.0,1.000,2022-10-28
2710237,83300900,"Salad dressing, fat free, NFS",8012,Salad dressings and vegetable oils,,107,1.4,20,2.7,0,5.35,897,109.9,1.027,2022-10-28
2710215,83200100,"Salad dressing, light, NFS",8012,Salad dressings and vegetable oils,,160,1.5,7,14,0,5.65,833,160.0,1.000,2022-10-28
2710195,83100100,"Salad dressing, NFS, for salads",8012,Salad dressings and vegetable oils,,430,1.32,5.9,44.54,0,4.69,810,429.7,0.999,2022-10-28
2710196,83100200,"Salad dressing, NFS, for sandwiches",8010,Mayonnaise,,594,0.9,3.41,64.2,0,2.46,639,595.0,1.002,2022-10-28
2707048,27560540,Salami sandwich on wheat,3740,Deli and cured meat sandwiches,,319,16.07,23.84,17.34,2.8,2.82,1075,315.7,0.990,2022-10-28
2707049,27560550,"Salami sandwich on wheat, with cheese",3740,Deli and cured meat sandwiches,,325,16.73,20.96,19.04,2.4,2.81,1065,322.1,0.991,2022-10-28
2707046,27560520,Salami sandwich on white,3740,Deli and cured meat sandwiches,,321,15.05,25.8,17.14,1.2,2.89,1080,317.7,0.990,2022-10-28
2707047,27560530,"Salami sandwich on white, with cheese",3740,Deli and cured meat sandwiches,,326,15.87,22.61,18.87,1,2.87,1070,323.8,0.993,2022-10-28
2706196,25221505,"Salami, made from any type of meat, reduced fat",2602,Cold cuts and cured meats,,172,19.2,1.55,9.21,0.1,1.12,1107,165.9,0.964,2022-10-28
2706197,25221515,"Salami, made from any type of meat, reduced sodium",2602,Cold cuts and cured meats,,378,21.07,0.72,31.65,0,0.26,1317,372.0,0.984,2022-10-28
2706195,25221500,"Salami, NFS",2602,Cold cuts and cured meats,,378,21.07,0.72,31.65,0,0.26,1756,372.0,0.984,2022-10-28
2707098,28110300,"Salisbury steak dinner, NFS, frozen meal",3002,Meat mixed dishes,,146,6.82,10.94,8.4,1.2,1.35,268,146.6,1.004,2022-10-28
2706380,27112010,Salisbury steak with gravy,3002,Meat mixed dishes,,149,6.98,6.78,10.47,1,0.26,509,149.3,1.002,2022-10-28
2707101,28110380,"Salisbury steak with gravy, macaroni and cheese, frozen meal",3002,Meat mixed dishes,,202,10.41,20.36,8.51,1.3,1.77,380,199.7,0.988,2022-10-28
2707099,28110310,"Salisbury steak with gravy, potatoes, vegetable, frozen meal",3002,Meat mixed dishes,,146,6.82,10.94,8.4,1.2,1.35,268,146.6,1.004,2022-10-28
2707100,28110330,"Salisbury steak with gravy, whipped potatoes, vegetable, dessert, frozen meal",3002,Meat mixed dishes,,141,7.65,12.62,6.66,1,2.23,589,141.0,1.000,2022-10-28
2707023,27550120,Salmon cake sandwich,3730,Seafood sandwiches,,279,13.86,19.37,15.93,1,2.22,419,276.3,0.990,2022-10-28
2706826,27450030,Salmon salad,3006,Seafood mixed dishes,,213,10.82,2.73,17.36,0.4,1.98,507,210.4,0.988,2022-10-28
2709743,74402350,"Salsa verde or salsa, green",8412,"Dips, gravies, other sauces",,38,1.13,6.36,0.89,1.9,3.5,906,38.0,0.999,2022-10-28
2709736,74402100,"Salsa, NFS",8402,Tomato-based condiments,,34,1.44,6.74,0.19,1.8,3.81,656,34.4,1.013,2022-10-28
2709737,74402110,"Salsa, pico de gallo",8402,Tomato-based condiments,,17,0.71,3.7,0.14,1.1,2.13,443,18.9,1.112,2022-10-28
2709738,74402150,"Salsa, red",8402,Tomato-based condiments,,34,1.44,6.74,0.19,1.8,3.81,656,34.4,1.013,2022-10-28
2709739,74402200,"Salsa, red, homemade",8402,Tomato-based condiments,,34,1.44,6.74,0.19,1.8,3.81,656,34.4,1.013,2022-10-28
2709981,75229011,"Salsify, cooked",6420,Other vegetables and combinations,,89,2.65,14.88,2.71,3,2.81,136,94.5,1.062,2022-10-28
2707430,41311020,"Sambar, vegetable stew",3104,Vegetable dishes,,86,4.33,11.77,2.71,4,1.97,207,88.8,1.032,2022-10-28
2708730,58124500,Samosa,3208,Turnovers and other grain-based items,,310,5.14,33.16,17.47,1.8,1.28,388,310.4,1.001,2022-10-28
2710172,81302040,Sandwich spread,8010,Mayonnaise,,389,0.9,22.4,34,0.4,15.18,1000,399.2,1.026,2022-10-28
2706881,27500300,"Sandwich wrap, NFS",3740,Deli and cured meat sandwiches,,232,12.77,23.3,9.4,1.5,2.42,792,228.9,0.987,2022-10-28
2706880,27500050,"Sandwich, NFS",3740,Deli and cured meat sandwiches,,287,12.75,33.83,12.03,1.9,8.88,542,294.6,1.026,2022-10-28
2710695,93404550,"Sangria, red",7504,Wine,,85,0.04,7.23,0.02,0,6.14,10,29.3,0.344,2022-10-28
2710696,93404560,"Sangria, white",7504,Wine,,83,0.04,7.22,0.02,0,6.31,10,29.2,0.352,2022-10-28
2707033,27550510,Sardine sandwich,3730,Seafood sandwiches,,234,17.87,21.87,7.96,1,2.37,371,230.6,0.985,2022-10-28
2710813,99998130,Sauce as ingredient in hamburgers,9999,Not included in a food category,,272,1.34,17.14,22.85,0.6,13.08,845,279.6,1.028,2022-10-28
2710177,81308200,"Sauce, NFS",8412,"Dips, gravies, other sauces",,109,1.59,12.72,5.67,0.2,4.56,968,108.3,0.993,2022-10-28
2709982,75230000,Sauerkraut,8408,"Olives, pickles, pickled vegetables",,40,0.9,4.16,2.53,2.8,1.73,659,43.0,1.075,2022-10-28
2706513,27220190,Sausage and noodles with cream or white sauce,3002,Meat mixed dishes,,153,5.91,14.83,7.8,0.6,1.67,359,153.2,1.001,2022-10-28
2706776,27420470,"Sausage and peppers, no sauce",3002,Meat mixed dishes,,247,13.99,3.26,19.87,0.3,1.88,551,247.8,1.003,2022-10-28
2706512,27220170,Sausage and rice with cheese sauce,3002,Meat mixed dishes,,151,6.32,13.94,7.61,0.2,0.22,373,149.5,0.990,2022-10-28
2706511,27220150,Sausage and rice with mushroom sauce,3002,Meat mixed dishes,,142,4.86,16.8,6.02,0.4,0.8,488,140.8,0.992,2022-10-28
2706510,27220120,Sausage and rice with tomato-based sauce,3002,Meat mixed dishes,,134,4.63,16.4,5.49,0.7,1.3,673,133.5,0.996,2022-10-28
2706774,27420450,"Sausage and vegetables including  carrots, broccoli, and/or dark-green leafy; no potatoes, tomato-based sauce",3002,Meat mixed dishes,,113,5.56,4.94,8.34,1.7,2.83,675,117.1,1.036,2022-10-28
2706775,27420460,"Sausage and vegetables, excluding carrots, broccoli, and dark-green leafy; no potatoes, tomato-based sauce",3002,Meat mixed dishes,,120,5.62,6.94,8.34,1.6,2.74,665,125.3,1.044,2022-10-28
2707339,34002130,Sausage biscuit sandwich,3706,Egg/breakfast sandwiches,,372,10.66,27.21,24.47,1.6,2.77,870,371.7,0.999,2022-10-28
2707340,34002140,"Sausage biscuit sandwich, with cheese",3706,Egg/breakfast sandwiches,,370,12.19,23.71,25.1,1.3,2.77,892,369.5,0.999,2022-10-28
2707341,34002150,Sausage English muffin sandwich,3706,Egg/breakfast sandwiches,,300,13.48,22.81,17.2,1.7,2.51,615,300.0,1.000,2022-10-28
2706406,27120120,Sausage gravy,3002,Meat mixed dishes,,180,6.78,7.65,13.61,0.1,3.92,421,180.2,1.001,2022-10-28
2707342,34002160,Sausage griddle/pancake sandwich,3706,Egg/breakfast sandwiches,,278,10.53,17.04,18.69,0.6,6.27,505,278.5,1.002,2022-10-28
2706405,27120110,Sausage with tomato-based sauce,3002,Meat mixed dishes,,234,13.28,2.58,19.09,0.4,1.82,863,235.2,1.005,2022-10-28
2706190,25221400,"Sausage, NFS",2608,Sausages,,325,18.53,1.42,27.25,0,1.09,814,325.1,1.000,2022-10-28
2706639,27320080,"Sausage, noodles, and vegetables excluding carrots, broccoli, and dark-green leafy; tomato-based sauce",3002,Meat mixed dishes,,131,5.26,15.34,5.69,1.4,1.74,381,133.6,1.020,2022-10-28
2706640,27320090,"Sausage, noodles, and vegetables including carrots, broccoli, and/or dark-green leafy; tomato-based sauce",3002,Meat mixed dishes,,127,5.22,14.19,5.69,1.5,1.8,388,128.8,1.015,2022-10-28
2706644,27320130,"Sausage, potatoes, and vegetables excluding carrots, broccoli, and dark-green leafy; gravy",3002,Meat mixed dishes,,128,3.78,12.78,7.12,1.3,1.06,352,130.3,1.018,2022-10-28
2706643,27320120,"Sausage, potatoes, and vegetables including carrots, broccoli, and/or dark-green leafy; gravy",3002,Meat mixed dishes,,128,3.73,11.61,7.53,1.4,1.11,357,129.1,1.009,2022-10-28
2706356,26317120,"Scallops, baked or broiled",2404,Shellfish,,126,14.99,3.96,5.14,0,0.01,415,122.1,0.969,2022-10-28
2706359,26317140,"Scallops, fried",2404,Shellfish,fried,217,11.08,14.14,12.54,0.5,0.2,466,213.7,0.985,2022-10-28
2706357,26317121,"Scallops, grilled",2404,Shellfish,grilled,108,15.3,4.04,2.89,0,0,412,103.4,0.957,2022-10-28
2706358,26317130,"Scallops, steamed or boiled",2404,Shellfish,,87,15.24,4.02,0.62,0,0,301,82.6,0.950,2022-10-28
2707808,52105100,Scone,4402,"Biscuits, muffins, quick breads",,382,6.67,48.07,18.35,1.2,13.4,446,384.1,1.006,2022-10-28
2707809,52105200,"Scone, with fruit",4402,"Biscuits, muffins, quick breads",,374,6.33,51.2,16.54,1.5,18.58,404,379.0,1.013,2022-10-28
2710701,93502100,Scotch,7506,Liquor and cocktails,,231,0,0,0,0,0,1,0.0,0.000,2022-10-28
2706198,25221610,"Scrapple, cooked",2608,Sausages,,227,8.57,14.96,14.76,0.3,0.21,385,227.0,1.000,2022-10-28
2710650,93301140,Screwdriver,7506,Liquor and cocktails,,92,0.58,7.66,0.26,0.2,6.16,2,35.3,0.384,2022-10-28
2710651,93301141,Seabreeze,7506,Liquor and cocktails,,92,0.21,8.23,0.22,0.1,7.26,1,35.7,0.388,2022-10-28
2705784,14620130,Seafood dip,8412,"Dips, gravies, other sauces",,337,6.18,4.2,32.8,0.2,1.95,715,336.7,0.999,2022-10-28
2706848,27450210,"Seafood garden salad with seafood, lettuce, eggs, tomato and/or carrots, other vegetables, no dressing",3006,Seafood mixed dishes,,62,7.91,2.77,1.95,0.8,1.25,245,60.3,0.972,2022-10-28
2706847,27450200,"Seafood garden salad with seafood, lettuce, eggs, vegetables excluding tomato and carrots, no dressing",3006,Seafood mixed dishes,,64,8.41,2.39,2.05,0.7,1.01,256,61.7,0.963,2022-10-28
2706846,27450190,"Seafood garden salad with seafood, lettuce, tomato and/or carrots, other vegetables, no dressing",3006,Seafood mixed dishes,,47,7.12,3.04,0.49,1,1.27,266,45.0,0.959,2022-10-28
2706845,27450180,"Seafood garden salad with seafood, lettuce, vegetables excluding tomato and carrots, no dressing",3006,Seafood mixed dishes,,47,7.66,2.62,0.5,0.8,0.99,280,45.6,0.971,2022-10-28
2708973,58155320,"Seafood paella, Puerto Rican style",3202,Rice mixed dishes,,146,7.59,15.7,5.64,0.9,0.85,231,143.9,0.986,2022-10-28
2706838,27450080,Seafood salad,3006,Seafood mixed dishes,,190,10.12,1.25,15.82,0.4,0.56,585,187.9,0.989,2022-10-28
2707039,27550800,Seafood salad sandwich,3730,Seafood sandwiches,,216,9.89,17.24,11.75,1,2.15,540,214.3,0.992,2022-10-28
2706452,27150140,Seafood sauce,2404,Shellfish,,203,8.53,2.51,17.45,0.1,0.02,463,201.2,0.991,2022-10-28
2706569,27250550,Seafood souffle,3006,Seafood mixed dishes,,153,9.94,5.56,9.98,0.1,2.21,425,151.8,0.992,2022-10-28
2706451,27150130,Seafood thermidor,3006,Seafood mixed dishes,,251,10.64,4.66,21.16,0.1,2.55,388,251.6,1.003,2022-10-28
2709990,75232120,"Seaweed, cooked, fat added",6420,Other vegetables and combinations,,63,3.41,7.71,3.06,0.7,0.57,382,72.0,1.143,2022-10-28
2709989,75232110,"Seaweed, cooked, no added fat",6420,Other vegetables and combinations,,41,3.51,7.94,0.49,0.7,0.58,384,50.2,1.225,2022-10-28
2709988,75232000,"Seaweed, dried",9999,Not included in a food category,dried,298,31.84,52.39,4.01,5.6,3.04,575,373.0,1.252,2022-10-28
2710100,75513010,"Seaweed, pickled",8408,"Olives, pickles, pickled vegetables",,54,2.91,11.44,0.42,0.6,5.35,1263,61.2,1.133,2022-10-28
2709805,75127500,"Seaweed, raw",6420,Other vegetables and combinations,raw,41,3.51,7.94,0.49,0.7,0.58,384,50.2,1.225,2022-10-28
2706444,27146360,Sesame chicken,3404,Stir-fry and soy-based sauce mixtures,,293,14.33,26.88,14.25,0.7,15.98,482,293.1,1.000,2022-10-28
2710211,83112990,Sesame dressing,8012,Salad dressings and vegetable oils,,443,3.1,8.6,45.2,1,8.32,1000,453.6,1.024,2022-10-28
2710226,83206500,"Sesame dressing, light",8012,Salad dressings and vegetable oils,,102,0.39,9.99,6.68,0,9.16,891,101.6,0.996,2022-10-28
2710190,82107000,Sesame oil,8012,Salad dressings and vegetable oils,,884,0,0,100,0,0,0,900.0,1.018,2022-10-28
2707586,43103000,Sesame seeds,2804,Nuts and seeds,,631,20.45,11.73,61.21,11.6,0.48,47,679.6,1.077,2022-10-28
2710652,93301142,Seven and Seven,7506,Liquor and cocktails,,87,0.04,7.63,0.02,0,6.76,7,30.9,0.355,2022-10-28
2709829,75145000,"Seven-layer salad, lettuce salad made with a combination of onion, celery, green pepper, peas, mayonnaise, cheese, eggs, and/or bacon",3104,Vegetable dishes,,229,4.7,5.79,20.71,1.2,3.19,265,228.4,0.997,2022-10-28
2706577,27250950,Shellfish and noodles with tomato-based sauce,3006,Seafood mixed dishes,,135,6.58,15.74,5.04,1.1,1.36,239,134.6,0.997,2022-10-28
2706862,27450660,"Shellfish mixture and vegetables excluding carrots, broccoli, and dark-green leafy; no potatoes, mushroom sauce",3006,Seafood mixed dishes,,117,6.3,7.63,6.93,1,1.49,308,118.1,1.009,2022-10-28
2706860,27450610,"Shellfish mixture and vegetables excluding carrots, broccoli, and dark-green leafy; no potatoes, soy-based sauce",3404,Stir-fry and soy-based sauce mixtures,,122,9.73,5.63,6.62,1,1.56,242,121.0,0.992,2022-10-28
2706861,27450650,"Shellfish mixture and vegetables including carrots, broccoli, and/or dark-green leafy; no potatoes, mushroom sauce",3006,Seafood mixed dishes,,111,6.25,5.92,6.92,1.1,1.57,317,111.0,1.000,2022-10-28
2706859,27450600,"Shellfish mixture and vegetables including carrots, broccoli, and/or dark-green leafy; no potatoes, soy-based sauce",3404,Stir-fry and soy-based sauce mixtures,,120,9.41,5.89,6.38,1.2,1.5,247,118.6,0.989,2022-10-28
2706336,26300000,"Shellfish, NFS",2404,Shellfish,,146,15.46,4.9,6.67,0.2,0.07,348,141.5,0.969,2022-10-28
2706594,27311510,Shepherd's pie,3002,Meat mixed dishes,,123,7.64,8.72,6.3,1.5,1.88,264,122.1,0.993,2022-10-28
2705677,13150000,"Sherbet, all flavors",5802,Ice cream and frozen dairy desserts,,144,1.1,30.4,2,1.3,24.32,46,144.0,1.000,2022-10-28
2710611,92804000,Shirley Temple,7204,Fruit drinks,,56,0,14.17,0,0.1,12.55,9,56.7,1.012,2022-10-28
2710167,81203000,"Shortening, NS as to vegetable or animal",8004,Margarine,,884,0,0,99.97,0,0,4,899.7,1.018,2022-10-28
2706558,27250130,Shrimp and noodles with cheese sauce,3006,Seafood mixed dishes,,136,8.18,13.45,5.37,0.6,0.24,192,134.8,0.992,2022-10-28
2706556,27250126,Shrimp and noodles with cream or white sauce,3006,Seafood mixed dishes,,143,7.14,16.25,5.32,0.7,1.66,162,141.4,0.989,2022-10-28
2706554,27250122,Shrimp and noodles with gravy,3006,Seafood mixed dishes,,131,6.02,14.7,5.18,0.6,0.3,178,129.5,0.989,2022-10-28
2706555,27250124,Shrimp and noodles with mushroom sauce,3006,Seafood mixed dishes,,133,6.31,15.05,5.24,0.8,0.79,226,132.6,0.997,2022-10-28
2706557,27250128,Shrimp and noodles with soy-based sauce,3404,Stir-fry and soy-based sauce mixtures,,141,10.22,8.17,7.25,0.6,0.87,276,138.8,0.984,2022-10-28
2706559,27250132,Shrimp and noodles with tomato sauce,3006,Seafood mixed dishes,,134,6.46,15.39,5.22,1.1,1.36,172,134.4,1.003,2022-10-28
2706553,27250120,"Shrimp and noodles, no sauce",3006,Seafood mixed dishes,,146,7.3,16.43,5.5,0.8,0.26,144,144.4,0.989,2022-10-28
2706852,27450405,"Shrimp and vegetables excluding carrots, broccoli, and dark-green leafy; no potatoes, no sauce",3006,Seafood mixed dishes,,124,9.25,6.78,6.87,1.3,1.2,41,126.0,1.016,2022-10-28
2706854,27450420,"Shrimp and vegetables excluding carrots, broccoli, and dark-green leafy; no potatoes, soy-based sauce",3404,Stir-fry and soy-based sauce mixtures,,118,9.47,4.86,6.64,1,1.56,242,117.1,0.992,2022-10-28
2707120,28154010,"Shrimp and vegetables in sauce with noodles, diet frozen meal",3006,Seafood mixed dishes,,91,5.29,13.45,1.72,1.5,1.87,456,90.4,0.994,2022-10-28
2706851,27450400,"Shrimp and vegetables including carrots, broccoli, and/or dark-green leafy; no potatoes, no sauce",3006,Seafood mixed dishes,,118,9.35,3.8,7.25,1.6,1.37,59,117.8,0.999,2022-10-28
2706853,27450410,"Shrimp and vegetables including carrots, broccoli, and/or dark-green leafy; no potatoes, soy-based sauce",3404,Stir-fry and soy-based sauce mixtures,,116,9.16,5.15,6.4,1.2,1.5,247,114.8,0.990,2022-10-28
2708246,54406200,Shrimp chips,5004,"Tortilla, corn, other chips",,426,7.14,59.09,17.86,5.6,21.43,571,425.7,0.999,2022-10-28
2706712,27350050,Shrimp chow mein or chop suey with noodles,3402,Fried rice and lo/chow mein,,117,9.05,11.37,4.03,1.5,1.51,335,118.0,1.008,2022-10-28
2706827,27450040,"Shrimp chow mein or chop suey, no noodles",3402,Fried rice and lo/chow mein,,69,8.8,4.27,1.69,0.8,1.72,263,67.5,0.978,2022-10-28
2706449,27150110,Shrimp cocktail,2404,Shellfish,,99,13.24,7.92,1.22,0.4,2.96,502,95.6,0.966,2022-10-28
2706856,27450450,"Shrimp creole, no rice",3006,Seafood mixed dishes,,124,14.33,4.51,5.16,1,1.32,153,121.8,0.982,2022-10-28
2706713,27350060,"Shrimp creole, with rice",3006,Seafood mixed dishes,,123,10.12,11.92,3.64,0.8,0.96,436,120.9,0.983,2022-10-28
2707196,32105230,Shrimp egg foo yung,3404,Stir-fry and soy-based sauce mixtures,,125,11.69,5.2,6.16,0.3,3.07,340,123.0,0.984,2022-10-28
2706841,27450110,"Shrimp garden salad, shrimp, lettuce, eggs, tomato and/or carrots, other vegetables, no dressing",3006,Seafood mixed dishes,,65,8.28,2.77,2.04,0.8,1.25,289,62.6,0.962,2022-10-28
2706842,27450120,"Shrimp garden salad, shrimp, lettuce, eggs, vegetables excluding tomato and carrots, no dressing",3006,Seafood mixed dishes,,67,8.8,2.39,2.14,0.7,1.01,303,64.0,0.956,2022-10-28
2707142,28355440,Shrimp gumbo,3006,Seafood mixed dishes,,61,6.52,4.63,1.89,0.9,1.78,377,61.6,1.010,2022-10-28
2706465,27151050,"Shrimp in garlic sauce, Puerto Rican style",3006,Seafood mixed dishes,,281,11.56,2.45,24.96,0.2,0.47,476,280.7,0.999,2022-10-28
2706837,27450070,Shrimp salad,3006,Seafood mixed dishes,,196,10.68,1.27,16.2,0.4,0.57,703,193.6,0.988,2022-10-28
2706458,27150230,Shrimp scampi,2404,Shellfish,,192,15.41,2.27,12.98,0.2,0.1,168,187.5,0.977,2022-10-28
2706855,27450430,"Shrimp shish kabob with vegetables, excluding potatoes",3006,Seafood mixed dishes,,83,11.23,5.74,1.59,0.8,2.37,240,82.2,0.990,2022-10-28
2706462,27150410,Shrimp teriyaki,3404,Stir-fry and soy-based sauce mixtures,,120,21.62,3.34,1.56,0,1.76,581,113.9,0.949,2022-10-28
2706567,27250450,Shrimp toast,3006,Seafood mixed dishes,,222,8.46,12.01,15.42,0.8,1.4,558,220.7,0.994,2022-10-28
2706566,27250410,Shrimp with crab stuffing,3006,Seafood mixed dishes,,174,16.39,6.16,9.01,0.3,0.33,537,171.3,0.984,2022-10-28
2706455,27150160,Shrimp with lobster sauce,3006,Seafood mixed dishes,,151,16.78,2.16,7.85,0,0.8,1031,146.4,0.970,2022-10-28
2706361,26319120,"Shrimp, baked or broiled",2404,Shellfish,,129,16.92,1.14,5.79,0,0.01,363,124.4,0.964,2022-10-28
2706365,26319160,"Shrimp, baked or broiled, coated",2404,Shellfish,,154,15.55,8.74,5.91,0.3,0.14,388,150.3,0.976,2022-10-28
2706565,27250400,"Shrimp, cake or patty",3006,Seafood mixed dishes,,218,13.93,5.26,15.34,0.3,0.66,329,214.8,0.985,2022-10-28
2706367,26319180,"Shrimp, canned",2404,Shellfish,,100,20.42,0,1.36,0,0,870,93.9,0.939,2022-10-28
2706366,26319170,"Shrimp, dried",2404,Shellfish,dried,250,51.05,0,3.4,0,0,2175,234.8,0.939,2022-10-28
2706364,26319140,"Shrimp, fried",2404,Shellfish,fried,218,12.26,12.41,12.94,0.5,0.2,434,215.1,0.987,2022-10-28
2706362,26319123,"Shrimp, grilled",2404,Shellfish,grilled,110,17.26,1.16,3.55,0,0,359,105.6,0.960,2022-10-28
2706360,26319110,"Shrimp, NFS",2404,Shellfish,,146,15.46,4.9,6.67,0.2,0.07,348,141.5,0.969,2022-10-28
2706363,26319130,"Shrimp, steamed or boiled",2404,Shellfish,,90,17.19,1.15,1.28,0,0,248,84.9,0.943,2022-10-28
2710278,91301100,Simple syrup,8806,"Jams, syrups, toppings",,184,0,45.58,0.15,0,45.68,3,183.7,0.998,2022-10-28
2710676,93301280,Singapore Sling,7506,Liquor and cocktails,,93,0.12,7.25,0.04,0.2,6.16,15,29.8,0.321,2022-10-28
2710671,93301230,Sloe gin fizz,7506,Liquor and cocktails,,66,0.03,2.22,0.01,0,1.95,16,9.1,0.138,2022-10-28
2706884,27510105,"Sloppy joe sandwich, on wheat bun",3742,Meat and BBQ sandwiches,,180,11.85,18.43,6.44,2.2,4.26,343,179.1,0.995,2022-10-28
2706883,27510100,"Sloppy joe sandwich, on white bun",3742,Meat and BBQ sandwiches,,185,11.32,19.95,6.42,1.1,4.94,360,182.9,0.988,2022-10-28
2706378,27111500,"Sloppy joe, no bun",3002,Meat mixed dishes,,140,12.06,5.48,7.63,0.7,3.81,296,138.8,0.992,2022-10-28
2710576,92513000,Slush frozen drink,7204,Fruit drinks,,28,0,7.68,0.02,0,7.68,10,30.9,1.104,2022-10-28
2710577,92513010,"Slush frozen drink, no sugar added",7106,Other diet drinks,,11,0,3.11,0.01,0,3.11,5,12.5,1.139,2022-10-28
2708100,53712000,"Snack bar, oatmeal",5402,Cereal bars,,389,6.67,75.47,6.67,4.6,31.54,367,388.6,0.999,2022-10-28
2707873,53108200,"Snack cake, chocolate",5502,Cakes and pies,,399,3.63,60.31,15.93,3.2,37.76,332,399.1,1.000,2022-10-28
2707874,53109200,"Snack cake, white",5502,Cakes and pies,,374,3.47,64.03,11.54,1,37.3,470,373.9,1.000,2022-10-28
2708213,54402200,Snack mix,5008,Pretzels/snack mix,,504,6.87,63.11,25.79,3.1,1.9,729,512.0,1.016,2022-10-28
2708291,54420220,"Snack mix, plain (Chex Mix)",5008,Pretzels/snack mix,,417,8.74,72.2,10.34,4.6,7.98,707,416.8,1.000,2022-10-28
2710323,91621000,Snow cone,5806,"Gelatins, ices, sorbets",,128,0.4,32.6,0,0,32.6,22,132.0,1.031,2022-10-28
2710324,91621050,"Snow cone, no sugar added",5806,"Gelatins, ices, sorbets",,24,0,5.92,0,0,1.52,10,23.7,0.987,2022-10-28
2709986,75231021,"Snowpeas, fresh, cooked, fat added",6420,Other vegetables and combinations,raw,66,2.83,7.62,2.85,2.6,4.04,130,67.5,1.022,2022-10-28
2709983,75231011,"Snowpeas, fresh, cooked, no added fat",6420,Other vegetables and combinations,raw,44,2.91,7.84,0.21,2.7,4.15,125,44.9,1.020,2022-10-28
2709987,75231022,"Snowpeas, frozen, cooked, fat added",6420,Other vegetables and combinations,,73,3.4,8.74,2.91,3,4.67,126,74.8,1.024,2022-10-28
2709984,75231012,"Snowpeas, frozen, cooked, no added fat",6420,Other vegetables and combinations,,52,3.49,8.99,0.38,3.1,4.81,121,53.3,1.026,2022-10-28
2709985,75231020,"Snowpeas, NS as to form, cooked",6420,Other vegetables and combinations,,66,2.83,7.62,2.85,2.6,4.04,130,67.5,1.022,2022-10-28
2709806,75127750,"Snowpeas, raw",6420,Other vegetables and combinations,raw,42,2.8,7.55,0.2,2.6,4,4,43.2,1.029,2022-10-28
2710559,92410810,"Soft drink, chocolate flavored",7202,Soft drinks,,42,0,10.7,0,0,10.7,4,42.8,1.019,2022-10-28
2710560,92410820,"Soft drink, chocolate flavored, diet",7102,Diet soft drinks,,2,0.11,0.29,0.03,0,0,8,1.9,0.935,2022-10-28
2710541,92410310,"Soft drink, cola",7202,Soft drinks,,42,0,10.36,0.25,0,9.94,3,43.7,1.040,2022-10-28
2710562,92411520,"Soft drink, cola, chocolate flavored",7202,Soft drinks,,42,0,10.36,0.25,0,9.94,3,43.7,1.040,2022-10-28
2710564,92411620,"Soft drink, cola, chocolate flavored, diet",7102,Diet soft drinks,,2,0.11,0.29,0.03,0,0,8,1.9,0.935,2022-10-28
2710543,92410340,"Soft drink, cola, decaffeinated",7202,Soft drinks,,41,0,10.58,0,0,10.58,4,42.3,1.032,2022-10-28
2710544,92410350,"Soft drink, cola, decaffeinated, diet",7102,Diet soft drinks,,1,0.12,0.12,0,0,0,4,1.0,0.960,2022-10-28
2710542,92410320,"Soft drink, cola, diet",7102,Diet soft drinks,,2,0.11,0.29,0.03,0,0,8,1.9,0.935,2022-10-28
2710561,92411510,"Soft drink, cola, fruit or vanilla flavored",7202,Soft drinks,,42,0,10.36,0.25,0,9.94,3,43.7,1.040,2022-10-28
2710563,92411610,"Soft drink, cola, fruit or vanilla flavored, diet",7102,Diet soft drinks,,2,0.11,0.29,0.03,0,0,8,1.9,0.935,2022-10-28
2710549,92410410,"Soft drink, cream soda",7202,Soft drinks,,51,0,13.3,0,0,13.3,12,53.2,1.043,2022-10-28
2710550,92410420,"Soft drink, cream soda, diet",7102,Diet soft drinks,,0,0.1,0,0,0,0,6,0.4,,2022-10-28
2710553,92410550,"Soft drink, fruit flavored, caffeine containing",7202,Soft drinks,,49,0,12.83,0,0,12.9,18,51.3,1.047,2022-10-28
2710554,92410560,"Soft drink, fruit flavored, caffeine containing, diet",7102,Diet soft drinks,,0,0.1,0,0,0,0,6,0.4,,2022-10-28
2710551,92410510,"Soft drink, fruit flavored, caffeine free",7202,Soft drinks,,40,0.05,10.14,0.02,0,8.98,9,40.9,1.024,2022-10-28
2710552,92410520,"Soft drink, fruit flavored, diet, caffeine free",7102,Diet soft drinks,,0,0.1,0,0,0,0,6,0.4,,2022-10-28
2710555,92410610,"Soft drink, ginger ale",7202,Soft drinks,,34,0,8.76,0,0,8.9,7,35.0,1.031,2022-10-28
2710556,92410620,"Soft drink, ginger ale, diet",7102,Diet soft drinks,,0,0.1,0,0,0,0,6,0.4,,2022-10-28
2710536,92400000,"Soft drink, NFS",7202,Soft drinks,,42,0,10.36,0.25,0,9.94,3,43.7,1.040,2022-10-28
2710537,92400100,"Soft drink, NFS, diet",7102,Diet soft drinks,,2,0.11,0.29,0.03,0,0,8,1.9,0.935,2022-10-28
2710545,92410360,"Soft drink, pepper type",7202,Soft drinks,,42,0,10.36,0.25,0,9.94,3,43.7,1.040,2022-10-28
2710547,92410390,"Soft drink, pepper type, decaffeinated",7202,Soft drinks,,41,0,10.58,0,0,10.58,4,42.3,1.032,2022-10-28
2710548,92410400,"Soft drink, pepper type, decaffeinated, diet",7102,Diet soft drinks,,1,0.12,0.12,0,0,0,4,1.0,0.960,2022-10-28
2710546,92410370,"Soft drink, pepper type, diet",7102,Diet soft drinks,,2,0.11,0.29,0.03,0,0,8,1.9,0.935,2022-10-28
2710557,92410710,"Soft drink, root beer",7202,Soft drinks,,41,0,10.6,0,0,10.6,13,42.4,1.034,2022-10-28
2710558,92410720,"Soft drink, root beer, diet",7102,Diet soft drinks,,0,0.1,0,0,0,0,6,0.4,,2022-10-28
2705667,13130700,"Soft serve, blended with candy or cookies, from fast food",5802,Ice cream and frozen dairy desserts,,176,4,26.18,6.06,0.2,22.78,64,175.3,0.996,2022-10-28
2708035,53420410,Sopaipilla with syrup or honey,5506,"Doughnuts, sweet rolls, pastries",,361,4.38,51.7,16.25,1.1,20.88,670,370.6,1.027,2022-10-28
2708034,53420400,"Sopaipilla, without syrup or honey",5506,"Doughnuts, sweet rolls, pastries",,367,5.79,41.46,20.18,1.4,0.14,898,370.6,1.010,2022-10-28
2709314,63430150,Sorbet,5806,"Gelatins, ices, sorbets",,110,0.79,27.12,0.05,0.5,25.78,13,112.1,1.019,2022-10-28
2709147,58401010,"Soup, barley",3804,"Soups, broth-based",,58,3.34,6.66,2.07,1.1,0.8,247,58.6,1.011,2022-10-28
2707453,41601010,"Soup, bean",3804,"Soups, broth-based",,67,3.76,11.62,0.76,4,1.14,244,68.4,1.020,2022-10-28
2707454,41601030,"Soup, bean, canned",3804,"Soups, broth-based",,47,2.44,8.1,0.68,2.7,1.09,264,48.3,1.027,2022-10-28
2707456,41601160,"Soup, bean, canned, reduced sodium",3804,"Soups, broth-based",,47,2.45,8.12,0.68,2.7,1.09,187,48.4,1.030,2022-10-28
2707457,41601180,"Soup, bean, with meat",3804,"Soups, broth-based",,84,5.88,10,2.35,3.5,0.92,248,84.7,1.008,2022-10-28
2710115,75652010,"Soup, beef",3804,"Soups, broth-based",,47,3.28,4.04,2.05,0.8,1.1,249,47.7,1.016,2022-10-28
2707127,28315050,"Soup, beef, canned",3804,"Soups, broth-based",,37,1.94,4.86,1.17,0.9,1.23,266,37.7,1.020,2022-10-28
2707140,28355250,"Soup, bisque",3806,"Soups, cream-based",,75,2.28,5.9,4.81,0.9,1.9,239,76.0,1.013,2022-10-28
2710105,75601100,"Soup, borscht",3804,"Soups, broth-based",,20,0.52,3.9,0.37,0.8,2.24,245,21.0,1.050,2022-10-28
2706717,27350110,"Soup, bouillabaisse",3006,Seafood mixed dishes,,67,8.25,1.59,3.05,0.3,0.71,225,66.8,0.997,2022-10-28
2709659,72302100,"Soup, broccoli cheese",3806,"Soups, cream-based",,82,4.26,6.08,4.54,1.3,1.03,329,82.2,1.003,2022-10-28
2707132,28340120,"Soup, broth",3804,"Soups, broth-based",,6,0.89,0.24,0.22,0,0.22,372,6.5,1.083,2022-10-28
2707134,28340660,"Soup, chicken",3804,"Soups, broth-based",,40,3.44,4.04,1.14,0.8,1.1,249,40.2,1.004,2022-10-28
2709149,58403040,"Soup, chicken noodle",3804,"Soups, broth-based",,53,3.84,6.21,1.4,0.7,0.81,248,52.8,0.996,2022-10-28
2709148,58403010,"Soup, chicken noodle, canned",3804,"Soups, broth-based",,42,2.38,6.02,0.98,0.8,1.2,267,42.4,1.010,2022-10-28
2707133,28340600,"Soup, chicken, canned",3804,"Soups, broth-based",,33,2.02,4.86,0.72,0.9,1.23,266,34.0,1.030,2022-10-28
2709150,58403060,"Soup, chicken, canned, reduced sodium",3804,"Soups, broth-based",,34,2.02,4.87,0.72,0.9,1.23,190,34.0,1.001,2022-10-28
2707137,28345110,"Soup, cream of chicken",3806,"Soups, cream-based",,91,4,6.79,5.42,0.9,1.46,251,91.9,1.010,2022-10-28
2710107,75607060,"Soup, cream of mushroom",3806,"Soups, cream-based",,74,2.1,5.7,4.76,1.2,1.74,242,74.0,1.001,2022-10-28
2709758,74601010,"Soup, cream of tomato",3806,"Soups, cream-based",,70,1.21,6.39,4.68,1,2.37,246,72.5,1.036,2022-10-28
2710109,75611010,"Soup, cream of vegetable",3806,"Soups, cream-based",,78,1.41,7.83,4.72,1.1,1.69,245,79.4,1.018,2022-10-28
2707282,32300100,"Soup, egg drop",3808,Ramen and Asian broth-based soups,,27,1.16,4.29,0.61,0.4,0.09,370,27.3,1.011,2022-10-28
2707143,28355480,"Soup, fish or shrimp",3804,"Soups, broth-based",,30,2.58,4.04,0.47,0.8,1.1,253,30.7,1.024,2022-10-28
2710108,75608100,"Soup, French onion",3806,"Soups, cream-based",,108,5.45,11.84,4.47,1.1,2.49,378,109.4,1.013,2022-10-28
2709311,63415100,"Soup, fruit",3804,"Soups, broth-based",,30,0.54,7.04,0.12,0.8,5.83,8,31.4,1.047,2022-10-28
2710106,75604600,"Soup, gazpacho",3804,"Soups, broth-based",,26,0.81,4.49,0.63,1,2.81,208,26.9,1.033,2022-10-28
2707136,28340750,"Soup, hot and sour",3808,Ramen and Asian broth-based soups,,39,2.58,4.35,1.21,0.5,0.42,376,38.6,0.990,2022-10-28
2707130,28315160,"Soup, Italian wedding",3804,"Soups, broth-based",,66,3.57,7.38,2.4,0.9,0.69,239,65.4,0.991,2022-10-28
2707462,41603010,"Soup, lentil",3804,"Soups, broth-based",,60,3.82,10.2,0.69,3.7,1.72,244,62.3,1.038,2022-10-28
2707460,41603000,"Soup, lentil, canned",3804,"Soups, broth-based",,43,2.48,7.22,0.64,2.5,1.46,264,44.6,1.036,2022-10-28
2707461,41603005,"Soup, lentil, canned, reduced sodium",3804,"Soups, broth-based",,43,2.49,7.23,0.64,2.5,1.46,188,44.6,1.038,2022-10-28
2707463,41603020,"Soup, lentil, with meat",3804,"Soups, broth-based",,78,5.94,8.76,2.3,3.2,1.43,249,79.5,1.019,2022-10-28
2707138,28350220,"Soup, Manhattan clam chowder",3804,"Soups, broth-based",,35,2.48,5.26,0.51,0.8,1.22,249,35.5,1.016,2022-10-28
2709151,58404500,"Soup, Matzo ball",3804,"Soups, broth-based",,73,3.09,10.68,1.96,0.9,1.07,264,72.7,0.996,2022-10-28
2707123,28310230,"Soup, meatball",3804,"Soups, broth-based",,52,2.65,5.53,2.17,0.9,1.45,285,52.2,1.005,2022-10-28
2710114,75651000,"Soup, minestrone",3804,"Soups, broth-based",,40,1.71,7.3,0.5,1.5,1.04,241,40.5,1.014,2022-10-28
2707455,41601070,"Soup, miso or tofu",3808,Ramen and Asian broth-based soups,,24,2.21,2.3,0.85,0.6,0.77,467,25.7,1.070,2022-10-28
2707464,41603030,"Soup, mulligatawany",3804,"Soups, broth-based",,48,1.68,7,1.67,1.8,2.27,259,49.8,1.036,2022-10-28
2707139,28355110,"Soup, New England clam chowder",3806,"Soups, cream-based",,93,3.12,9.25,4.8,1,0.95,247,92.7,0.997,2022-10-28
2709144,58400000,"Soup, NFS",3804,"Soups, broth-based",,49,3.51,6.09,1.3,1.8,1.31,247,50.1,1.022,2022-10-28
2709145,58400100,"Soup, noodle, NFS",3804,"Soups, broth-based",,90,5.48,10.08,2.99,0.8,0.62,290,89.2,0.991,2022-10-28
2707547,42204060,"Soup, peanut",3806,"Soups, cream-based",,88,3.24,8.36,5.29,1.7,2.61,246,94.0,1.068,2022-10-28
2707126,28311010,"Soup, pepperpot",3806,"Soups, cream-based",,91,3.06,6.79,5.75,0.9,1.46,251,91.2,1.002,2022-10-28
2707125,28310335,"Soup, pho, no meat",3808,Ramen and Asian broth-based soups,,37,1.42,5.9,0.93,0.5,0.64,357,37.7,1.018,2022-10-28
2707124,28310330,"Soup, pho, with meat",3808,Ramen and Asian broth-based soups,,77,5.81,5.6,3.33,0.4,0.46,365,75.6,0.982,2022-10-28
2707131,28320160,"Soup, pork or ham",3804,"Soups, broth-based",,48,3.14,4.04,2.17,0.8,1.1,247,48.2,1.005,2022-10-28
2709556,71801000,"Soup, potato",3806,"Soups, cream-based",,90,1.51,10.53,4.71,1.2,1.01,240,90.5,1.006,2022-10-28
2709557,71801005,"Soup, potato with meat",3806,"Soups, cream-based",,109,3.78,8.81,6.43,1,0.95,246,108.2,0.993,2022-10-28
2707129,28315150,"Soup, pozole",3804,"Soups, broth-based",,43,3.38,4.59,1.23,0.9,0.98,248,43.0,0.999,2022-10-28
2709718,73502000,"Soup, pumpkin",3806,"Soups, cream-based",,72,1.1,6.86,4.7,1.5,2.07,241,74.1,1.030,2022-10-28
2709152,58407030,"Soup, ramen noodles, water added",3808,Ramen and Asian broth-based soups,,66,1.53,9.04,2.64,0.4,0.3,282,66.0,1.001,2022-10-28
2709146,58400200,"Soup, rice",3804,"Soups, broth-based",,51,3.54,6.78,1.15,0.5,0.76,247,51.6,1.012,2022-10-28
2710110,75647000,"Soup, seaweed",3808,Ramen and Asian broth-based soups,,37,3.73,1.52,1.87,0.2,0.47,324,37.8,1.022,2022-10-28
2709161,58421020,"Soup, sopa de fideo aguada",3804,"Soups, broth-based",,95,2.54,13.73,3.29,1.1,1.16,267,94.7,0.997,2022-10-28
2707135,28340670,"Soup, sopa or caldo de pollo",3804,"Soups, broth-based",,55,6.23,4.04,1.58,0.8,1.1,295,55.3,1.005,2022-10-28
2707128,28315140,"Soup, sopa or caldo de res",3804,"Soups, broth-based",,71,5.91,4.04,3.4,0.8,1.1,294,70.4,0.992,2022-10-28
2707459,41602050,"Soup, split pea",3804,"Soups, broth-based",,61,3.55,10.59,0.7,3.8,2.16,244,62.9,1.030,2022-10-28
2707458,41602030,"Soup, split pea, with meat",3804,"Soups, broth-based",,80,5.57,9.1,2.42,3.3,1.81,248,80.5,1.006,2022-10-28
2709757,74601000,"Soup, tomato",3804,"Soups, broth-based",,19,0.65,3.64,0.41,0.9,2.01,244,20.9,1.097,2022-10-28
2709759,74602010,"Soup, tomato, canned",3804,"Soups, broth-based",,34,0.63,7.65,0.33,0.6,4.16,263,36.1,1.061,2022-10-28
2709760,74602200,"Soup, tomato, canned / carton, reduced sodium",3804,"Soups, broth-based",,35,0.64,7.67,0.33,0.6,4.17,191,36.2,1.035,2022-10-28
2709162,58421080,"Soup, tortilla",3804,"Soups, broth-based",,102,4.22,12.56,4.17,1.3,0.87,257,104.7,1.026,2022-10-28
2710113,75649110,"Soup, vegetable",3804,"Soups, broth-based",,27,0.84,5.08,0.45,1,1.33,243,27.7,1.027,2022-10-28
2710111,75649010,"Soup, vegetable, canned",3804,"Soups, broth-based",,38,1.12,7.62,0.4,1.2,0.95,260,38.6,1.015,2022-10-28
2710112,75649040,"Soup, vegetable, canned, reduced sodium",3804,"Soups, broth-based",,38,1.12,7.63,0.4,1.2,0.95,183,38.6,1.016,2022-10-28
2710116,75656060,"Soup, vegetable, with meat",3804,"Soups, broth-based",,44,3.36,4.04,1.6,0.8,1.1,249,44.0,1.000,2022-10-28
2709160,58408010,"Soup, wonton",3808,Ramen and Asian broth-based soups,,33,2.39,2.95,1.31,0.3,0.74,370,33.1,1.005,2022-10-28
2708975,58155510,"Soupy rice mixture with chicken and potatoes, Puerto Rican style",3804,"Soups, broth-based",,112,6.34,12.07,4.26,0.9,0.59,290,112.0,1.000,2022-10-28
2708974,58155410,"Soupy rice with chicken, Puerto Rican style",3804,"Soups, broth-based",,151,12.07,16.47,4.04,1.4,1.17,754,150.5,0.997,2022-10-28
2705616,12310370,"Sour cream, fat free",8006,"Cream cheese, sour cream, whipped cream",,74,3.1,15.6,0,0,0.39,141,74.8,1.011,2022-10-28
2705617,12320100,"Sour cream, imitation",8006,"Cream cheese, sour cream, whipped cream",,208,2.4,6.63,19.52,0,6.63,102,211.8,1.018,2022-10-28
2705615,12310350,"Sour cream, light",8006,"Cream cheese, sour cream, whipped cream",,136,3.5,7.1,10.6,0,0.22,83,137.8,1.013,2022-10-28
2705614,12310100,"Sour cream, regular",8006,"Cream cheese, sour cream, whipped cream",,196,3.07,5.56,17.99,0,3.41,50,196.4,1.002,2022-10-28
2709350,64221010,"Soursop, nectar",7204,Fruit drinks,,59,0.11,14.93,0.17,0.1,13.07,8,61.7,1.046,2022-10-28
2710246,89901040,"Soy based sauce, for use with vegetables",9999,Not included in a food category,,89,1.65,20.07,0.15,0.2,10.06,1101,88.2,0.991,2022-10-28
2707434,41410015,Soy chips,5004,"Tortilla, corn, other chips",,385,26.5,53.15,7.35,3.5,1.8,842,384.8,0.999,2022-10-28
2705406,11321000,"Soy milk, chocolate",1902,Plant-based milk,,64,3.35,8.32,2.03,0.1,7.49,32,65.0,1.015,2022-10-28
2705404,11320000,"Soy milk, sweetened",1902,Plant-based milk,,53,3.41,5.22,2.05,0,4.53,33,53.0,0.999,2022-10-28
2705405,11320100,"Soy milk, unsweetened",1902,Plant-based milk,,38,3.55,1.29,2.12,0,0.56,34,38.4,1.012,2022-10-28
2707545,42203200,Soy nut butter,2806,Soy and meat-alternative products,,613,23.02,23,50.01,10.6,7.47,290,634.2,1.035,2022-10-28
2707433,41410010,Soy nuts,2802,"Beans, peas, legumes",,469,38.55,30.22,25.4,17.7,4.2,163,503.7,1.074,2022-10-28
2707442,41420300,Soy sauce,8404,Soy-based condiments,,53,8.14,4.93,0.57,0.8,0.4,5493,57.4,1.083,2022-10-28
2707443,41420350,"Soy sauce, reduced sodium",8404,Soy-based condiments,,57,9.05,5.59,0.3,0.7,0.5,3598,61.3,1.075,2022-10-28
2707435,41420010,Soybean curd,2806,Soy and meat-alternative products,,61,7.17,1.18,3.69,0.2,0.7,8,66.6,1.092,2022-10-28
2707437,41420050,Soybean curd cheese,2806,Soy and meat-alternative products,,151,12.5,6.9,8.1,0,1.6,20,150.5,0.997,2022-10-28
2707449,41421020,"Soybean curd, breaded, fried",2806,Soy and meat-alternative products,fried,150,8.39,8.71,9.62,0.7,1.29,91,155.0,1.033,2022-10-28
2707448,41421010,"Soybean curd, deep fried",2806,Soy and meat-alternative products,fried,270,18.82,8.86,20.18,3.9,2.72,16,292.3,1.083,2022-10-28
2710191,82108000,Soybean oil,8012,Salad dressings and vegetable oils,,900,0,0,100,0,0,0,900.0,1.000,2022-10-28
2707388,41107010,"Soybeans, cooked",2802,"Beans, peas, legumes",,218,16.92,7.77,14.84,5.6,2.79,217,232.3,1.066,2022-10-28
2709141,58304010,"Spaghetti and meatballs dinner, NFS, frozen meal",3204,"Pasta mixed dishes, excludes macaroni and cheese",,113,5.58,15.06,3.39,1.5,2.88,295,113.1,1.001,2022-10-28
2709745,74404010,Spaghetti sauce,8410,"Pasta sauces, tomato-based",,51,1.41,8.05,1.48,1.8,5.5,419,51.2,1.003,2022-10-28
2709746,74404020,Spaghetti sauce with added vegetables,8410,"Pasta sauces, tomato-based",,46,1.52,7.45,1.2,1.7,4.96,321,46.7,1.015,2022-10-28
2706470,27162040,Spaghetti sauce with meat,8410,"Pasta sauces, tomato-based",,90,5.94,6.54,4.36,1.5,4.47,412,89.2,0.991,2022-10-28
2706471,27162060,Spaghetti sauce with meat and added vegetables,8410,"Pasta sauces, tomato-based",,86,6.03,6.05,4.13,1.4,4.03,333,85.5,0.994,2022-10-28
2706422,27141030,Spaghetti sauce with poultry,8410,"Pasta sauces, tomato-based",,75,6.29,6.54,2.62,1.5,4.47,410,74.9,0.999,2022-10-28
2706423,27141035,Spaghetti sauce with poultry and added vegetables,8410,"Pasta sauces, tomato-based",,71,6.39,6.05,2.39,1.4,4.03,331,71.3,1.004,2022-10-28
2706453,27150151,Spaghetti sauce with seafood,8410,"Pasta sauces, tomato-based",,64,5.33,7.09,1.48,1.5,4.47,432,63.0,0.984,2022-10-28
2706454,27150155,Spaghetti sauce with seafood and added vegetables,8410,"Pasta sauces, tomato-based",,60,5.43,6.6,1.25,1.4,4.03,353,59.4,0.989,2022-10-28
2709748,74404060,"Spaghetti sauce, fat free",8410,"Pasta sauces, tomato-based",,24,1.2,5.31,0.3,1.5,3.56,474,28.7,1.198,2022-10-28
2709747,74404050,"Spaghetti sauce, reduced sodium",8410,"Pasta sauces, tomato-based",,51,1.41,8.06,1.48,1.8,5.5,30,51.2,1.004,2022-10-28
2710001,75233220,"Spaghetti squash, cooked",6406,Other red and orange vegetables,,49,0.65,6.26,2.8,1.4,2.45,138,52.8,1.078,2022-10-28
2709142,58304060,"Spaghetti with meat sauce, diet frozen meal",3204,"Pasta mixed dishes, excludes macaroni and cheese",,113,5.58,15.06,3.39,1.5,2.88,295,113.1,1.001,2022-10-28
2706211,25230530,Spam,2602,Cold cuts and cured meats,,315,13.4,4.6,26.6,0,0,1411,311.4,0.989,2022-10-28
2707055,27560920,Spam sandwich,3740,Deli and cured meat sandwiches,,266,10.03,27.64,12.83,1.1,5.13,913,266.1,1.001,2022-10-28
2706212,25230550,"Spam, reduced sodium",2602,Cold cuts and cured meats,,293,12.5,3.4,25.1,0,0,1036,289.5,0.988,2022-10-28
2708729,58124250,Spanakopita,3208,Turnovers and other grain-based items,,212,8.27,10.35,15.15,1,0.64,392,210.8,0.994,2022-10-28
2709088,58163450,Spanish rice with ground beef,3202,Rice mixed dishes,,163,9.68,14.79,6.91,0.8,1.17,346,160.1,0.982,2022-10-28
2709085,58163410,"Spanish rice, fat added",3202,Rice mixed dishes,,115,2.87,19.65,2.6,1.1,1.55,310,113.5,0.987,2022-10-28
2709084,58163405,"Spanish rice, from restaurant",3202,Rice mixed dishes,,185,3.28,31.16,5.29,1.2,1.3,528,185.4,1.002,2022-10-28
2709086,58163420,"Spanish rice, no added fat",3202,Rice mixed dishes,,101,2.91,19.91,1.01,1.1,1.57,314,100.4,0.994,2022-10-28
2709087,58163430,"Spanish rice, NS as to fat",3202,Rice mixed dishes,,115,2.87,19.64,2.6,1.1,1.55,310,113.4,0.986,2022-10-28
2705783,14620115,Spinach and artichoke dip,8412,"Dips, gravies, other sauces",,329,4.21,5.07,32.76,1.2,1.52,620,332.0,1.009,2022-10-28
2709630,72125260,Spinach and cheese casserole,3104,Vegetable dishes,,130,7.05,9.86,7.59,2.8,1.01,311,135.9,1.046,2022-10-28
2705626,12350245,"Spinach dip, light",8412,"Dips, gravies, other sauces",,165,2.2,11.42,12.41,0.3,6.52,488,166.2,1.007,2022-10-28
2705625,12350240,"Spinach dip, regular",8412,"Dips, gravies, other sauces",,345,2.35,3.44,35.83,0.3,2.3,570,345.6,1.002,2022-10-28
2705447,11440050,"Spinach dip, yogurt based",8412,"Dips, gravies, other sauces",,159,7.02,3.59,12.96,0.3,3.04,514,159.1,1.001,2022-10-28
2708732,58125120,"Spinach quiche, meatless",3208,Turnovers and other grain-based items,,299,10.29,11.68,23.51,1,1.88,317,299.5,1.002,2022-10-28
2709831,75147000,"Spinach salad, no dressing",3104,Vegetable dishes,,84,7.02,2.09,5.07,1.2,0.54,220,82.1,0.977,2022-10-28
2709629,72125240,Spinach souffle,3104,Vegetable dishes,,128,5.72,7.13,8.64,1.1,2.48,160,129.2,1.009,2022-10-28
2709627,72125228,"Spinach, canned, cooked with butter or margarine",6409,Spinach,,42,2.74,3.31,2.68,2.3,0.4,330,48.3,1.150,2022-10-28
2709626,72125227,"Spinach, canned, cooked with oil",6409,Spinach,,49,2.73,3.3,3.4,2.3,0.39,313,54.7,1.117,2022-10-28
2709623,72125223,"Spinach, canned, cooked, fat added, NS as to fat type",6409,Spinach,,45,2.74,3.31,3.04,2.3,0.39,321,51.6,1.146,2022-10-28
2709617,72125213,"Spinach, canned, cooked, no added fat",6409,Spinach,,23,2.81,3.4,0.5,2.4,0.4,322,29.3,1.276,2022-10-28
2710791,99997210,"Spinach, cooked, as ingredient",9999,Not included in a food category,,33,3.42,3.11,0.71,1.9,0.49,126,32.5,0.985,2022-10-28
2709628,72125230,"Spinach, creamed",6409,Spinach,,90,2.39,6.11,6.09,1.2,0.76,450,88.8,0.987,2022-10-28
2710254,89902060,"Spinach, for use on a sandwich",6489,Vegetables on a sandwich,,27,2.85,2.41,0.62,1.6,0.42,111,26.6,0.986,2022-10-28
2709619,72125218,"Spinach, fresh, cooked with butter or margarine",6409,Spinach,raw,55,3.33,3.02,3.26,1.8,0.49,274,54.7,0.995,2022-10-28
2709618,72125217,"Spinach, fresh, cooked with oil",6409,Spinach,raw,63,3.31,3.01,4.1,1.8,0.48,254,62.2,0.987,2022-10-28
2709621,72125221,"Spinach, fresh, cooked, fat added, NS as to fat type",6409,Spinach,raw,59,3.32,3.01,3.68,1.8,0.48,264,58.4,0.991,2022-10-28
2709615,72125211,"Spinach, fresh, cooked, no added fat",6409,Spinach,raw,33,3.41,3.1,0.7,1.9,0.49,262,32.3,0.980,2022-10-28
2709625,72125225,"Spinach, frozen, cooked with butter or margarine",6409,Spinach,,53,3.9,4.66,3.03,3.6,0.5,223,61.5,1.161,2022-10-28
2709624,72125224,"Spinach, frozen, cooked with oil",6409,Spinach,,59,3.88,4.65,3.75,3.6,0.49,206,67.9,1.150,2022-10-28
2709622,72125222,"Spinach, frozen, cooked, fat added, NS as to fat type",6409,Spinach,,56,3.89,4.65,3.39,3.6,0.5,215,64.7,1.155,2022-10-28
2709616,72125212,"Spinach, frozen, cooked, no added fat",6409,Spinach,,34,4,4.79,0.87,3.7,0.51,212,43.0,1.264,2022-10-28
2709620,72125220,"Spinach, NS as to form, cooked",6409,Spinach,,59,3.32,3.01,3.68,1.8,0.48,264,58.4,0.991,2022-10-28
2709614,72125100,"Spinach, raw",6409,Spinach,raw,27,2.85,2.41,0.62,1.6,0.42,111,26.6,0.986,2022-10-28
2707421,41303010,"Split peas, from dried, fat added",2802,"Beans, peas, legumes",,168,7.75,19.61,6.87,7.7,2.7,218,171.3,1.019,2022-10-28
2707420,41303000,"Split peas, from dried, no added fat",2802,"Beans, peas, legumes",,117,8.29,20.97,0.39,8.2,2.88,233,120.5,1.030,2022-10-28
2707821,52213010,Spoonbread,4402,"Biscuits, muffins, quick breads",,166,6.68,18.55,7.06,0.7,4.84,382,164.5,0.991,2022-10-28
2710769,95320200,Sports drink (Gatorade G),7206,Sport and energy drinks,,26,0,6.43,0,0,5.24,39,25.7,0.989,2022-10-28
2710770,95320500,Sports drink (Powerade),7206,Sport and energy drinks,,32,0,7.84,0.05,0,6.11,42,31.8,0.994,2022-10-28
2710615,92900300,"Sports drink, dry concentrate, not reconstituted",9999,Not included in a food category,,380,0,97.9,1.01,0,97.15,130,400.7,1.054,2022-10-28
2710774,95323000,"Sports drink, low calorie",7104,Diet sport and energy drinks,,8,0.05,1.94,0.01,0,1.3,45,8.1,1.006,2022-10-28
2710772,95322200,"Sports drink, low calorie (Gatorade G2)",7104,Diet sport and energy drinks,,8,0.05,1.94,0.01,0,1.3,45,8.1,1.006,2022-10-28
2710773,95322500,"Sports drink, low calorie (Powerade Zero)",7104,Diet sport and energy drinks,,0,0,0.14,0,0,0,42,0.6,,2022-10-28
2710771,95321000,"Sports drink, NFS",7206,Sport and energy drinks,,26,0,6.43,0,0,5.24,39,25.7,0.989,2022-10-28
2709764,75100300,"Sprouts, NFS",6420,Other vegetables and combinations,,30,3.04,5.94,0.18,1.8,4.13,6,37.5,1.251,2022-10-28
2710059,75418020,"Squash, summer, casserole with tomato and cheese",3104,Vegetable dishes,,85,3.48,8.87,4.32,1.4,3.31,228,88.3,1.039,2022-10-28
2710061,75418040,"Squash, summer, casserole, with cheese sauce",3104,Vegetable dishes,,92,3.69,9.28,4.71,1.2,2.84,172,94.3,1.025,2022-10-28
2710060,75418030,"Squash, summer, casserole, with rice and tomato sauce",3104,Vegetable dishes,,83,2.32,14.9,1.66,1.1,2.4,120,83.8,1.010,2022-10-28
2710062,75418060,"Squash, summer, souffle",3104,Vegetable dishes,,125,4.65,6.87,8.94,0.7,3.16,232,126.5,1.012,2022-10-28
2709696,73305020,"Squash, winter, souffle",3104,Vegetable dishes,,78,3.4,12.14,2.26,2.1,5.77,164,82.5,1.058,2022-10-28
2705923,23333100,Squirrel,2008,"Lamb, goat, game",,172,30.53,0,4.65,0,0,425,164.0,0.953,2022-10-28
2709228,63109700,"Starfruit, raw",6018,Other fruits and fruit salads,raw,31,1.04,6.73,0.33,2.8,3.98,2,34.1,1.098,2022-10-28
2706959,27514020,Steak sandwich or sub on wheat,3742,Meat and BBQ sandwiches,,247,18.93,23.49,8.27,2.8,2.69,406,244.1,0.988,2022-10-28
2706958,27514010,Steak sandwich or sub on white,3742,Meat and BBQ sandwiches,,249,17.91,25.45,8.07,1.2,2.76,411,246.1,0.988,2022-10-28
2709752,74406100,Steak sauce,8402,Tomato-based condiments,,95,1.25,22.04,0.23,1.5,9.82,1647,95.2,1.002,2022-10-28
2706394,27116400,Steak tartare,3002,Meat mixed dishes,,216,17.45,0.34,15.6,0.2,0.08,370,211.6,0.979,2022-10-28
2706387,27115100,Steak teriyaki,3404,Stir-fry and soy-based sauce mixtures,,198,28.86,1.94,8.25,0,1.76,517,197.4,0.997,2022-10-28
2705823,21001000,"Steak, NS as to type of meat, NS as to fat eaten",2002,"Beef, excludes ground",,230,26.95,0,12.99,0,0,367,224.7,0.977,2022-10-28
2706592,27311410,"Stew, beef",3002,Meat mixed dishes,,107,8.76,6.29,5.07,1.3,1.57,307,105.8,0.989,2022-10-28
2706591,27311310,"Stew, beef, canned",3002,Meat mixed dishes,,100,5,6.54,5.96,1.1,1.06,395,99.8,0.998,2022-10-28
2706593,27311430,"Stew, beef, with pasta",3002,Meat mixed dishes,,132,9.76,10.81,5.23,1.1,0.92,299,129.4,0.980,2022-10-28
2706678,27341520,"Stew, chicken",3004,Poultry mixed dishes,,84,9.24,6.29,2.34,1.3,1.57,309,83.2,0.990,2022-10-28
2706677,27341330,"Stew, chicken, with pasta",3004,Poultry mixed dishes,,108,10.24,10.81,2.49,1.1,0.92,301,106.6,0.987,2022-10-28
2706466,27151070,"Stew, fish",3006,Seafood mixed dishes,,46,7.63,2.75,0.42,0.5,0.63,273,45.3,0.985,2022-10-28
2706660,27330210,"Stew, lamb",3002,Meat mixed dishes,,117,8.19,6.29,6.39,1.3,1.57,308,115.4,0.987,2022-10-28
2706721,27360000,"Stew, NFS",3002,Meat mixed dishes,,99,8.93,6.29,4.11,1.3,1.57,308,97.9,0.989,2022-10-28
2706519,27221150,"Stew, pork",3002,Meat mixed dishes,,109,8.35,6.29,5.42,1.3,1.57,304,107.3,0.985,2022-10-28
2706520,27221170,"Stew, pork, with pasta",3002,Meat mixed dishes,,133,9.35,10.81,5.58,1.1,0.92,296,130.9,0.984,2022-10-28
2710063,75439010,"Stew, vegetable",3104,Vegetable dishes,,47,1.41,10.07,0.24,2.1,2.51,296,48.1,1.023,2022-10-28
2706424,27141050,"Stewed chicken with tomato-based sauce, Mexican style",3004,Poultry mixed dishes,,120,11.98,2.48,7.06,0.4,0.97,397,121.4,1.012,2022-10-28
2706877,27462000,"Stewed chitterlings, Puerto Rican style",3002,Meat mixed dishes,,214,8.38,3.83,18.5,0.9,2.04,55,215.3,1.006,2022-10-28
2706397,27118130,"Stewed dried beef, Puerto Rican style",3002,Meat mixed dishes,,258,17.69,3.91,19.13,0.8,2.54,1770,258.6,1.002,2022-10-28
2706878,27463000,"Stewed gizzards, Puerto Rican style",3004,Poultry mixed dishes,,179,20.26,4.41,8.69,1.1,1.94,380,176.9,0.988,2022-10-28
2706414,27133010,"Stewed goat, Puerto Rican style",3002,Meat mixed dishes,,265,22.32,1.98,18.08,0.5,0.88,752,259.9,0.981,2022-10-28
2706518,27221100,"Stewed pig's feet, Puerto Rican style",3002,Meat mixed dishes,,136,9.99,4.13,8.7,0.5,0.75,483,134.8,0.991,2022-10-28
2706412,27121010,"Stewed pork, Puerto Rican style",3002,Meat mixed dishes,,200,17.91,2.75,12.69,0.6,1.29,579,196.8,0.984,2022-10-28
2709554,71703990,Stewed potatoes,6806,Mashed potatoes and white potato mixtures,,103,1.99,16.26,3.39,2.1,0.96,147,103.5,1.005,2022-10-28
2709555,71704000,Stewed potatoes with tomatoes,6806,Mashed potatoes and white potato mixtures,,87,1.71,12.89,3.29,1.9,1.68,146,88.0,1.012,2022-10-28
2709416,71106000,"Stewed potatoes, Puerto Rican style",6806,Mashed potatoes and white potato mixtures,,115,2.09,18.75,3.71,1.8,1.24,299,116.8,1.015,2022-10-28
2706661,27335500,"Stewed rabbit, Puerto Rican style,",3002,Meat mixed dishes,,214,17.14,6.83,12.7,1,0.92,440,210.2,0.982,2022-10-28
2708976,58155810,"Stewed rice, Puerto Rican style",3202,Rice mixed dishes,,224,3.96,33.43,7.8,0.7,0.34,654,219.8,0.981,2022-10-28
2706578,27251010,"Stewed salmon, Puerto Rican style",3006,Seafood mixed dishes,,146,12.02,8.47,7.02,1.3,1.27,448,145.1,0.994,2022-10-28
2706393,27116350,"Stewed seasoned ground beef, Mexican style",3002,Meat mixed dishes,,169,14.27,1.28,11.38,0.2,0.41,464,164.6,0.974,2022-10-28
2706396,27118120,"Stewed seasoned ground beef, Puerto Rican style",3002,Meat mixed dishes,,278,13.75,3.83,22.81,0.9,1.75,868,275.6,0.991,2022-10-28
2706725,27362000,"Stewed tripe, with potatoes, Puerto Rican style",3002,Meat mixed dishes,,109,8.56,9.49,4.05,1.6,2.03,561,108.7,0.997,2022-10-28
2706586,27261500,"Stewed, seasoned, ground beef and pork with potatoes, Mexican style",3002,Meat mixed dishes,,143,12.84,4.16,8.02,0.6,0.49,193,140.2,0.980,2022-10-28
2706472,27162500,"Stewed, seasoned, ground beef and pork, Mexican style",3002,Meat mixed dishes,,139,16.7,1.45,6.98,0.2,0.46,338,135.4,0.974,2022-10-28
2706479,27211550,"Stewed, seasoned, ground beef with potatoes, Mexican style",3002,Meat mixed dishes,,137,10.42,5.6,7.88,0.8,0.71,333,135.0,0.985,2022-10-28
2706751,27416400,Stir fried beef and vegetables in soy sauce,3404,Stir-fry and soy-based sauce mixtures,,102,10.73,4.44,4.81,1,2.58,338,104.0,1.019,2022-10-28
2709284,63223110,"Strawberries, canned",6009,Strawberries,,92,0.56,23.53,0.26,1.7,21.83,4,98.7,1.073,2022-10-28
2709285,63223610,"Strawberries, frozen",6009,Strawberries,,35,0.43,9.13,0.11,2.1,4.56,2,39.2,1.121,2022-10-28
2709283,63223020,"Strawberries, raw",6009,Strawberries,raw,36,0.64,7.96,0.22,1.8,4.86,0,36.4,1.011,2022-10-28
2705591,11830400,"Strawberry beverage powder, dry mix, not reconstituted",9999,Not included in a food category,,389,0.1,99.1,0.2,0,95.45,38,398.6,1.025,2022-10-28
2710279,91301130,Strawberry drink syrup,8806,"Jams, syrups, toppings",,261,0,65.1,0.02,0,65,0,260.6,0.998,2022-10-28
2709332,64132500,"Strawberry juice, 100%",7006,Other fruit juice,,23,0.42,5.17,0.14,1.2,3.16,1,23.6,1.027,2022-10-28
2705499,11519205,"Strawberry milk, fat free  (skim)",1208,"Flavored milk, nonfat",,61,3.18,12.06,0.09,0,11.9,41,61.8,1.013,2022-10-28
2705498,11519200,"Strawberry milk, low fat (1%)",1206,"Flavored milk, lowfat",,69,3.13,12.3,0.89,0,11.82,39,69.7,1.011,2022-10-28
2705495,11519040,"Strawberry milk, NFS",1204,"Flavored milk, reduced fat",,65,3.2,8.54,2.06,0,8.45,39,65.5,1.008,2022-10-28
2705497,11519105,"Strawberry milk, reduced fat (2%)",1204,"Flavored milk, reduced fat",,71,3.16,10.7,1.8,0,10.46,39,71.6,1.009,2022-10-28
2705500,11519210,"Strawberry milk, reduced sugar",1206,"Flavored milk, lowfat",,59,3.27,6.72,2.1,0,6.69,39,58.9,0.998,2022-10-28
2705496,11519050,"Strawberry milk, whole",1202,"Flavored milk, whole",,86,3.03,11.79,2.97,0,11.68,38,86.0,1.000,2022-10-28
2708039,53440000,"Strudel, apple",5502,Cakes and pies,,281,1.96,37.18,14.08,0.8,21.1,132,283.3,1.008,2022-10-28
2708040,53440300,"Strudel, berry",5502,Cakes and pies,,291,2.43,39.23,14.24,2.7,21.7,131,294.8,1.013,2022-10-28
2708042,53440600,"Strudel, cheese",5502,Cakes and pies,,358,5.85,39.14,19.81,0.4,19.41,190,358.2,1.001,2022-10-28
2708041,53440500,"Strudel, cherry",5502,Cakes and pies,,296,2.22,40.68,14.1,1,24.84,131,298.5,1.008,2022-10-28
2708043,53440700,"Strudel, peach",5502,Cakes and pies,,281,2.09,36.73,14.08,0.9,20.87,133,282.0,1.004,2022-10-28
2706620,27315250,Stuffed cabbage rolls with beef and rice,3002,Meat mixed dishes,,114,8.3,8.83,5.06,1.3,3.45,338,114.1,1.001,2022-10-28
2710143,77316510,"Stuffed cabbage, with meat and rice, Syrian dish, Puerto Rican style",3002,Meat mixed dishes,,84,3.14,11.14,2.95,1.8,2.31,147,83.7,0.996,2022-10-28
2710142,77316010,"Stuffed cabbage, with meat, Puerto Rican style",3002,Meat mixed dishes,,207,9.56,8.41,15.13,2.3,4.58,723,208.1,1.005,2022-10-28
2706446,27148010,"Stuffed chicken, drumstick or breast, Puerto Rican style",3004,Poultry mixed dishes,,236,28.4,6.51,10.54,0.3,0.36,901,234.5,0.994,2022-10-28
2706621,27315270,Stuffed grape leaves with beef and rice,3002,Meat mixed dishes,,228,8.15,11.3,17.03,3.1,2.48,420,231.1,1.013,2022-10-28
2706659,27330170,Stuffed grape leaves with lamb and rice,3002,Meat mixed dishes,,271,8.17,11.89,21.52,3.3,2.39,71,273.9,1.011,2022-10-28
2706633,27319010,"Stuffed green pepper, Puerto Rican style",3002,Meat mixed dishes,,152,8.89,15.63,5.84,1.7,3.48,732,150.6,0.991,2022-10-28
2710045,75410550,Stuffed jalapeno pepper,3208,Turnovers and other grain-based items,,241,8.82,16.5,15.93,2.5,3.73,444,244.7,1.015,2022-10-28
2709072,58162090,"Stuffed pepper, with meat",3104,Vegetable dishes,,198,9.2,4.23,15.87,0.7,1.59,288,196.5,0.993,2022-10-28
2709073,58162110,"Stuffed pepper, with rice and meat",3104,Vegetable dishes,,178,7.83,9.93,11.66,0.7,2.22,320,176.0,0.989,2022-10-28
2709074,58162120,"Stuffed pepper, with rice, meatless",3104,Vegetable dishes,,166,3.75,12.02,11.28,0.7,1.51,186,164.6,0.992,2022-10-28
2708782,58134160,"Stuffed shells, cheese- and spinach- filled, no sauce",3204,"Pasta mixed dishes, excludes macaroni and cheese",,187,9.56,22.36,6.63,1,0.32,439,187.4,1.002,2022-10-28
2708779,58134110,"Stuffed shells, cheese-filled, no sauce",3204,"Pasta mixed dishes, excludes macaroni and cheese",,205,9.93,22.21,8.51,0.7,0.53,428,205.2,1.001,2022-10-28
2708781,58134130,"Stuffed shells, cheese-filled, with meat sauce",3204,"Pasta mixed dishes, excludes macaroni and cheese",,158,8.46,16.64,6.54,1,1.97,300,159.3,1.008,2022-10-28
2708780,58134120,"Stuffed shells, cheese-filled, with tomato sauce, meatless",3204,"Pasta mixed dishes, excludes macaroni and cheese",,146,7,16.88,5.76,0.9,1.76,422,147.4,1.009,2022-10-28
2708783,58134210,"Stuffed shells, with chicken, with tomato sauce",3204,"Pasta mixed dishes, excludes macaroni and cheese",,136,10.76,16.3,3.36,1.1,2.08,277,138.5,1.018,2022-10-28
2708784,58134310,"Stuffed shells, with fish and/or shellfish, with tomato sauce",3204,"Pasta mixed dishes, excludes macaroni and cheese",,116,8.85,16.11,1.94,1.1,2.05,330,117.3,1.011,2022-10-28
2709075,58162130,"Stuffed tomato, with rice and meat",3104,Vegetable dishes,,99,4.75,9.86,4.54,1,2.05,183,99.3,1.003,2022-10-28
2709076,58162140,"Stuffed tomato, with rice, meatless",3104,Vegetable dishes,,77,1.59,13.05,2.15,1.1,2.27,123,77.9,1.012,2022-10-28
2710606,92612010,Sugar cane beverage,7204,Fruit drinks,,74,0,20.17,0,0,20.17,43,80.7,1.090,2022-10-28
2710262,91106010,Sugar substitute and sugar blend,8804,Sugar substitutes,,399,0,99.35,0.31,0,99.22,1,400.2,1.003,2022-10-28
2710271,91201010,"Sugar substitute, aspartame, powder",8804,Sugar substitutes,,365,2.17,89.08,0,0,80.7,0,365.0,1.000,2022-10-28
2710268,91200005,"Sugar substitute, liquid, NFS",8804,Sugar substitutes,,51,0.8,11.99,0,0.7,0.01,210,51.2,1.003,2022-10-28
2710266,91108020,"Sugar substitute, monk fruit, powder",8804,Sugar substitutes,,0,0,100,0,0,0,0,400.0,,2022-10-28
2710267,91200000,"Sugar substitute, powder, NFS",8804,Sugar substitutes,,349,0.66,90.14,0,0,82.09,150,363.2,1.041,2022-10-28
2710270,91200110,"Sugar substitute, saccharin, liquid",8804,Sugar substitutes,,8,0.02,2.05,0,0,1.96,13,8.3,1.035,2022-10-28
2710269,91200040,"Sugar substitute, saccharin, powder",8804,Sugar substitutes,,360,0.94,89.11,0,0,85.19,428,360.2,1.001,2022-10-28
2710265,91108010,"Sugar substitute, stevia, liquid",8804,Sugar substitutes,,51,0.8,11.99,0,0.7,0.01,210,51.2,1.003,2022-10-28
2710264,91108000,"Sugar substitute, stevia, powder",8804,Sugar substitutes,,0,0,100,0,0,0,0,400.0,,2022-10-28
2710263,91107000,"Sugar substitute, sucralose, powder",8804,Sugar substitutes,,336,0,91.17,0,0,80.33,0,364.7,1.085,2022-10-28
2710260,91102010,"Sugar, brown",8802,Sugars and honey,,380,0.12,98.09,0,0,97.02,28,392.8,1.034,2022-10-28
2710261,91104100,"Sugar, cinnamon",8802,Sugars and honey,,390,0.28,98.27,0.38,3.7,92.99,2,397.6,1.020,2022-10-28
2710257,91101000,"Sugar, NFS",8802,Sugars and honey,,401,0,99.6,0.32,0,99.8,1,401.3,1.001,2022-10-28
2710259,91101020,"Sugar, white, confectioner's, powdered",8802,Sugars and honey,,389,0,99.77,0,0,97.81,2,399.1,1.026,2022-10-28
2710258,91101010,"Sugar, white, granulated or lump",8802,Sugars and honey,,401,0,99.6,0.32,0,99.8,1,401.3,1.001,2022-10-28
2710804,99997550,"Summer squash, cooked, as ingredient",9999,Not included in a food category,,21,1.31,4.11,0.35,1.2,3.16,6,24.8,1.182,2022-10-28
2709808,75128010,"Summer squash, green, raw",6420,Other vegetables and combinations,raw,17,1.21,3.11,0.32,1,2.5,8,20.2,1.186,2022-10-28
2709996,75233023,"Summer squash, yellow or green, canned, cooked, fat added, NS as to fat type",6420,Other vegetables and combinations,,35,0.6,2.86,2.6,1.3,1.15,312,37.2,1.064,2022-10-28
2709998,75233028,"Summer squash, yellow or green, fresh, cooked with butter or margarine",6420,Other vegetables and combinations,raw,44,1.28,3.99,2.91,1.1,3.08,158,47.3,1.074,2022-10-28
2709997,75233027,"Summer squash, yellow or green, fresh, cooked with oil",6420,Other vegetables and combinations,raw,51,1.26,3.98,3.75,1.1,3.06,138,54.7,1.073,2022-10-28
2709994,75233021,"Summer squash, yellow or green, fresh, cooked, fat added, NS as to fat type",6420,Other vegetables and combinations,raw,47,1.27,3.99,3.33,1.1,3.07,148,51.0,1.085,2022-10-28
2709991,75233011,"Summer squash, yellow or green, fresh, cooked, no added fat",6420,Other vegetables and combinations,raw,21,1.3,4.1,0.35,1.2,3.16,142,24.7,1.179,2022-10-28
2710000,75233031,"Summer squash, yellow or green, frozen, cooked with butter or margarine",6420,Other vegetables and combinations,,40,1.19,4.42,2.35,1.3,1.96,133,43.6,1.090,2022-10-28
2709999,75233030,"Summer squash, yellow or green, frozen, cooked with oil",6420,Other vegetables and combinations,,46,1.18,4.4,3.06,1.3,1.95,116,49.9,1.084,2022-10-28
2709995,75233022,"Summer squash, yellow or green, frozen, cooked, fat added, NS as to fat type",6420,Other vegetables and combinations,,43,1.18,4.41,2.71,1.3,1.95,125,46.8,1.087,2022-10-28
2709992,75233012,"Summer squash, yellow or green, frozen, cooked, no added fat",6420,Other vegetables and combinations,,21,1.21,4.54,0.16,1.3,2,120,24.4,1.164,2022-10-28
2709993,75233020,"Summer squash, yellow or green, NS as to form, cooked",6420,Other vegetables and combinations,,47,1.27,3.99,3.33,1.1,3.07,148,51.0,1.085,2022-10-28
2709807,75128000,"Summer squash, yellow, raw",6420,Other vegetables and combinations,raw,19,1.01,3.88,0.27,1,2.88,2,22.0,1.157,2022-10-28
2709727,74206000,Sun-dried tomatoes,6402,Tomatoes,,258,14.11,55.76,2.97,12.3,37.59,107,306.2,1.187,2022-10-28
2710192,82108500,Sunflower oil,8012,Salad dressings and vegetable oils,,900,0,0,100,0,0,0,900.0,1.000,2022-10-28
2707584,43102300,"Sunflower seeds, flavored",2804,Nuts and seeds,,567,18.45,25.92,47.56,10.6,5.55,612,605.5,1.068,2022-10-28
2707585,43102400,"Sunflower seeds, NFS",2804,Nuts and seeds,,582,19.33,24.07,49.8,11.1,2.73,3,621.8,1.068,2022-10-28
2707583,43102100,"Sunflower seeds, plain, salted",2804,Nuts and seeds,,575,19.1,23.78,49.21,11,2.7,462,614.4,1.069,2022-10-28
2707582,43102000,"Sunflower seeds, plain, unsalted",2804,Nuts and seeds,,582,19.33,24.07,49.8,11.1,2.73,3,621.8,1.068,2022-10-28
2708965,58151220,Sushi roll tuna,3406,"Egg rolls, dumplings, sushi",,97,7.4,15.3,0.26,0.7,0.92,342,93.1,0.960,2022-10-28
2708960,58151170,"Sushi roll, avocado",3406,"Egg rolls, dumplings, sushi",,93,1.8,17.65,1.47,1.4,1.21,361,91.0,0.979,2022-10-28
2708961,58151180,"Sushi roll, California",3406,"Egg rolls, dumplings, sushi",,94,2.92,18.39,0.67,1,2.13,428,91.3,0.971,2022-10-28
2708962,58151190,"Sushi roll, eel",3406,"Egg rolls, dumplings, sushi",,116,5.95,15.3,2.98,0.7,0.92,343,111.8,0.964,2022-10-28
2708963,58151200,"Sushi roll, salmon",3406,"Egg rolls, dumplings, sushi",,103,6.88,15.3,1.28,0.7,0.92,350,100.2,0.973,2022-10-28
2708964,58151210,"Sushi roll, shrimp",3406,"Egg rolls, dumplings, sushi",,100,7.01,15.67,0.55,0.7,0.92,358,95.7,0.957,2022-10-28
2708966,58151230,"Sushi roll, vegetable",3406,"Egg rolls, dumplings, sushi",,93,1.8,17.65,1.47,1.4,1.21,361,91.0,0.979,2022-10-28
2708959,58151100,"Sushi, NFS",3406,"Egg rolls, dumplings, sushi",,94,2.92,18.39,0.67,1,2.13,428,91.3,0.971,2022-10-28
2708967,58151400,"Sushi, topped with crab",3406,"Egg rolls, dumplings, sushi",,95,3.85,18.58,0.28,0.8,2.97,474,92.2,0.971,2022-10-28
2708968,58151410,"Sushi, topped with eel",3406,"Egg rolls, dumplings, sushi",,126,7.6,13.39,4.16,0.6,0.8,308,121.4,0.963,2022-10-28
2708972,58151450,"Sushi, topped with egg",3406,"Egg rolls, dumplings, sushi",,119,7.32,10.25,5.23,0.4,0.69,338,117.4,0.986,2022-10-28
2708969,58151420,"Sushi, topped with salmon",3406,"Egg rolls, dumplings, sushi",,107,8.92,13.39,1.74,0.6,0.8,317,104.9,0.980,2022-10-28
2708970,58151430,"Sushi, topped with shrimp",3406,"Egg rolls, dumplings, sushi",,103,9.1,13.91,0.7,0.6,0.8,329,98.3,0.955,2022-10-28
2708971,58151440,"Sushi, topped with tuna",3406,"Egg rolls, dumplings, sushi",,100,9.66,13.39,0.29,0.6,0.8,306,94.8,0.948,2022-10-28
2706384,27113300,Swedish meatballs with cream or white sauce,3002,Meat mixed dishes,,170,12.48,6.29,10.3,0.2,2.46,537,167.8,0.987,2022-10-28
2706435,27146100,Sweet and sour chicken or turkey,3404,Stir-fry and soy-based sauce mixtures,,250,10.1,23.86,12.65,1,11.47,246,249.7,0.999,2022-10-28
2706436,27146110,"Sweet and sour chicken or turkey, without vegetables",3404,Stir-fry and soy-based sauce mixtures,,250,10.1,23.86,12.65,1,11.47,246,249.7,0.999,2022-10-28
2706401,27120060,Sweet and sour pork,3404,Stir-fry and soy-based sauce mixtures,,260,8.88,25.5,13.6,1,10.3,304,259.9,1.000,2022-10-28
2706655,27320500,Sweet and sour pork with rice,3404,Stir-fry and soy-based sauce mixtures,,187,9.81,16.46,8.83,0.6,7.24,261,184.6,0.987,2022-10-28
2710296,91361010,Sweet and sour sauce,8406,Mustard and other condiments,,154,0.27,38.22,0.02,0.1,18.75,539,154.1,1.001,2022-10-28
2706456,27150170,Sweet and sour shrimp,3404,Stir-fry and soy-based sauce mixtures,,172,5.92,16.19,9.22,0.6,8.44,347,171.4,0.997,2022-10-28
2709710,73410210,Sweet potato chips,5004,"Tortilla, corn, other chips",,529,2.92,56.54,32.19,8.8,8.78,227,527.5,0.997,2022-10-28
2709713,73410400,"Sweet potato fries, fast food / restaurant",6430,Fried vegetables,,305,1.92,31.63,23.93,5.1,11.47,267,349.6,1.146,2022-10-28
2709712,73410340,"Sweet potato fries, from fresh",6430,Fried vegetables,,156,1.49,16.35,9.42,2.8,5.72,140,156.1,1.001,2022-10-28
2709711,73410320,"Sweet potato fries, frozen",6430,Fried vegetables,,192,2.27,37.45,9.39,6,13.58,154,243.4,1.268,2022-10-28
2709709,73410200,"Sweet potato fries, NFS",6430,Fried vegetables,,192,2.27,37.45,9.39,6,13.58,154,243.4,1.268,2022-10-28
2709714,73410500,"Sweet potato fries, school",6430,Fried vegetables,,192,2.27,37.45,9.39,6,13.58,154,243.4,1.268,2022-10-28
2710308,91407120,Sweet potato paste,8806,"Jams, syrups, toppings",,305,0.49,75.14,0.34,0.9,71.75,1,305.6,1.002,2022-10-28
2709715,73420020,Sweet potato tots,6430,Fried vegetables,,191,2.26,37.3,9.35,6,13.52,315,242.4,1.269,2022-10-28
2709716,73420100,"Sweet potato tots, fast food / restaurant",6430,Fried vegetables,,240,2.12,34.87,15.6,5.6,12.64,295,288.4,1.202,2022-10-28
2709717,73420200,"Sweet potato tots, school",6430,Fried vegetables,,192,2.27,37.45,9.39,6,13.58,154,243.4,1.268,2022-10-28
2709700,73403020,"Sweet potato, baked, fat added",6406,Other red and orange vegetables,baked,115,1.58,17.14,4.53,3,6,161,115.7,1.006,2022-10-28
2709699,73403010,"Sweet potato, baked, no added fat",6406,Other red and orange vegetables,baked,82,1.64,17.98,0.39,3.1,6.29,154,82.0,1.000,2022-10-28
2709698,73403000,"Sweet potato, baked, NS as to fat",6406,Other red and orange vegetables,baked,115,1.58,17.14,4.53,3,6,161,115.7,1.006,2022-10-28
2709703,73405020,"Sweet potato, boiled, fat added",6406,Other red and orange vegetables,boiled,115,1.58,17.14,4.53,3,6,161,115.7,1.006,2022-10-28
2709702,73405010,"Sweet potato, boiled, no added fat",6406,Other red and orange vegetables,boiled,82,1.64,17.98,0.39,3.1,6.29,154,82.0,1.000,2022-10-28
2709701,73405000,"Sweet potato, boiled, NS as to fat",6406,Other red and orange vegetables,boiled,115,1.58,17.14,4.53,3,6,161,115.7,1.006,2022-10-28
2709704,73406000,"Sweet potato, candied",6406,Other red and orange vegetables,,187,1.18,37.69,3.48,2.2,29.38,121,186.8,0.999,2022-10-28
2709707,73407060,"Sweet potato, canned, fat added",6406,Other red and orange vegetables,,124,1.58,20.05,4.35,1.7,4.75,211,125.7,1.013,2022-10-28
2709706,73407050,"Sweet potato, canned, no added fat",6406,Other red and orange vegetables,,91,1.64,21.04,0.2,1.8,4.98,207,92.5,1.017,2022-10-28
2709705,73407000,"Sweet potato, canned, NS as to fat",6406,Other red and orange vegetables,,124,1.58,20.05,4.35,1.7,4.75,211,125.7,1.013,2022-10-28
2709708,73409000,"Sweet potato, casserole or mashed",6406,Other red and orange vegetables,,99,1.89,17.22,2.56,2.4,8.05,132,99.5,1.005,2022-10-28
2710794,99997340,"Sweet potato, cooked, as ingredient",9999,Not included in a food category,,82,1.65,18.05,0.4,3.1,6.31,0,82.4,1.005,2022-10-28
2709697,73401000,"Sweet potato, NFS",6406,Other red and orange vegetables,,115,1.58,17.14,4.53,3,6,161,115.7,1.006,2022-10-28
2709642,72133201,"Sweet potato, squash, pumpkin, chrysanthemum, or bean leaves, cooked",6411,Other dark green vegetables,,57,2.12,7.15,2.88,1.8,5.31,128,63.0,1.105,2022-10-28
2706158,25140110,Sweetbreads,2010,Liver and organ meats,,124,22.49,0,3.08,0,0,366,117.7,0.949,2022-10-28
2706732,27411120,Swiss steak,3002,Meat mixed dishes,,115,15.48,3.67,4.42,0.9,1.19,250,116.4,1.012,2022-10-28
2707474,41811950,"Swiss steak, with gravy, meatless",3102,"Bean, pea, legume dishes",,180,12.69,14.13,8.09,4,0.95,689,180.1,1.000,2022-10-28
2710272,91300010,"Syrup, NFS",8806,"Jams, syrups, toppings",,265,0,69.6,0.1,0,42,61,279.3,1.054,2022-10-28
2706740,27415130,Szechuan beef,3404,Stir-fry and soy-based sauce mixtures,,105,7.08,7.29,5.3,1.5,2.41,409,105.2,1.002,2022-10-28
2709131,58175110,Tabbouleh,3208,Turnovers and other grain-based items,,127,1.64,9.65,9.66,1.8,1.34,495,132.1,1.040,2022-10-28
2710153,81100000,"Table fat, NFS",8002,Butter and animal fats,,677,0.58,0.36,75.33,0,0.35,592,681.7,1.007,2022-10-28
2708509,58101935,Taco or tostada salad with chicken,3502,Burritos and tacos,,167,7.83,16.29,8.02,2.8,1.78,315,168.7,1.010,2022-10-28
2708512,58101950,Taco or tostada salad with chicken and sour cream,3502,Burritos and tacos,,171,7.24,14.96,9.26,2.5,1.98,282,172.1,1.007,2022-10-28
2708508,58101930,Taco or tostada salad with meat,3502,Burritos and tacos,,179,7.45,16.49,9.32,2.9,1.8,319,179.6,1.004,2022-10-28
2708511,58101945,Taco or tostada salad with meat and sour cream,3502,Burritos and tacos,,181,6.91,15.12,10.4,2.5,2,286,181.7,1.004,2022-10-28
2708510,58101940,"Taco or tostada salad, meatless",3502,Burritos and tacos,,163,5.28,19.3,7.36,3.7,1.84,268,164.6,1.010,2022-10-28
2708513,58101955,"Taco or tostada salad, meatless with sour cream",3502,Burritos and tacos,,167,5,17.56,8.7,3.3,2.04,241,168.5,1.009,2022-10-28
2709740,74402210,Taco sauce,8402,Tomato-based condiments,,11,1.16,0.72,0.68,0.5,0.12,570,13.6,1.240,2022-10-28
2707826,52215300,"Taco shell, corn",4208,Tortillas,,476,6.41,63.49,21.79,6.7,1.5,324,475.7,0.999,2022-10-28
2707827,52215350,"Taco shell, flour",4208,Tortillas,,511,8.83,53.2,29.07,3.8,4,755,509.8,0.998,2022-10-28
2708533,58102250,"Taco, cheese only",3502,Burritos and tacos,,275,12.19,27.75,13.45,3.8,0.86,311,280.8,1.021,2022-10-28
2708515,58102010,"Taco, corn tortilla, beef, cheese",3502,Burritos and tacos,,249,15.47,15.3,13.94,2.1,0.34,375,248.5,0.998,2022-10-28
2708516,58102020,"Taco, corn tortilla, beef, with beans, cheese",3502,Burritos and tacos,,212,10.63,19.14,10.61,3.2,0.49,397,214.6,1.012,2022-10-28
2708519,58102050,"Taco, corn tortilla, chicken, cheese",3502,Burritos and tacos,,211,16.23,15.3,9.6,2.1,0.34,378,212.5,1.007,2022-10-28
2708520,58102060,"Taco, corn tortilla, chicken, with beans, cheese",3502,Burritos and tacos,,193,11.02,19.14,8.44,3.2,0.49,399,196.6,1.019,2022-10-28
2708517,58102030,"Taco, corn tortilla, pork, cheese",3502,Burritos and tacos,,251,14.82,15.3,14.5,2.1,0.34,369,251.0,1.000,2022-10-28
2708518,58102040,"Taco, corn tortilla, pork, with beans, cheese",3502,Burritos and tacos,,214,10.31,19.14,10.89,3.2,0.49,395,215.8,1.008,2022-10-28
2708521,58102070,"Taco, corn tortilla, with beans, cheese",3502,Burritos and tacos,,176,5.8,22.99,7.28,4.2,0.64,420,180.7,1.027,2022-10-28
2708529,58102210,"Taco, fish",3502,Burritos and tacos,,275,11.62,22.99,15.29,2.5,0.43,447,276.0,1.004,2022-10-28
2708522,58102110,"Taco, flour tortilla, beef, cheese",3502,Burritos and tacos,,257,16.71,18.87,12.27,1.3,1.45,444,252.8,0.983,2022-10-28
2708523,58102120,"Taco, flour tortilla, beef, with beans, cheese",3502,Burritos and tacos,,221,11.85,22.73,8.92,2.4,1.6,466,218.6,0.989,2022-10-28
2708526,58102150,"Taco, flour tortilla, chicken, cheese",3502,Burritos and tacos,,220,17.48,18.87,7.91,1.3,1.45,446,216.6,0.985,2022-10-28
2708527,58102160,"Taco, flour tortilla, chicken, with beans, cheese",3502,Burritos and tacos,,202,12.24,22.73,6.74,2.4,1.6,467,200.5,0.993,2022-10-28
2708524,58102130,"Taco, flour tortilla, pork, cheese",3502,Burritos and tacos,,260,16.06,18.87,12.83,1.3,1.45,438,255.2,0.982,2022-10-28
2708525,58102140,"Taco, flour tortilla, pork, with beans, cheese",3502,Burritos and tacos,,222,11.53,22.73,9.2,2.4,1.6,463,219.8,0.990,2022-10-28
2708528,58102170,"Taco, flour tortilla, with beans, cheese",3502,Burritos and tacos,,184,6.99,26.59,5.57,3.4,1.76,488,184.4,1.002,2022-10-28
2708530,58102220,"Taco, meat, no cheese",3502,Burritos and tacos,,243,15.15,15.94,13.18,2.2,0.31,359,243.0,1.000,2022-10-28
2708531,58102230,"Taco, meat, with beans, no cheese",3502,Burritos and tacos,,205,10.07,19.98,9.68,3.4,0.48,382,207.3,1.011,2022-10-28
2708514,58102000,"Taco, NFS",3502,Burritos and tacos,,246,15.31,15.62,13.56,2.2,0.33,367,245.8,0.999,2022-10-28
2708532,58102240,"Taco, with beans, no cheese",3502,Burritos and tacos,,167,5,24.01,6.18,4.5,0.64,405,171.7,1.028,2022-10-28
2707587,43103300,Tahini,2804,Nuts and seeds,,697,19.71,14.18,62.4,8.4,0.49,64,697.2,1.000,2022-10-28
2708575,58103310,Tamale casserole with meat,3506,Other Mexican mixed dishes,,174,7.38,15.8,9.04,2.4,0.46,473,174.1,1.000,2022-10-28
2708571,58103120,"Tamale, beef",3506,Other Mexican mixed dishes,,174,7.38,15.8,9.04,2.4,0.46,473,174.1,1.000,2022-10-28
2708573,58103130,"Tamale, chicken",3506,Other Mexican mixed dishes,,174,7.38,15.8,9.04,2.4,0.46,473,174.1,1.000,2022-10-28
2708570,58103100,"Tamale, NFS",3506,Other Mexican mixed dishes,,174,7.38,15.8,9.04,2.4,0.46,473,174.1,1.000,2022-10-28
2708574,58103250,"Tamale, no meat",3506,Other Mexican mixed dishes,,186,3.48,26.68,7.21,3.2,7.42,277,185.5,0.997,2022-10-28
2708572,58103125,"Tamale, pork",3506,Other Mexican mixed dishes,,174,7.38,15.8,9.04,2.4,0.46,473,174.1,1.000,2022-10-28
2708038,53430700,"Tamale, sweet",5506,"Doughnuts, sweet rolls, pastries",,259,2.22,35.61,12.57,2.3,15.44,265,264.4,1.021,2022-10-28
2709269,63148750,Tamarind,6018,Other fruits and fruit salads,,239,2.8,62.5,0.6,5.1,38.8,28,266.6,1.115,2022-10-28
2710568,92510650,Tamarind drink,7204,Fruit drinks,,109,0.64,27.67,0.18,1.2,22.28,9,114.9,1.054,2022-10-28
2709193,61213220,"Tangerine juice, 100%",7002,Citrus juice,,43,0.5,10.1,0.2,0.2,9.9,1,44.2,1.028,2022-10-28
2709175,61125010,"Tangerine, raw",6012,Citrus fruits,raw,53,0.81,13.34,0.31,1.8,10.58,2,59.4,1.121,2022-10-28
2708600,58104825,"Taquito, beef or pork",3506,Other Mexican mixed dishes,,287,12.17,31.61,12.46,3.3,1.6,490,287.3,1.001,2022-10-28
2708599,58104800,"Taquito, cheese only",3506,Other Mexican mixed dishes,,309,11.16,32.15,15.32,3.3,1.78,632,311.1,1.007,2022-10-28
2708601,58104835,"Taquito, chicken",3506,Other Mexican mixed dishes,,269,12.53,31.61,10.41,3.3,1.6,491,270.2,1.005,2022-10-28
2708602,58104900,"Taquito, egg",3706,Egg/breakfast sandwiches,,281,9.9,29.25,13.56,2,2.29,555,278.6,0.992,2022-10-28
2709569,71980200,Taro chips,5004,"Tortilla, corn, other chips",,498,2.3,68.1,24.9,7.2,3.82,342,505.7,1.015,2022-10-28
2709633,72126001,"Taro leaves, cooked",6411,Other dark green vegetables,,68,5.19,6.98,3.51,3.9,3.14,133,80.3,1.180,2022-10-28
2709567,71962040,"Taro, cooked",6418,Other starchy vegetables,,141,1.57,27.55,2.95,4.3,0.42,142,143.0,1.014,2022-10-28
2707994,53300200,"Tart, all types",5502,Cakes and pies,,316,3,42.6,16.1,2.6,21.4,333,327.3,1.036,2022-10-28
2710173,81302050,Tartar sauce,8010,Mayonnaise,,211,1,13.3,16.7,0.5,4.25,667,207.5,0.983,2022-10-28
2710508,92306910,"Tea, bubble",7304,Tea,,55,0.39,10.35,1.39,0.1,3.5,9,55.5,1.009,2022-10-28
2710507,92306850,"Tea, ginger",7304,Tea,,1,0.02,0.18,0.01,0,0.02,4,0.9,0.890,2022-10-28
2710505,92306700,"Tea, hot, chamomile",7304,Tea,,1,0,0.2,0,0,0,1,0.8,0.800,2022-10-28
2710502,92306000,"Tea, hot, herbal",7304,Tea,,1,0,0.2,0,0,0,1,0.8,0.800,2022-10-28
2710503,92306090,"Tea, hot, hibiscus",7304,Tea,,0,0,0,0,0,0,4,0.0,,2022-10-28
2710488,92302000,"Tea, hot, leaf, black",7304,Tea,,1,0,0.3,0,0,0,3,1.2,1.200,2022-10-28
2710489,92302500,"Tea, hot, leaf, black, decaffeinated",7304,Tea,,1,0,0.3,0,0,0,3,1.2,1.200,2022-10-28
2710490,92303010,"Tea, hot, leaf, green",7304,Tea,,1,0.22,0,0,0,0,1,0.9,0.880,2022-10-28
2710491,92303100,"Tea, hot, leaf, green, decaffeinated",7304,Tea,,0,0,0,0,0,0,0,0.0,,2022-10-28
2710492,92304100,"Tea, hot, leaf, oolong",7304,Tea,,1,0,0.15,0,0,0,3,0.6,0.600,2022-10-28
2710506,92306800,"Tea, hot, with milk",7304,Tea,,51,1.58,8.95,1.05,0.1,8.72,20,51.6,1.011,2022-10-28
2710527,92309000,"Tea, iced, bottled, black",7304,Tea,,45,0,10.8,0.22,0,9.49,3,45.2,1.004,2022-10-28
2710528,92309010,"Tea, iced, bottled, black, decaffeinated",7304,Tea,,38,0,8.75,0,0,7.92,8,35.0,0.921,2022-10-28
2710530,92309030,"Tea, iced, bottled, black, decaffeinated, diet",7304,Tea,,0,0,0.83,0,0,0,4,3.3,,2022-10-28
2710532,92309050,"Tea, iced, bottled, black, decaffeinated, unsweetened",7304,Tea,,1,0,0.3,0,0,0,3,1.2,1.200,2022-10-28
2710529,92309020,"Tea, iced, bottled, black, diet",7304,Tea,,1,0,0.22,0,0,0,17,0.9,0.880,2022-10-28
2710531,92309040,"Tea, iced, bottled, black, unsweetened",7304,Tea,,0,0,0,0,0,0,2,0.0,,2022-10-28
2710533,92309500,"Tea, iced, bottled, green",7304,Tea,,27,0,6.2,0.22,0,5.32,21,26.8,0.992,2022-10-28
2710534,92309510,"Tea, iced, bottled, green, diet",7304,Tea,,4,0,0.93,0,0,0.93,6,3.7,0.930,2022-10-28
2710535,92309520,"Tea, iced, bottled, green, unsweetened",7304,Tea,,0,0,0,0,0,0,7,0.0,,2022-10-28
2710519,92308040,"Tea, iced, brewed, black, decaffeinated, pre-sweetened with low calorie sweetener",7304,Tea,,2,0,0.68,0,0,0.33,3,2.7,1.360,2022-10-28
2710518,92308030,"Tea, iced, brewed, black, decaffeinated, pre-sweetened with sugar",7304,Tea,,32,0,7.94,0.02,0,7.68,3,31.9,0.998,2022-10-28
2710520,92308050,"Tea, iced, brewed, black, decaffeinated, unsweetened",7304,Tea,,1,0,0.3,0,0,0,3,1.2,1.200,2022-10-28
2710516,92308010,"Tea, iced, brewed, black, pre-sweetened with low calorie sweetener",7304,Tea,,2,0,0.68,0,0,0.33,3,2.7,1.360,2022-10-28
2710515,92308000,"Tea, iced, brewed, black, pre-sweetened with sugar",7304,Tea,,32,0,7.94,0.02,0,7.68,3,31.9,0.998,2022-10-28
2710517,92308020,"Tea, iced, brewed, black, unsweetened",7304,Tea,,1,0,0.3,0,0,0,3,1.2,1.200,2022-10-28
2710525,92308540,"Tea, iced, brewed, green, decaffeinated, pre-sweetened with low calorie sweetener",7304,Tea,,1,0,0.38,0,0,0.33,0,1.5,1.520,2022-10-28
2710524,92308530,"Tea, iced, brewed, green, decaffeinated, pre-sweetened with sugar",7304,Tea,,31,0,7.66,0.02,0,7.68,0,30.8,0.994,2022-10-28
2710526,92308550,"Tea, iced, brewed, green, decaffeinated, unsweetened",7304,Tea,,0,0,0,0,0,0,0,0.0,,2022-10-28
2710522,92308510,"Tea, iced, brewed, green, pre-sweetened with low calorie sweetener",7304,Tea,,2,0.22,0.38,0,0,0.33,1,2.4,1.200,2022-10-28
2710521,92308500,"Tea, iced, brewed, green, pre-sweetened with sugar",7304,Tea,,32,0.2,7.66,0.02,0,7.68,1,31.6,0.988,2022-10-28
2710523,92308520,"Tea, iced, brewed, green, unsweetened",7304,Tea,,1,0.22,0,0,0,0,1,0.9,0.880,2022-10-28
2710497,92305110,"Tea, iced, instant, black, decaffeinated, pre-sweetened with low calorie sweetener",7304,Tea,,3,0.03,0.72,0,0,0.02,7,3.0,1.000,2022-10-28
2710495,92305050,"Tea, iced, instant, black, decaffeinated, pre-sweetened with sugar",7304,Tea,,32,0.06,7.89,0.02,0,7.76,4,32.0,0.999,2022-10-28
2710498,92305180,"Tea, iced, instant, black, decaffeinated, unsweetened",7304,Tea,,1,0.06,0.17,0,0,0.02,4,0.9,0.920,2022-10-28
2710496,92305090,"Tea, iced, instant, black, pre-sweetened with low calorie sweetener",7304,Tea,,2,0.02,0.44,0,0,0.01,6,1.8,0.920,2022-10-28
2710494,92305040,"Tea, iced, instant, black, pre-sweetened with sugar",7304,Tea,,30,0.01,7.31,0.05,0.1,7.07,4,29.7,0.991,2022-10-28
2710511,92307400,"Tea, iced, instant, black, pre-sweetened, dry",9999,Not included in a food category,,401,0.12,98.55,0.73,0.7,95.29,5,401.2,1.001,2022-10-28
2710493,92305010,"Tea, iced, instant, black, unsweetened",7304,Tea,,1,0.02,0.23,0,0,0.01,4,1.0,1.000,2022-10-28
2710510,92307000,"Tea, iced, instant, black, unsweetened, dry",9999,Not included in a food category,,315,20.21,58.66,0,8.5,5.53,72,315.5,1.002,2022-10-28
2710501,92305920,"Tea, iced, instant, green, pre-sweetened with low calorie sweetener",7304,Tea,,4,0,0.93,0,0,0.93,6,3.7,0.930,2022-10-28
2710500,92305910,"Tea, iced, instant, green, pre-sweetened with sugar",7304,Tea,,27,0,6.2,0.22,0,5.32,21,26.8,0.992,2022-10-28
2710499,92305900,"Tea, iced, instant, green, unsweetened",7304,Tea,,0,0,0,0,0,0,7,0.0,,2022-10-28
2710509,92306920,"Tea, kombucha",7304,Tea,,16,0.1,3.98,0.01,0,3.99,2,16.4,1.026,2022-10-28
2710705,93505100,Tequila,7506,Liquor and cocktails,,231,0,0,0,0,0,1,0.0,0.000,2022-10-28
2710678,93301320,Tequila Sunrise,7506,Liquor and cocktails,,111,0.52,12.62,0.23,0.2,9.52,4,54.6,0.492,2022-10-28
2707109,28141201,"Teriyaki chicken with rice and vegetable, diet frozen meal",3404,Stir-fry and soy-based sauce mixtures,,126,5.65,22.46,1.56,0.7,4.07,333,126.5,1.004,2022-10-28
2707445,41420400,Teriyaki sauce,8404,Soy-based condiments,,89,5.93,15.56,0.02,0.1,14.1,3833,86.1,0.968,2022-10-28
2707446,41420410,"Teriyaki sauce, reduced sodium",8404,Soy-based condiments,,89,5.93,15.58,0.02,0.1,14.1,1778,86.2,0.969,2022-10-28
2707451,41440000,"Textured vegetable protein, dry",2806,Soy and meat-alternative products,,366,51.1,32.9,3.33,17.5,16.42,2,366.0,1.000,2022-10-28
2710213,83114000,Thousand Island dressing,8012,Salad dressings and vegetable oils,,379,1.09,14.64,35.06,0.8,15.18,962,378.5,0.999,2022-10-28
2710238,83301000,"Thousand Island dressing, fat free",8012,Salad dressings and vegetable oils,,132,0.55,29.27,1.45,3.3,16.83,788,132.3,1.003,2022-10-28
2710227,83207000,"Thousand Island dressing, light",8012,Salad dressings and vegetable oils,,195,0.83,24.06,11.32,1.2,17.31,955,201.4,1.033,2022-10-28
2706199,25221810,Thuringer,2608,Sausages,,362,17.45,3.33,30.43,0,0.85,1300,357.0,0.986,2022-10-28
2705702,13252600,Tiramisu,5502,Cakes and pies,,353,5.65,29.44,23.86,0.6,18.7,173,355.1,1.006,2022-10-28
2705544,11710689,"Toddler formula, Enfamil Enfagrow",9404,"Formula, prepared from powder",,67,1.7,7,3.52,0,6.97,24,66.5,0.992,2022-10-28
2705555,11710930,"Toddler formula, Gerber Good Start, Stage 3",9404,"Formula, prepared from powder",,62,1.72,6.43,3.32,0,6.42,21,62.5,1.008,2022-10-28
2705546,11710807,"Toddler formula, Nido Kinder",9404,"Formula, prepared from powder",,62,1.72,6.43,3.32,0,6.42,21,62.5,1.008,2022-10-28
2705545,11710801,"Toddler formula, PediaSure",9402,"Formula, ready-to-feed",,99,2.86,11.15,4.77,0,10.5,36,99.0,1.000,2022-10-28
2705532,11710481,"Toddler formula, Similac Go and Grow",9404,"Formula, prepared from powder",,58,1.73,5.87,3.11,0,5.87,17,58.4,1.007,2022-10-28
2705547,11710810,"Toddler formula, store brand, beginning or next stage",9404,"Formula, prepared from powder",,62,1.72,6.43,3.32,0,6.42,21,62.5,1.008,2022-10-28
2705548,11710815,"Toddler formula, store brand, pediatric shake",9404,"Formula, prepared from powder",,99,2.86,11.15,4.77,0,10.5,36,99.0,1.000,2022-10-28
2710134,76702100,"Toddler meal, meat and vegetables",9008,Baby food: meat and dinners,,77,3.49,8.33,3.34,1,1.67,157,77.3,1.004,2022-10-28
2710133,76700000,"Toddler meal, NFS",9008,Baby food: meat and dinners,,85,3.65,12.84,2.08,1,1.37,167,84.7,0.996,2022-10-28
2710136,76702300,"Toddler meal, pasta",9008,Baby food: meat and dinners,,101,4.08,16.11,2.18,0.8,0.73,198,100.4,0.994,2022-10-28
2710137,76702400,"Toddler meal, pasta and vegetables",9008,Baby food: meat and dinners,,78,3.02,13.49,1.41,1.1,1.61,132,78.7,1.009,2022-10-28
2710135,76702200,"Toddler meal, rice and vegetables",9008,Baby food: meat and dinners,,83,4.02,13.43,1.4,0.9,1.47,180,82.4,0.993,2022-10-28
2707477,41812510,"Tofu and vegetables excluding carrots, broccoli, and dark-green leafy; no potatoes, with soy-based sauce",3404,Stir-fry and soy-based sauce mixtures,,93,4.21,4.4,6.94,0.9,1.7,210,96.9,1.042,2022-10-28
2707476,41812500,"Tofu and vegetables including carrots, broccoli, and/or dark-green leafy; no potatoes, with soy-based sauce",3404,Stir-fry and soy-based sauce mixtures,,92,4.11,4.68,6.71,1.2,1.64,216,95.5,1.039,2022-10-28
2710653,93301150,Tom Collins,7506,Liquor and cocktails,,123,0.08,16.11,0.08,0,16.11,77,65.5,0.532,2022-10-28
2709756,74506000,"Tomato and cucumber salad made with tomato, cucumber, oil, and vinegar",6432,"Coleslaw, non-lettuce salads",,122,0.52,6.35,10.18,0.6,5.04,212,119.1,0.976,2022-10-28
2709731,74303000,"Tomato and vegetable juice, 100%",7008,Vegetable juice,,22,0.93,3.87,0.31,0.5,2.84,169,22.0,1.000,2022-10-28
2709732,74303100,"Tomato and vegetable juice, 100%, low sodium",7008,Vegetable juice,,22,0.6,4.59,0.1,0.8,3.28,58,21.7,0.985,2022-10-28
2709735,74402010,Tomato chili sauce,8402,Tomato-based condiments,,92,2.5,19.79,0.3,2.4,13.33,1338,91.9,0.998,2022-10-28
2709730,74302000,Tomato juice cocktail,7008,Vegetable juice,,22,0.93,3.87,0.31,0.5,2.84,169,22.0,1.000,2022-10-28
2709728,74301100,"Tomato juice, 100%",7008,Vegetable juice,,23,0.86,4.32,0.29,0.4,2.57,236,23.3,1.014,2022-10-28
2709729,74301150,"Tomato juice, 100%, low sodium",7008,Vegetable juice,,23,0.86,4.32,0.29,0.4,2.57,58,23.3,1.014,2022-10-28
2709762,74701010,Tomato sandwich on wheat,3744,Vegetable sandwiches/burgers,,199,9.44,24.67,6.99,3.1,3.92,489,199.3,1.002,2022-10-28
2709761,74701000,Tomato sandwich on white,3744,Vegetable sandwiches/burgers,,201,8.46,26.54,6.8,1.5,3.99,494,201.2,1.001,2022-10-28
2710247,89901050,"Tomato sauce, for use with vegetables",9999,Not included in a food category,,104,0.48,12.08,6.15,0.6,11.4,965,105.6,1.015,2022-10-28
2709726,74205020,"Tomato, green, pickled",8408,"Olives, pickles, pickled vegetables",,40,1,9.09,0.18,0.9,8.19,955,42.0,1.049,2022-10-28
2710807,99997802,Tomatoes as ingredient in omelet,9999,Not included in a food category,,25,1.1,5.49,0.23,1.5,3.42,6,28.4,1.137,2022-10-28
2709722,74201003,"Tomatoes, canned, cooked",6402,Tomatoes,,43,0.82,3.23,3.04,1.8,2.91,130,43.6,1.013,2022-10-28
2709724,74204500,"Tomatoes, canned, reduced sodium, cooked",6402,Tomatoes,,39,0.78,3.37,2.8,1.8,2.48,18,41.8,1.072,2022-10-28
2710795,99997410,"Tomatoes, cooked, as ingredient",9999,Not included in a food category,,22,1.1,4.86,0.25,1.5,3.29,6,26.1,1.186,2022-10-28
2710255,89902070,"Tomatoes, for use on a sandwich",6489,Vegetables on a sandwich,,20,0.82,4.04,0.31,1.2,2.63,4,22.2,1.111,2022-10-28
2709721,74201001,"Tomatoes, fresh, cooked",6402,Tomatoes,raw,50,1.08,4.71,3.42,1.5,3.19,157,53.9,1.079,2022-10-28
2709720,74201000,"Tomatoes, NS as to form, cooked",6402,Tomatoes,,50,1.08,4.71,3.42,1.5,3.19,157,53.9,1.079,2022-10-28
2709719,74101000,"Tomatoes, raw",6402,Tomatoes,raw,20,0.82,4.04,0.31,1.2,2.63,4,22.2,1.111,2022-10-28
2709723,74203010,"Tomatoes, scalloped",3104,Vegetable dishes,,110,2.7,14.1,4.97,1.9,3.74,216,111.9,1.018,2022-10-28
2706160,25160000,Tongue,2010,Liver and organ meats,,282,19.14,0,22.12,0,0,372,275.6,0.977,2022-10-28
2706161,25160130,"Tongue pot roast, Puerto Rican style",2010,Liver and organ meats,,317,21.03,0.32,25.04,0.1,0.02,1245,310.8,0.980,2022-10-28
2705787,14620300,Topping from cheese pizza,3602,Pizza,,230,16.86,7.62,14.67,1,4.38,713,229.9,1.000,2022-10-28
2705790,14620330,Topping from meat and vegetable pizza,3602,Pizza,,299,17.55,7.66,22.03,1,4.09,837,299.1,1.000,2022-10-28
2705789,14620320,Topping from meat pizza,3602,Pizza,,321,19.19,5.65,24.52,0.7,3.2,934,320.0,0.997,2022-10-28
2705788,14620310,Topping from vegetable pizza,3602,Pizza,,247,15.59,12.18,15.61,1.9,5.75,805,251.6,1.019,2022-10-28
2710284,91304010,"Topping, butterscotch or caramel",8806,"Jams, syrups, toppings",,216,1.21,57.01,0,0,57,341,232.9,1.078,2022-10-28
2710285,91304020,"Topping, chocolate",8806,"Jams, syrups, toppings",,350,4.6,62.9,8.9,2.8,34.82,346,350.1,1.000,2022-10-28
2710286,91304030,"Topping, fruit",8806,"Jams, syrups, toppings",,254,0.2,66.3,0.1,0.7,27.38,21,266.9,1.051,2022-10-28
2710287,91304040,"Topping, marshmallow",8806,"Jams, syrups, toppings",,322,0.8,79,0.3,0.1,46.8,80,321.9,1.000,2022-10-28
2710288,91304060,"Topping, nuts and syrup",8806,"Jams, syrups, toppings",,448,4.5,58.08,22,2.3,36.72,42,448.3,1.001,2022-10-28
2708787,58134620,"Tortellini, cheese-filled, meatless, with tomato sauce",3204,"Pasta mixed dishes, excludes macaroni and cheese",,149,6.18,23,3.65,1.6,2.96,279,149.6,1.004,2022-10-28
2708788,58134623,"Tortellini, cheese-filled, meatless, with tomato sauce, canned",3204,"Pasta mixed dishes, excludes macaroni and cheese",,91,3.48,15.98,1.5,0.8,1.74,305,91.3,1.004,2022-10-28
2708789,58134640,"Tortellini, cheese-filled, meatless, with vinaigrette dressing",3204,"Pasta mixed dishes, excludes macaroni and cheese",,193,6.23,18.75,10.45,0.6,0.56,639,194.0,1.005,2022-10-28
2708792,58134680,"Tortellini, cheese-filled, no sauce",3204,"Pasta mixed dishes, excludes macaroni and cheese",,236,10.38,36.15,5.56,1.5,0.73,156,236.2,1.001,2022-10-28
2708791,58134660,"Tortellini, cheese-filled, with cream sauce",3204,"Pasta mixed dishes, excludes macaroni and cheese",,153,5.82,16.66,6.99,0.5,1.63,576,152.8,0.999,2022-10-28
2708790,58134650,"Tortellini, meat-filled, no sauce",3204,"Pasta mixed dishes, excludes macaroni and cheese",,190,12.28,18.04,7.51,0.6,0.18,434,188.9,0.994,2022-10-28
2708785,58134610,"Tortellini, meat-filled, with tomato sauce",3204,"Pasta mixed dishes, excludes macaroni and cheese",,134,6.62,15.83,4.92,1,1.27,618,134.1,1.001,2022-10-28
2708786,58134613,"Tortellini, meat-filled, with tomato sauce, canned",3204,"Pasta mixed dishes, excludes macaroni and cheese",,89,3.24,15.82,1.63,1.4,2.36,298,90.9,1.021,2022-10-28
2708794,58134720,"Tortellini, spinach-filled, no sauce",3204,"Pasta mixed dishes, excludes macaroni and cheese",,188,8.94,21.4,7.4,0.9,0.25,201,188.0,1.000,2022-10-28
2708793,58134710,"Tortellini, spinach-filled, with tomato sauce",3204,"Pasta mixed dishes, excludes macaroni and cheese",,121,4.49,16.11,4.36,1.2,1.31,596,121.6,1.005,2022-10-28
2708207,54401111,"Tortilla chips, cool ranch flavor (Doritos)",5004,"Tortilla, corn, other chips",,470,7.06,67.44,20.58,5.4,0.78,519,483.2,1.028,2022-10-28
2708204,54401085,"Tortilla chips, flavored",5004,"Tortilla, corn, other chips",,519,7.36,60.81,27.42,5.1,2.59,691,519.5,1.001,2022-10-28
2708211,54401170,"Tortilla chips, low fat, unsalted",5004,"Tortilla, corn, other chips",,416,11,80.1,5.7,5.3,0.85,15,415.7,0.999,2022-10-28
2708206,54401110,"Tortilla chips, nacho cheese flavor (Doritos)",5004,"Tortilla, corn, other chips",,519,7.36,60.81,27.42,5.1,2.59,691,519.5,1.001,2022-10-28
2708208,54401112,"Tortilla chips, other flavors (Doritos)",5004,"Tortilla, corn, other chips",,519,7.36,60.81,27.42,5.1,2.59,691,519.5,1.001,2022-10-28
2708202,54401075,"Tortilla chips, plain",5004,"Tortilla, corn, other chips",,472,7.1,67.78,20.68,5.4,0.78,328,485.6,1.029,2022-10-28
2708210,54401122,"Tortilla chips, reduced fat, flavored",5004,"Tortilla, corn, other chips",,411,10.86,79.07,5.63,5.2,0.84,511,410.4,0.999,2022-10-28
2708209,54401121,"Tortilla chips, reduced fat, plain",5004,"Tortilla, corn, other chips",,411,10.86,79.07,5.63,5.2,0.84,511,410.4,0.999,2022-10-28
2708212,54402080,"Tortilla chips, reduced sodium",5004,"Tortilla, corn, other chips",,489,9.35,68.08,19.84,4.5,0.72,13,488.3,0.999,2022-10-28
2707823,52215100,"Tortilla, corn",4208,Tortillas,,218,5.7,44.64,2.85,6.3,0.88,45,227.0,1.041,2022-10-28
2707824,52215200,"Tortilla, flour",4208,Tortillas,,306,8.2,49.38,7.99,3.5,3.71,700,302.2,0.988,2022-10-28
2707822,52215000,"Tortilla, NFS",4208,Tortillas,,262,6.95,47.01,5.42,4.9,2.3,372,264.6,1.010,2022-10-28
2707825,52215260,"Tortilla, whole wheat",4208,Tortillas,,310,9.76,45.89,9.76,9.8,2.44,617,310.4,1.001,2022-10-28
2707577,42501500,Trail mix with chocolate,2804,Nuts and seeds,,503,11.65,48.27,32.26,5.9,34.85,146,530.0,1.054,2022-10-28
2707575,42500100,Trail mix with nuts,2804,Nuts and seeds,,604,20.06,21.07,52.98,7.9,4.1,252,641.3,1.062,2022-10-28
2707576,42501000,Trail mix with nuts and fruit,2804,Nuts and seeds,,454,10.9,51.06,26.83,6.4,36.48,134,489.3,1.078,2022-10-28
2707578,42502100,"Trail mix with pretzels, cereal, or granola",2804,Nuts and seeds,,476,13.09,50.59,27.66,6,19.32,414,503.7,1.058,2022-10-28
2707574,42500000,"Trail mix, NFS",2804,Nuts and seeds,,454,10.9,51.06,26.83,6.4,36.48,134,489.3,1.078,2022-10-28
2705701,13252590,Trifle,5804,Pudding,,169,3.52,23.24,7.15,0.4,15.76,180,171.4,1.014,2022-10-28
2706162,25170110,Tripe,2010,Liver and organ meats,,89,12.6,0,3.85,0,0,425,85.0,0.956,2022-10-28
2706572,27250710,Tuna and rice with mushroom sauce,3006,Seafood mixed dishes,,128,4.57,15.39,5.17,0.4,0.59,298,126.4,0.987,2022-10-28
2706560,27250160,Tuna cake or patty,3006,Seafood mixed dishes,,206,15.33,2.65,14.92,0.2,0.49,372,206.2,1.001,2022-10-28
2706858,27450510,"Tuna casserole with vegetables and mushroom sauce, no noodles",3006,Seafood mixed dishes,,115,9.04,8.39,5.12,0.9,1.81,364,115.8,1.007,2022-10-28
2706570,27250610,Tuna noodle casserole with cream or white sauce,3006,Seafood mixed dishes,,168,10.12,15.41,7.3,0.7,2.16,249,167.8,0.999,2022-10-28
2706571,27250630,Tuna noodle casserole with mushroom sauce,3006,Seafood mixed dishes,,139,9.02,13.92,5.18,0.8,1.14,328,138.4,0.996,2022-10-28
2706718,27350410,Tuna noodle casserole with vegetables and mushroom sauce,3006,Seafood mixed dishes,,124,8.11,12.96,4.46,1,1.49,280,124.4,1.003,2022-10-28
2706714,27350080,"Tuna noodle casserole with vegetables, cream or white sauce",3006,Seafood mixed dishes,,149,8.99,14.16,6.22,0.9,2.37,211,148.6,0.997,2022-10-28
2707036,27550735,Tuna salad sandwich on wheat,3730,Seafood sandwiches,,217,10.52,17.07,11.89,2.1,3.12,425,217.4,1.002,2022-10-28
2707037,27550737,"Tuna salad sandwich on wheat, with cheese",3730,Seafood sandwiches,,232,11.55,15.81,13.62,1.9,3.08,486,232.0,1.000,2022-10-28
2707034,27550720,Tuna salad sandwich on white,3730,Seafood sandwiches,,218,9.86,18.33,11.76,1,3.16,429,218.6,1.003,2022-10-28
2707035,27550730,"Tuna salad sandwich on white, with cheese",3730,Seafood sandwiches,,233,10.96,16.94,13.5,0.9,3.12,489,233.1,1.000,2022-10-28
2707038,27550755,Tuna salad sandwich wrap,3730,Seafood sandwiches,,244,10.59,16.99,14.82,1.3,2.64,564,243.7,0.999,2022-10-28
2706839,27450090,Tuna salad with cheese,3006,Seafood mixed dishes,,214,11.33,2.85,17.58,0.4,1.91,440,214.9,1.004,2022-10-28
2706840,27450100,Tuna salad with egg,3006,Seafood mixed dishes,,190,10.28,2.74,15.4,0.4,1.99,393,190.7,1.004,2022-10-28
2706836,27450068,"Tuna salad, made with any type of fat free dressing",3006,Seafood mixed dishes,,72,9.6,6.25,1.15,0.8,4.26,460,73.8,1.024,2022-10-28
2706832,27450064,"Tuna salad, made with creamy dressing",3006,Seafood mixed dishes,,148,9.98,4.02,10.29,0.4,2.95,460,148.6,1.004,2022-10-28
2706834,27450066,"Tuna salad, made with Italian dressing",3006,Seafood mixed dishes,,106,9.83,5.35,5.08,0.4,4.25,498,106.4,1.004,2022-10-28
2706833,27450065,"Tuna salad, made with light creamy dressing",3006,Seafood mixed dishes,,78,9.82,7.38,1.16,0.4,3.14,488,79.2,1.016,2022-10-28
2706835,27450067,"Tuna salad, made with light Italian dressing",3006,Seafood mixed dishes,,76,9.78,4.91,2,0.4,3.93,478,76.8,1.010,2022-10-28
2706829,27450061,"Tuna salad, made with light mayonnaise",3006,Seafood mixed dishes,,106,9.78,4.75,5.4,0.4,2.7,464,106.7,1.007,2022-10-28
2706831,27450063,"Tuna salad, made with light mayonnaise-type salad dressing",3006,Seafood mixed dishes,,106,9.78,4.75,5.4,0.4,2.7,464,106.7,1.007,2022-10-28
2706828,27450060,"Tuna salad, made with mayonnaise",3006,Seafood mixed dishes,,194,10.07,2.89,15.84,0.4,2.07,418,194.4,1.002,2022-10-28
2706830,27450062,"Tuna salad, made with mayonnaise-type salad dressing",3006,Seafood mixed dishes,,108,9.88,5.92,5.19,0.4,4.09,425,109.9,1.018,2022-10-28
2706450,27150120,Tuna with cream or white sauce,3006,Seafood mixed dishes,,102,14.42,2.81,3.71,0,1.39,327,102.3,1.003,2022-10-28
2707091,27580130,Turkey and ham sandwich on wheat,3740,Deli and cured meat sandwiches,,170,13.94,19.65,3.84,2.2,2.43,679,168.9,0.994,2022-10-28
2707092,27580140,"Turkey and ham sandwich on wheat, with cheese",3740,Deli and cured meat sandwiches,,194,14.76,17.79,6.97,2,2.48,721,192.9,0.994,2022-10-28
2707089,27580110,Turkey and ham sandwich on white,3740,Deli and cured meat sandwiches,,172,13.12,21.22,3.68,1,2.49,683,170.5,0.991,2022-10-28
2707090,27580120,"Turkey and ham sandwich on white, with cheese",3740,Deli and cured meat sandwiches,,195,14.04,19.16,6.83,0.8,2.53,725,194.3,0.996,2022-10-28
2707093,27580150,"Turkey and ham sandwich or sub, restaurant",3740,Deli and cured meat sandwiches,,163,13.47,18.57,3.69,0.8,2.22,705,161.4,0.990,2022-10-28
2707094,27580160,"Turkey and ham sandwich or sub, with cheese, restaurant",3740,Deli and cured meat sandwiches,,191,14.47,16.62,7.26,0.7,2.3,749,189.7,0.993,2022-10-28
2706135,24208500,"Turkey bacon, cooked",2604,Bacon,,368,29.5,4.24,25.87,0,4.24,2021,367.8,0.999,2022-10-28
2706136,24208510,"Turkey bacon, reduced sodium, cooked",2604,Bacon,,253,13.33,4.8,20,0,0,900,252.5,0.998,2022-10-28
2706217,25230800,"Turkey ham, prepackaged or deli, luncheon meat",2602,Cold cuts and cured meats,,106,14.81,2.2,3.77,0,0.91,810,102.0,0.962,2022-10-28
2706118,24201420,"Turkey light or dark meat, stewed, skin eaten",2206,"Turkey, duck, other poultry",,204,30.25,0.14,8.52,0,0.07,576,198.2,0.972,2022-10-28
2706202,25221870,Turkey or chicken and pork sausage,2608,Sausages,,307,22.7,0.7,23,0,0,878,300.6,0.979,2022-10-28
2707019,27545110,"Turkey or chicken burger, on wheat bun",3702,Burgers,,227,20.7,18.74,7.72,2.2,2.15,334,227.2,1.001,2022-10-28
2707018,27545100,"Turkey or chicken burger, on white bun",3702,Burgers,,234,20.03,20.68,7.69,0.7,3,356,232.1,0.992,2022-10-28
2706200,25221830,Turkey or chicken sausage,2608,Sausages,,193,19.65,1.09,12.24,0,0,705,193.1,1.001,2022-10-28
2706201,25221855,"Turkey or chicken sausage, reduced sodium",2608,Sausages,,230,20.03,13.32,10.7,0,0.76,417,229.7,0.999,2022-10-28
2706983,27540030,Turkey sandwich on wheat,3740,Deli and cured meat sandwiches,,187,13.05,24.56,3.88,2.8,3.13,619,185.4,0.991,2022-10-28
2706984,27540040,"Turkey sandwich on wheat, with cheese",3740,Deli and cured meat sandwiches,,214,14.17,21.56,7.64,2.4,3.08,679,211.7,0.989,2022-10-28
2706981,27540010,Turkey sandwich on white,3740,Deli and cured meat sandwiches,,189,12.03,26.51,3.68,1.2,3.2,624,187.3,0.991,2022-10-28
2706982,27540020,"Turkey sandwich on white, with cheese",3740,Deli and cured meat sandwiches,,215,13.31,23.22,7.47,1,3.14,683,213.4,0.992,2022-10-28
2706985,27540050,"Turkey sandwich or sub, restaurant",3740,Deli and cured meat sandwiches,,180,12.33,23.89,3.69,1.1,2.96,644,178.1,0.989,2022-10-28
2706986,27540060,"Turkey sandwich or sub, with cheese, restaurant",3740,Deli and cured meat sandwiches,,212,13.76,20.55,8.07,0.9,2.92,709,209.9,0.990,2022-10-28
2706987,27540070,Turkey sandwich wrap,3740,Deli and cured meat sandwiches,,232,12.77,23.3,9.4,1.5,2.42,792,228.9,0.987,2022-10-28
2706430,27142200,Turkey with gravy,3004,Poultry mixed dishes,,125,20.46,1.58,3.46,0,0.09,356,119.3,0.954,2022-10-28
2707118,28145210,"Turkey with gravy, dressing, potatoes, vegetable, frozen meal",3004,Poultry mixed dishes,,128,6.97,16.32,3.89,1.3,4.82,326,128.2,1.001,2022-10-28
2707117,28145110,"Turkey with vegetable, stuffing, diet frozen meal",3004,Poultry mixed dishes,,96,9.3,10.66,1.82,1.5,3.79,210,96.2,1.002,2022-10-28
2706131,24205100,"Turkey, back",2206,"Turkey, duck, other poultry",,203,25.58,0,11.26,0,0,557,203.7,1.003,2022-10-28
2706132,24206000,"Turkey, canned",2206,"Turkey, duck, other poultry",,185,25.3,0.9,8.1,0,0,482,177.7,0.961,2022-10-28
2706112,24201230,"Turkey, dark meat, roasted, skin eaten",2206,"Turkey, duck, other poultry",roasted,202,26.46,0.05,10.16,0,0,461,197.5,0.978,2022-10-28
2706111,24201220,"Turkey, dark meat, roasted, skin not eaten",2206,"Turkey, duck, other poultry",roasted,167,26.94,0,5.98,0,0,458,161.6,0.968,2022-10-28
2706122,24202020,"Turkey, drumstick, cooked, skin eaten",2206,"Turkey, duck, other poultry",,206,27.64,0,9.74,0,0,399,198.2,0.962,2022-10-28
2706121,24202010,"Turkey, drumstick, cooked, skin not eaten",2206,"Turkey, duck, other poultry",,144,28.52,0,3.38,0,0,455,144.5,1.003,2022-10-28
2706124,24202070,"Turkey, drumstick, roasted, skin eaten",2206,"Turkey, duck, other poultry",roasted,203,26.86,0,10.07,0,0,442,198.1,0.976,2022-10-28
2706123,24202060,"Turkey, drumstick, roasted, skin not eaten",2206,"Turkey, duck, other poultry",roasted,144,28.52,0,3.38,0,0,455,144.5,1.003,2022-10-28
2706133,24207000,"Turkey, ground",2206,"Turkey, duck, other poultry",,211,26.87,0,11.5,0,0,412,211.0,1.000,2022-10-28
2706114,24201330,"Turkey, light and dark meat, roasted, skin eaten",2206,"Turkey, duck, other poultry",roasted,183,27.48,0.04,7.54,0,0,465,177.9,0.972,2022-10-28
2706113,24201320,"Turkey, light and dark meat, roasted, skin not eaten",2206,"Turkey, duck, other poultry",roasted,151,27.99,0,3.76,0,0,464,145.8,0.966,2022-10-28
2706108,24201070,"Turkey, light meat, breaded, baked or fried, skin eaten",2206,"Turkey, duck, other poultry",,200,26.78,6.48,6.84,0.4,0.56,198,194.6,0.973,2022-10-28
2706107,24201060,"Turkey, light meat, breaded, baked or fried, skin not eaten",2206,"Turkey, duck, other poultry",,173,27.26,6.46,3.69,0.4,0.56,197,168.1,0.972,2022-10-28
2706110,24201130,"Turkey, light meat, roasted, skin eaten",2206,"Turkey, duck, other poultry",roasted,169,28.28,0.03,5.55,0,0,468,163.2,0.966,2022-10-28
2706109,24201120,"Turkey, light meat, roasted, skin not eaten",2206,"Turkey, duck, other poultry",roasted,139,28.81,0,2.06,0,0,467,133.8,0.962,2022-10-28
2706106,24201030,"Turkey, light meat, skin eaten",2206,"Turkey, duck, other poultry",,169,28.28,0.03,5.55,0,0,468,163.2,0.966,2022-10-28
2706105,24201020,"Turkey, light meat, skin not eaten",2206,"Turkey, duck, other poultry",,139,28.81,0,2.06,0,0,467,133.8,0.962,2022-10-28
2706116,24201370,"Turkey, light or dark meat, fried, coated, skin eaten",2206,"Turkey, duck, other poultry",fried,192,26.2,1.42,8.51,0,0.11,270,187.1,0.974,2022-10-28
2706115,24201360,"Turkey, light or dark meat, fried, coated, skin not eaten",2206,"Turkey, duck, other poultry",fried,165,27.22,1.42,5.06,0,0.11,274,160.1,0.970,2022-10-28
2706119,24201510,"Turkey, light or dark meat, smoked, skin eaten",2206,"Turkey, duck, other poultry",,208,28.1,0,9.7,0,0,996,199.7,0.960,2022-10-28
2706120,24201520,"Turkey, light or dark meat, smoked, skin not eaten",2206,"Turkey, duck, other poultry",,162,29.3,0,5,0,0,996,162.2,1.001,2022-10-28
2706117,24201410,"Turkey, light or dark meat, stewed, skin not eaten",2206,"Turkey, duck, other poultry",,158,31.18,0.19,2.66,0,0.1,610,149.4,0.946,2022-10-28
2706127,24202600,"Turkey, neck",2206,"Turkey, duck, other poultry",,161,22.29,0,7.3,0,0,566,154.9,0.962,2022-10-28
2706104,24201000,"Turkey, NFS",2206,"Turkey, duck, other poultry",,139,28.81,0,2.06,0,0,467,133.8,0.962,2022-10-28
2706134,24208000,"Turkey, nuggets",2206,"Turkey, duck, other poultry",,236,22.19,17.14,8.66,1.1,1.48,334,235.3,0.997,2022-10-28
2706215,25230780,"Turkey, prepackaged or deli, luncheon meat",2602,Cold cuts and cured meats,,106,14.81,2.2,3.77,0,0.91,810,102.0,0.962,2022-10-28
2706216,25230785,"Turkey, prepackaged or deli, luncheon meat, reduced sodium",2602,Cold cuts and cured meats,,106,14.81,2.2,3.77,0,0.91,610,102.0,0.962,2022-10-28
2706130,24205000,"Turkey, tail",2206,"Turkey, duck, other poultry",,294,22.25,0,22.8,0,0,485,294.2,1.001,2022-10-28
2706125,24202460,"Turkey, thigh, cooked, skin eaten",2206,"Turkey, duck, other poultry",,182,24.36,0.27,9.26,0,0,457,181.9,0.999,2022-10-28
2706126,24202500,"Turkey, thigh, cooked, skin not eaten",2206,"Turkey, duck, other poultry",,161,26.94,0,5.98,0,0,458,161.6,1.004,2022-10-28
2706129,24203020,"Turkey, wing, cooked, skin eaten",2206,"Turkey, duck, other poultry",,202,26.87,0,9.97,0,0,442,197.2,0.976,2022-10-28
2706128,24203010,"Turkey, wing, cooked, skin not eaten",2206,"Turkey, duck, other poultry",,139,28.81,0,2.06,0,0,467,133.8,0.962,2022-10-28
2709637,72128221,"Turnip greens, fresh, cooked, fat added",6411,Other dark green vegetables,raw,42,1.11,4.23,2.77,3.4,0.52,149,46.3,1.102,2022-10-28
2709634,72128211,"Turnip greens, fresh, cooked, no added fat",6411,Other dark green vegetables,raw,20,1.14,4.35,0.23,3.5,0.53,145,24.0,1.201,2022-10-28
2709638,72128222,"Turnip greens, frozen, cooked, fat added",6411,Other dark green vegetables,,51,3.25,4.83,2.95,3.3,0.73,136,58.9,1.154,2022-10-28
2709635,72128212,"Turnip greens, frozen, cooked, no added fat",6411,Other dark green vegetables,,29,3.34,4.96,0.42,3.4,0.75,131,37.0,1.275,2022-10-28
2710002,75234021,"Turnip, cooked",6420,Other vegetables and combinations,,54,0.95,6.7,2.84,1.9,3.96,200,56.2,1.040,2022-10-28
2710102,75534030,"Turnip, pickled",8408,"Olives, pickles, pickled vegetables",,44,0.75,10.19,0.1,1.5,8.02,1000,44.7,1.015,2022-10-28
2709809,75129000,"Turnip, raw",6420,Other vegetables and combinations,raw,28,0.9,6.43,0.1,1.8,3.8,67,30.2,1.079,2022-10-28
2708743,58126400,"Turnover or breakfast pocket, egg",3208,Turnovers and other grain-based items,,265,10.01,30.9,11.29,1.5,3.25,483,265.2,1.001,2022-10-28
2708736,58126125,"Turnover or hot pocket, beef",3208,Turnovers and other grain-based items,,233,10.35,24.49,10.25,1.3,2.67,455,231.6,0.994,2022-10-28
2708740,58126270,"Turnover or hot pocket, chicken",3208,Turnovers and other grain-based items,,215,10.71,24.49,8.21,1.3,2.67,456,214.7,0.999,2022-10-28
2708737,58126130,"Turnover or hot pocket, ham",3208,Turnovers and other grain-based items,,256,9.32,27.85,11.82,1.5,3.01,562,255.1,0.996,2022-10-28
2708735,58126105,"Turnover or hot pocket, meatless",3208,Turnovers and other grain-based items,,198,5.07,27.03,7.78,1.6,3.24,504,198.4,1.002,2022-10-28
2708734,58126100,"Turnover or hot pocket, NFS",3208,Turnovers and other grain-based items,,260,10.26,27.9,11.92,1.6,3.9,536,259.9,1.000,2022-10-28
2708739,58126160,"Turnover or hot pocket, pizza pocket",3208,Turnovers and other grain-based items,,244,9.66,29.68,9.62,1.7,4.16,466,243.9,1.000,2022-10-28
2708738,58126150,"Turnover or hot pocket, pizza pocket, meat",3208,Turnovers and other grain-based items,,260,10.26,27.9,11.92,1.6,3.9,536,259.9,1.000,2022-10-28
2708742,58126290,Turnover or lean pocket,3208,Turnovers and other grain-based items,,208,10.61,24.38,7.5,1.4,2.85,378,207.5,0.997,2022-10-28
2708046,53450000,"Turnover, fruit",5502,Cakes and pies,,316,3,42.6,16.1,2.6,21.4,333,327.3,1.036,2022-10-28
2708741,58126275,"Turnover, seafood",3208,Turnovers and other grain-based items,,207,9.39,24.57,7.91,1.3,2.68,382,207.0,1.000,2022-10-28
2709636,72128220,"Turrnip greens, NS as to form, cooked",6411,Other dark green vegetables,,42,1.11,4.23,2.77,3.4,0.52,149,46.3,1.102,2022-10-28
2706335,26215120,Turtle,2404,Shellfish,,157,24.59,0,5.8,0,0,285,150.6,0.959,2022-10-28
2705448,11440060,Tzatziki dip,8412,"Dips, gravies, other sauces",,91,5.22,4.1,6,0.2,2.5,307,91.3,1.003,2022-10-28
2709128,58174000,Upma,4804,Grits and other cooked cereals,,87,1.98,13.81,2.64,1.3,1.61,98,86.9,0.999,2022-10-28
2709130,58175000,Vada,3208,Turnovers and other grain-based items,,266,12.75,33.25,9.73,5.8,1.31,315,271.6,1.021,2022-10-28
2706418,27135150,Veal cordon bleu,3002,Meat mixed dishes,,219,23.66,9.34,9.69,0.6,0.63,443,219.2,1.001,2022-10-28
2706416,27135050,Veal Marsala,3002,Meat mixed dishes,,175,17.82,6.74,8.54,0.5,0.51,147,175.1,1.001,2022-10-28
2706417,27135110,Veal parmigiana,3002,Meat mixed dishes,,204,15.33,8.33,11.92,0.8,1.68,436,201.9,0.990,2022-10-28
2706415,27135020,Veal scallopini,3002,Meat mixed dishes,,241,18.71,1.47,17.47,0.4,0.57,372,237.9,0.987,2022-10-28
2705909,23201010,"Veal, chop",2002,"Beef, excludes ground",,158,29.51,0.07,4.4,0,0,391,157.9,0.999,2022-10-28
2705910,23220010,"Veal, ground",2004,Ground beef,,213,25.62,1.5,11.69,0,0,452,213.7,1.003,2022-10-28
2710205,83108000,Vegan mayonnaise,8010,Mayonnaise,,232,0.3,16,19.2,0,6,497,238.0,1.026,2022-10-28
2710581,92530950,"Vegetable and fruit juice drink, with high vitamin C",7204,Fruit drinks,,29,0.04,7.47,0.01,0,2.1,21,30.1,1.039,2022-10-28
2710594,92550400,"Vegetable and fruit juice drink, with high vitamin C, diet",7106,Other diet drinks,,4,0,1.1,0,0,0.63,14,4.4,1.100,2022-10-28
2710595,92550405,"Vegetable and fruit juice drink, with high vitamin C, light",7204,Fruit drinks,,4,0,1.1,0,0,0.63,14,4.4,1.100,2022-10-28
2710145,78101000,"Vegetable and fruit juice, 100% juice, with high vitamin C",7006,Other fruit juice,,46,0.3,11.15,0.01,0,10.37,29,45.9,0.998,2022-10-28
2709447,71220000,Vegetable chips,5004,"Tortilla, corn, other chips",,495,4.72,59.2,26.56,7.8,6.9,329,494.7,0.999,2022-10-28
2710067,75440600,Vegetable curry,3104,Vegetable dishes,,86,1.6,8.81,5.27,1.8,3.18,388,89.1,1.036,2022-10-28
2710068,75440610,Vegetable curry with rice,3104,Vegetable dishes,,103,2.03,16.48,3.27,1.3,1.93,331,103.5,1.005,2022-10-28
2705628,12350255,"Vegetable dip, light",8412,"Dips, gravies, other sauces",,198,2.04,13.6,15.19,0.3,7.37,602,199.3,1.006,2022-10-28
2705627,12350250,"Vegetable dip, regular",8412,"Dips, gravies, other sauces",,429,2.23,3.57,45.12,0.3,2.05,713,429.3,1.001,2022-10-28
2705449,11440070,"Vegetable dip, yogurt based",8412,"Dips, gravies, other sauces",,191,8.16,3.76,16.03,0.3,2.99,641,192.0,1.005,2022-10-28
2710038,75365000,"Vegetable mixture, dried",9999,Not included in a food category,dried,328,17.41,49.22,8.88,18.5,18.93,368,346.4,1.056,2022-10-28
2710180,82101000,"Vegetable oil, NFS",8012,Salad dressings and vegetable oils,,900,0,0,100,0,0,0,900.0,1.000,2022-10-28
2709134,58200230,Vegetable sandwich on wheat,3744,Vegetable sandwiches/burgers,,119,4.67,20.14,2.25,2.7,3.95,370,119.5,1.004,2022-10-28
2709135,58200240,"Vegetable sandwich on wheat, with cheese",3744,Vegetable sandwiches/burgers,,146,6.46,18.42,5.24,2.4,3.82,443,146.7,1.005,2022-10-28
2709132,58200210,Vegetable sandwich on white,3744,Vegetable sandwiches/burgers,,120,3.94,21.53,2.11,1.6,4,374,120.9,1.007,2022-10-28
2709133,58200220,"Vegetable sandwich on white, with cheese",3744,Vegetable sandwiches/burgers,,147,5.82,19.65,5.11,1.4,3.86,446,147.9,1.006,2022-10-28
2709136,58200250,Vegetable sandwich wrap,3744,Vegetable sandwiches/burgers,,160,5.42,19.71,6.55,1.8,3.33,528,159.5,0.997,2022-10-28
2710152,78101130,Vegetable smoothie,7220,Smoothies and grain drinks,,89,2.75,5.84,6.63,2.8,2.57,38,94.0,1.057,2022-10-28
2710065,75440200,Vegetable tempura,6430,Fried vegetables,,239,3.81,20.45,15.81,1.6,1.49,12,239.3,1.001,2022-10-28
2710810,99997810,Vegetables as ingredient in curry,9999,Not included in a food category,,53,1.81,11.71,0.2,2.2,3.2,20,55.9,1.054,2022-10-28
2710811,99997815,Vegetables as ingredient in soups,9999,Not included in a food category,,50,1.87,10.56,0.33,2,2.34,15,52.7,1.054,2022-10-28
2710812,99997820,Vegetables as ingredient in stews,9999,Not included in a food category,,59,1.77,12.67,0.3,2.6,3.16,34,60.5,1.025,2022-10-28
2710101,75515100,"Vegetables, pickled",8408,"Olives, pickles, pickled vegetables",,46,0.94,10.18,0.21,1.6,7.48,983,46.4,1.008,2022-10-28
2710029,75317010,"Vegetables, stew type, cooked, fat added",6420,Other vegetables and combinations,,97,1.44,15.11,3.64,2,3.04,181,99.0,1.020,2022-10-28
2710030,75317020,"Vegetables, stew type, cooked, no added fat",6420,Other vegetables and combinations,,69,1.49,15.74,0.18,2.1,3.14,169,70.5,1.022,2022-10-28
2707479,41812800,Vegetarian stew,3104,Vegetable dishes,,33,0.67,3.12,2.15,1.1,1.61,144,34.5,1.046,2022-10-28
2707480,41812850,Vegetarian stroganoff,3102,"Bean, pea, legume dishes",,167,7.69,11.78,10.03,2.6,1.79,460,168.1,1.007,2022-10-28
2707478,41812600,"Vegetarian, fillet",2806,Soy and meat-alternative products,,290,23,9,18,6.1,0.8,490,290.0,1.000,2022-10-28
2707473,41811890,"Veggie burger patty, no bun",2806,Soy and meat-alternative products,,177,15.7,14.27,6.3,4.9,1.07,569,176.6,0.998,2022-10-28
2707481,41901010,"Veggie burger, on bun",3744,Vegetable sandwiches/burgers,,224,12.96,30.82,5.2,3.5,3.94,534,221.9,0.991,2022-10-28
2707482,41901020,"Veggie burger, on bun, with cheese",3744,Vegetable sandwiches/burgers,,243,14,27.23,8.43,3,3.78,600,240.8,0.991,2022-10-28
2706526,27236000,Venison or deer and noodles with cream or white sauce,3002,Meat mixed dishes,,141,8.37,14.48,5.37,0.6,1.5,292,139.7,0.991,2022-10-28
2706420,27136080,Venison or deer with gravy,3002,Meat mixed dishes,,147,25.48,1.58,3.53,0,0.09,345,140.0,0.952,2022-10-28
2706419,27136050,Venison or deer with tomato-based sauce,3002,Meat mixed dishes,,140,25.64,1.59,2.84,0.4,1.06,347,134.5,0.961,2022-10-28
2706665,27336310,"Venison or deer, noodles, and vegetables excluding carrots, broccoli, and dark-green leafy; tomato-based sauce",3002,Meat mixed dishes,,134,7.47,14.75,5.11,1.4,1.55,305,134.9,1.006,2022-10-28
2706664,27336300,"Venison or deer, noodles, and vegetables including carrots, broccoli, and/or dark-green leafy; tomato-based sauce",3002,Meat mixed dishes,,130,7.43,13.64,5.11,1.5,1.61,311,130.3,1.002,2022-10-28
2706663,27336250,"Venison or deer, potatoes, and vegetables excluding carrots, broccoli, and dark-green leafy; gravy",3002,Meat mixed dishes,,127,6.01,12.31,6.1,1.3,0.9,312,128.2,1.009,2022-10-28
2706662,27336200,"Venison or deer, potatoes, and vegetables including carrots, broccoli, and/or dark-green leafy; gravy",3002,Meat mixed dishes,,127,5.95,11.17,6.5,1.4,0.94,317,127.0,1.000,2022-10-28
2705916,23322100,Venison sausage,2602,Cold cuts and cured meats,,312,20.23,0,25.08,0,0,829,306.6,0.983,2022-10-28
2705913,23321000,"Venison, NFS",2008,"Lamb, goat, game",,167,28.1,0,5.26,0,0,374,159.7,0.957,2022-10-28
2705914,23321200,"Venison, steak",2008,"Lamb, goat, game",,149,29.96,0,2.36,0,0,364,141.1,0.947,2022-10-28
2705915,23321900,Venison/deer jerky,2602,Cold cuts and cured meats,,398,32.2,14.72,22.41,0,14.75,2955,389.4,0.978,2022-10-28
2707450,41425010,"Vermicelli, made from soybeans",2806,Soy and meat-alternative products,,126,0.04,31.42,0.04,1.5,6.66,3,126.2,1.002,2022-10-28
2706203,25221910,"Vienna sausage, canned",2608,Sausages,,230,10.5,2.6,19.4,0,0,879,227.0,0.987,2022-10-28
2706585,27260500,"Vienna sausages stewed with potatoes, Puerto Rican style",3002,Meat mixed dishes,,219,5.08,13.06,16.36,1.7,1.31,466,219.8,1.004,2022-10-28
2709351,64401000,Vinegar,8406,Mustard and other condiments,,21,0,0.93,0,0,0.4,5,3.7,0.177,2022-10-28
2710704,93505000,Vodka,7506,Liquor and cocktails,,231,0,0,0,0,0,1,0.0,0.000,2022-10-28
2710666,93301214,Vodka and cola,7506,Liquor and cocktails,,89,0,7.8,0.19,0,7.48,3,32.9,0.370,2022-10-28
2710667,93301215,Vodka and diet cola,7506,Liquor and cocktails,,60,0.08,0.22,0.02,0,0,6,1.4,0.023,2022-10-28
2710668,93301216,Vodka and energy drink,7506,Liquor and cocktails,,90,0.35,7.7,0,0,7.69,30,32.2,0.358,2022-10-28
2710665,93301213,Vodka and lemonade,7506,Liquor and cocktails,,93,0,9.02,0,0,8.71,5,36.1,0.388,2022-10-28
2710664,93301211,Vodka and soda,7506,Liquor and cocktails,,59,0,0,0,0,0,16,0.0,0.000,2022-10-28
2710670,93301218,Vodka and tonic,7506,Liquor and cocktails,,84,0,6.57,0,0,6.57,9,26.3,0.313,2022-10-28
2710669,93301217,Vodka and water,7506,Liquor and cocktails,,59,0,0,0,0,0,3,0.0,0.000,2022-10-28
2709749,74404090,Vodka sauce with tomatoes and cream,8410,"Pasta sauces, tomato-based",,75,1.15,3.56,6.57,1.3,2.49,247,78.0,1.040,2022-10-28
2708327,55203600,"Waffle, chocolate",4404,"Pancakes, waffles, French toast",,437,9.07,48.64,22.7,2.9,19.04,517,435.1,0.996,2022-10-28
2708321,55200110,"Waffle, chocolate, fast food / restaurant",4404,"Pancakes, waffles, French toast",,480,8.59,46.1,28.86,2.7,18.04,541,478.5,0.997,2022-10-28
2708316,55200050,"Waffle, chocolate, frozen",4404,"Pancakes, waffles, French toast",,320,7.43,48.94,10.5,2.6,6.76,441,320.0,1.000,2022-10-28
2708328,55203700,"Waffle, cinnamon",4404,"Pancakes, waffles, French toast",,373,8.7,41.67,18.78,2.7,8.27,596,370.5,0.993,2022-10-28
2708326,55203000,"Waffle, fruit",4404,"Pancakes, waffles, French toast",,307,6.94,36.25,14.92,2.8,9.11,467,307.0,1.000,2022-10-28
2708322,55200120,"Waffle, fruit, fast food / restaurant",4404,"Pancakes, waffles, French toast",,354,6.6,34.47,21.09,2.7,8.66,492,354.1,1.000,2022-10-28
2708315,55200040,"Waffle, fruit, frozen",4404,"Pancakes, waffles, French toast",,296,7.07,46.58,9.05,2.6,4.61,437,296.1,1.000,2022-10-28
2708330,55208000,"Waffle, gluten free",4404,"Pancakes, waffles, French toast",,263,2.72,43.05,8.84,1.4,1.73,505,262.6,0.999,2022-10-28
2708312,55200010,"Waffle, NFS",4404,"Pancakes, waffles, French toast",,309,7.42,48.39,9.49,2.6,4.41,460,308.6,0.999,2022-10-28
2708325,55201000,"Waffle, plain",4404,"Pancakes, waffles, French toast",,373,8.7,41.5,18.82,2.5,8.28,597,370.2,0.992,2022-10-28
2708320,55200100,"Waffle, plain, fast food / restaurant",4404,"Pancakes, waffles, French toast",,428,8.16,38.92,26.36,2.4,7.77,620,425.6,0.994,2022-10-28
2708313,55200020,"Waffle, plain, frozen",4404,"Pancakes, waffles, French toast",,309,7.42,48.39,9.49,2.6,4.41,460,308.6,0.999,2022-10-28
2708314,55200030,"Waffle, plain, reduced fat",4404,"Pancakes, waffles, French toast",,292,9.72,46.75,7.35,1.5,3.68,505,292.0,1.000,2022-10-28
2708324,55200200,"Waffle, school",4404,"Pancakes, waffles, French toast",,257,7.14,49.16,3.57,4.3,4.29,557,257.3,1.001,2022-10-28
2708329,55205000,"Waffle, whole grain",4404,"Pancakes, waffles, French toast",,364,9.23,38.61,19.21,3.8,8.09,847,364.2,1.001,2022-10-28
2708323,55200130,"Waffle, whole grain, fast food / restaurant",4404,"Pancakes, waffles, French toast",,421,8.64,36.15,26.94,3.5,7.57,855,421.6,1.001,2022-10-28
2708317,55200060,"Waffle, whole grain, frozen",4404,"Pancakes, waffles, French toast",,289,6.78,46.7,8.39,4.1,4.08,529,289.4,1.001,2022-10-28
2708319,55200080,"Waffle, whole grain, fruit, frozen",4404,"Pancakes, waffles, French toast",,278,6.48,45.06,8.02,4,4.28,504,278.3,1.001,2022-10-28
2708318,55200070,"Waffle, whole grain, reduced fat",4404,"Pancakes, waffles, French toast",,257,7.14,49.16,3.57,4.3,4.29,557,257.3,1.001,2022-10-28
2710193,82108700,Walnut oil,8012,Salad dressings and vegetable oils,,884,0,0,100,0,0,0,900.0,1.018,2022-10-28
2707531,42116000,"Walnuts, excluding honey roasted",2804,Nuts and seeds,,730,14.56,10.91,69.74,5.2,2.61,0,729.5,0.999,2022-10-28
2707532,42116100,"Walnuts, honey roasted",2804,Nuts and seeds,,668,9.8,29.04,56.92,3.5,23.5,383,667.6,0.999,2022-10-28
2710103,75534550,Wasabi paste,8406,Mustard and other condiments,,292,2.23,46.13,10.9,6.1,13.2,3390,291.5,0.998,2022-10-28
2707422,41304000,Wasabi peas,2802,"Beans, peas, legumes",,432,14.11,62.2,14.11,3.8,14.11,300,432.2,1.001,2022-10-28
2710710,94100300,"Water beverage, fruit flavored",7802,Flavored or carbonated water,,18,0,4.5,0,0,4.5,8,18.0,1.000,2022-10-28
2710003,75235000,Water Chesnut,6418,Other starchy vegetables,,78,1.38,19.22,0.09,3.9,3.84,12,83.2,1.067,2022-10-28
2710713,94300100,"Water, baby",9204,Baby water,,0,0,0,0,0,0,0,0.0,,2022-10-28
2710708,94100100,"Water, bottled, plain",7704,Bottled water,,0,0,0,0,0,0,2,0.0,,2022-10-28
2710540,92410250,"Water, carbonated, flavored",7802,Flavored or carbonated water,,0,0.1,0,0,0,0,6,0.4,,2022-10-28
2710539,92410210,"Water, carbonated, plain",7802,Flavored or carbonated water,,0,0,0,0,0,0,21,0.0,,2022-10-28
2710712,94200200,"Water, enhanced, diet",7804,Enhanced water,,0,0,0,0,0,0,0,0.0,,2022-10-28
2710711,94200100,"Water, enhanced, regular",7804,Enhanced water,,22,0,5.49,0,0,5.49,0,22.0,0.998,2022-10-28
2710706,94000010,"Water, NFS",7702,Tap water,,0,0,0,0,0,0,3,0.0,,2022-10-28
2710709,94100200,"Water, non-carbonated, flavored",7802,Flavored or carbonated water,,1,0,0.13,0,0,0,14,0.5,0.520,2022-10-28
2710707,94000100,"Water, tap",7702,Tap water,,0,0,0,0,0,0,4,0.0,,2022-10-28
2710538,92410110,"Water, tonic",7802,Flavored or carbonated water,,34,0,8.8,0,0,8.8,12,35.2,1.035,2022-10-28
2709640,72130201,"Watercress, cooked",6411,Other dark green vegetables,,36,2.4,1.35,2.84,0.5,0.21,173,40.6,1.127,2022-10-28
2709639,72130100,"Watercress, raw",6411,Other dark green vegetables,raw,11,2.3,1.29,0.1,0.5,0.2,41,15.3,1.387,2022-10-28
2709333,64133100,"Watermelon juice, 100%",7006,Other fruit juice,,30,0.61,7.55,0.15,0.4,6.2,1,34.0,1.133,2022-10-28
2709270,63149010,"Watermelon, raw",6014,Melons,raw,30,0.61,7.55,0.15,0.4,6.2,1,34.0,1.133,2022-10-28
2705793,14630300,Welsh rarebit,8412,"Dips, gravies, other sauces",,165,7.5,6.32,12.26,0.1,4.21,280,165.6,1.004,2022-10-28
2708488,57601100,Wheat bran,9999,Not included in a food category,,216,15.55,64.51,4.25,42.8,0.41,2,358.5,1.660,2022-10-28
2710786,99995130,Wheat bread as ingredient in sandwiches,9999,Not included in a food category,,264,11.4,45.42,3.98,5.4,5.2,440,263.1,0.997,2022-10-28
2710787,99995135,Wheat bun as ingredient in sandwiches,9999,Not included in a food category,,264,11.4,45.42,3.98,5.4,5.2,440,263.1,0.997,2022-10-28
2708443,56207370,"Wheat cereal, chocolate flavored, cooked",4804,Grits and other cooked cereals,,49,1.79,10.96,0.47,1.8,0.08,337,55.2,1.127,2022-10-28
2708477,57412000,Wheat germ,9999,Not included in a food category,,382,29.1,49.6,10.7,15.1,7.8,4,411.1,1.076,2022-10-28
2710194,82109000,Wheat germ oil,8012,Salad dressings and vegetable oils,,884,0,0,100,0,0,0,900.0,1.018,2022-10-28
2705586,11825000,"Whey, sweet, dry",9999,Not included in a food category,,353,12.93,74.46,1.07,0,74.46,1079,359.2,1.018,2022-10-28
2705611,12220200,Whipped topping,8006,"Cream cheese, sour cream, whipped cream",,318,1.25,23.05,25.31,0,23.05,25,325.0,1.022,2022-10-28
2705612,12220270,"Whipped topping, fat free",8006,"Cream cheese, sour cream, whipped cream",,224,3,23.6,13.1,0,23.6,72,224.3,1.001,2022-10-28
2705613,12220280,"Whipped topping, sugar free",8006,"Cream cheese, sour cream, whipped cream",,224,3,23.6,13.1,0,23.6,72,224.3,1.001,2022-10-28
2710700,93502000,Whiskey,7506,Liquor and cocktails,,231,0,0,0,0,0,1,0.0,0.000,2022-10-28
2710657,93301182,Whiskey and cola,7506,Liquor and cocktails,,89,0,7.8,0.19,0,7.48,3,32.9,0.370,2022-10-28
2710658,93301183,Whiskey and diet cola,7506,Liquor and cocktails,,60,0.08,0.22,0.02,0,0,6,1.4,0.023,2022-10-28
2710659,93301184,Whiskey and ginger ale,7506,Liquor and cocktails,,83,0,6.59,0,0,6.7,6,26.4,0.318,2022-10-28
2710655,93301170,Whiskey and soda,7506,Liquor and cocktails,,59,0,0,0,0,0,16,0.0,0.000,2022-10-28
2710656,93301181,Whiskey and water,7506,Liquor and cocktails,,59,0,0,0,0,0,3,0.0,0.000,2022-10-28
2710654,93301160,Whiskey sour,7506,Liquor and cocktails,,123,0.08,16.11,0.08,0,16.11,77,65.5,0.532,2022-10-28
2707356,41101140,"White beans, from canned, fat added",2802,"Beans, peas, legumes",,211,10.43,29.76,6.06,6.9,2,333,215.3,1.020,2022-10-28
2707357,41101180,"White beans, from canned, no added fat",2802,"Beans, peas, legumes",,168,10.84,30.91,0.57,7.2,2.07,345,172.1,1.025,2022-10-28
2707358,41101210,"White beans, from canned, reduced sodium",2802,"Beans, peas, legumes",,211,10.43,29.76,6.06,6.9,2,251,215.3,1.020,2022-10-28
2707354,41101110,"White beans, from dried, fat added",2802,"Beans, peas, legumes",,188,9.04,23.32,6.83,5.9,0.32,221,190.9,1.015,2022-10-28
2707355,41101120,"White beans, from dried, no added fat",2802,"Beans, peas, legumes",,138,9.67,24.94,0.35,6.3,0.34,237,141.6,1.026,2022-10-28
2707353,41101090,"White beans, NFS",2802,"Beans, peas, legumes",,188,9.04,23.32,6.83,5.9,0.32,221,190.9,1.015,2022-10-28
2710339,91705400,White chocolate candy,5704,Candy not containing chocolate,,539,5.87,59.24,32.09,0.2,59,90,549.2,1.019,2022-10-28
2708677,58107207,"White pizza, cheese, thick crust",3602,Pizza,,280,11.8,31.82,11.41,1.3,3.32,541,277.2,0.990,2022-10-28
2708676,58107205,"White pizza, cheese, thin crust",3602,Pizza,,285,12.4,27.58,13.66,1.1,2.97,521,282.9,0.992,2022-10-28
2708683,58107234,"White pizza, cheese, with meat and vegetables, thick crust",3602,Pizza,,270,11.67,25.31,13.34,1.1,3.06,559,268.0,0.993,2022-10-28
2708682,58107232,"White pizza, cheese, with meat and vegetables, thin crust",3602,Pizza,,272,12.07,21.06,15.31,1,2.75,548,270.3,0.994,2022-10-28
2708681,58107224,"White pizza, cheese, with meat, thick crust",3602,Pizza,,296,12.84,27.2,14.8,1.1,2.95,621,293.4,0.991,2022-10-28
2708680,58107222,"White pizza, cheese, with meat, thin crust",3602,Pizza,,304,13.56,22.77,17.36,0.9,2.59,622,301.6,0.992,2022-10-28
2708679,58107214,"White pizza, cheese, with vegetables, thick crust",3602,Pizza,,244,10.02,27.82,10.14,1.3,3.21,492,242.6,0.994,2022-10-28
2708678,58107212,"White pizza, cheese, with vegetables, thin crust",3602,Pizza,,241,10.13,23.59,11.68,1.2,2.9,466,240.0,0.996,2022-10-28
2710673,93301250,White Russian,7506,Liquor and cocktails,,181,2.15,11.17,7.9,0,9.56,43,124.4,0.687,2022-10-28
2705703,13411000,White sauce or gravy,8412,"Dips, gravies, other sauces",,144,3.84,9.21,10.2,0.2,4.63,323,144.0,1.000,2022-10-28
2708442,56207200,"Whole wheat cereal, cooked",4804,Grits and other cooked cereals,,47,1.55,10.39,0.28,1.3,0.06,71,50.3,1.070,2022-10-28
2706931,27510615,Whopper (Burger King),3702,Burgers,,226,11.34,17.33,12.37,1.5,4,342,226.0,1.000,2022-10-28
2706923,27510552,Whopper Jr (Burger King),3702,Burgers,,216,10.73,21.14,9.58,1,4.28,315,213.7,0.989,2022-10-28
2706891,27510171,Whopper Jr with cheese (Burger King),3702,Burgers,,235,12.02,19,12.09,0.9,4.08,407,232.9,0.991,2022-10-28
2706899,27510231,Whopper with cheese (Burger King),3702,Burgers,,268,13.69,17.73,15.8,1.1,4.5,473,267.9,1.000,2022-10-28
2705927,23345100,Wild pig,2008,"Lamb, goat, game",,159,28.08,0,4.34,0,0,367,151.4,0.952,2022-10-28
2710694,93404000,Wine cooler,7504,Wine,,68,0,10.07,0,0,9.77,5,40.3,0.592,2022-10-28
2710697,93405000,Wine spritzer,7504,Wine,,49,0.04,1.62,0,0,0.47,11,6.6,0.136,2022-10-28
2710692,93402000,"Wine, dessert, sweet",7504,Wine,,160,0.2,13.69,0,0,7.78,9,55.6,0.347,2022-10-28
2710693,93403000,"Wine, light",7504,Wine,,49,0.07,1.17,0,0,1.15,7,5.0,0.101,2022-10-28
2710609,92801000,"Wine, nonalcoholic",7204,Fruit drinks,,6,0.5,1.1,0,0,1.1,7,6.4,1.067,2022-10-28
2710688,93401010,"Wine, red",7504,Wine,,85,0.07,2.61,0,0,0.62,4,10.7,0.126,2022-10-28
2710691,93401100,"Wine, rice",7504,Wine,,134,0.5,5,0,0,0,2,22.0,0.164,2022-10-28
2710690,93401030,"Wine, rose",7504,Wine,,83,0.36,3.8,0,0,3.8,5,16.6,0.200,2022-10-28
2710687,93401005,"Wine, sparkling",7504,Wine,,75,0.07,2.31,0,0,1,5,9.5,0.127,2022-10-28
2710689,93401020,"Wine, white",7504,Wine,,82,0.07,2.6,0,0,0.96,5,10.7,0.130,2022-10-28
2710004,75235750,"Winter melon, cooked",6420,Other vegetables and combinations,,36,0.4,2.95,2.74,1,1.15,225,38.1,1.057,2022-10-28
2709695,73303020,"Winter squash, cooked, fat added",6406,Other red and orange vegetables,,59,0.87,8.57,2.88,2.7,3.2,122,63.7,1.079,2022-10-28
2709694,73303010,"Winter squash, cooked, no added fat",6406,Other red and orange vegetables,,37,0.89,8.82,0.35,2.8,3.29,117,42.0,1.135,2022-10-28
2709693,73302010,"Winter squash, raw",6406,Other red and orange vegetables,raw,26,1,6.5,0.1,0.5,2.76,1,30.9,1.188,2022-10-28
2708705,58111110,"Wonton, dumpling or pot sticker, fried",3406,"Egg rolls, dumplings, sushi",fried,192,8.76,14.05,11.13,1.5,2.92,467,191.4,0.997,2022-10-28
2708706,58111120,"Wonton, dumpling or pot sticker, fried, no meat",3406,"Egg rolls, dumplings, sushi",fried,192,8.76,14.05,11.13,1.5,2.92,467,191.4,0.997,2022-10-28
2708708,58112510,"Wonton, dumpling or pot sticker, steamed",3406,"Egg rolls, dumplings, sushi",steamed,113,6.9,11.07,4.6,1.2,2.3,368,113.3,1.002,2022-10-28
2707447,41420450,Worcestershire sauce,8406,Mustard and other condiments,,77,0,19.17,0,0,10.03,1300,76.7,0.996,2022-10-28
2708931,58147520,"Yat Ga Mein with meat, fish, or poultry",3402,Fried rice and lo/chow mein,,134,10.36,11.16,5.57,1.5,1.54,354,136.2,1.016,2022-10-28
2710005,75236000,Yeast,9999,Not included in a food category,,325,40.44,41.22,7.61,26.9,0,51,395.1,1.216,2022-10-28
2710006,75236500,Yeast extract spread,8406,Mustard and other condiments,,185,23.88,20.42,0.9,6.5,1.6,3380,185.3,1.002,2022-10-28
2708421,56205170,"Yellow rice, cooked, fat added",4002,Rice,,103,1.76,18.7,2.43,0.4,0.44,351,103.7,1.007,2022-10-28
2708420,56205150,"Yellow rice, cooked, no added fat",4002,Rice,,88,1.8,19.1,0.45,0.5,0.45,340,87.7,0.996,2022-10-28
2708419,56205130,"Yellow rice, cooked, NS as to fat",4002,Rice,,88,1.8,19.1,0.45,0.5,0.45,340,87.7,0.996,2022-10-28
2709870,75206020,"Yellow string beans, cooked",6412,String beans,,50,1.45,6.25,2.71,2.9,1.82,130,55.2,1.104,2022-10-28
2705450,11446000,"Yogurt parfait, with fruit",1820,"Yogurt, regular",,104,5.25,16.08,2.18,1.3,10.36,44,104.9,1.009,2022-10-28
2705443,11436100,Yogurt tube,1820,"Yogurt, regular",,81,4.34,13.68,1.03,0.1,11.4,60,81.3,1.004,2022-10-28
2707570,42401200,"Yogurt, almond milk",1904,Plant-based yogurt,,128,3.03,12.98,7.03,1.5,7.8,49,127.3,0.995,2022-10-28
2707569,42401100,"Yogurt, coconut milk",1904,Plant-based yogurt,,108,2.37,12.91,5.61,1.2,8.88,41,111.6,1.033,2022-10-28
2705439,11435020,"Yogurt, Greek, low fat milk, flavors other than fruit",1822,"Yogurt, Greek",,81,9.07,8.18,1.34,0,7.87,32,81.1,1.001,2022-10-28
2705431,11434010,"Yogurt, Greek, low fat milk, fruit",1822,"Yogurt, Greek",,91,9.11,10.78,1.33,0.1,8.21,35,91.5,1.006,2022-10-28
2705423,11411410,"Yogurt, Greek, low fat milk, plain",1822,"Yogurt, Greek",,67,10.2,3.6,1.36,0,3.24,36,67.4,1.007,2022-10-28
2705440,11435030,"Yogurt, Greek, nonfat milk, flavors other than fruit",1822,"Yogurt, Greek",,73,9.17,8.22,0.34,0,7.9,32,72.6,0.995,2022-10-28
2705432,11434020,"Yogurt, Greek, nonfat milk, fruit",1822,"Yogurt, Greek",,83,9.21,10.81,0.34,0.1,8.24,36,83.1,1.002,2022-10-28
2705424,11411420,"Yogurt, Greek, nonfat milk, plain",1822,"Yogurt, Greek",,59,10.3,3.64,0.37,0,3.27,36,59.1,1.002,2022-10-28
2705415,11400010,"Yogurt, Greek, NS as to type of milk or flavor",1822,"Yogurt, Greek",,91,9.11,10.78,1.33,0.1,8.21,35,91.5,1.006,2022-10-28
2705437,11435000,"Yogurt, Greek, NS as to type of milk, flavors other than fruit",1822,"Yogurt, Greek",,81,9.07,8.18,1.34,0,7.87,32,81.1,1.001,2022-10-28
2705429,11433990,"Yogurt, Greek, NS as to type of milk, fruit",1822,"Yogurt, Greek",,91,9.11,10.78,1.33,0.1,8.21,35,91.5,1.006,2022-10-28
2705421,11411390,"Yogurt, Greek, NS as to type of milk, plain",1822,"Yogurt, Greek",,67,10.2,3.6,1.36,0,3.24,36,67.4,1.007,2022-10-28
2705438,11435010,"Yogurt, Greek, whole milk, flavors other than fruit",1822,"Yogurt, Greek",,104,7.81,9.21,3.92,0,7.88,31,103.4,0.994,2022-10-28
2705430,11434000,"Yogurt, Greek, whole milk, fruit",1822,"Yogurt, Greek",,114,7.85,11.8,3.91,0.1,8.23,34,113.8,0.998,2022-10-28
2705422,11411400,"Yogurt, Greek, whole milk, plain",1822,"Yogurt, Greek",,94,8.78,4.75,4.39,0,3.25,34,93.6,0.996,2022-10-28
2705441,11435100,"Yogurt, Greek, with oats",1822,"Yogurt, Greek",,149,9.22,20.02,3.67,1.5,10.74,58,150.0,1.007,2022-10-28
2705442,11436000,"Yogurt, liquid",1820,"Yogurt, regular",,74,3.65,12.55,1.07,0.1,10.27,53,74.4,1.006,2022-10-28
2705435,11434200,"Yogurt, low fat milk, flavors other than fruit",1820,"Yogurt, regular",,82,4.51,13.02,1.36,0,13.04,61,82.4,1.004,2022-10-28
2705427,11432000,"Yogurt, low fat milk, fruit",1820,"Yogurt, regular",,93,4.57,15.69,1.34,0.2,12.84,65,93.1,1.001,2022-10-28
2705419,11411200,"Yogurt, low fat milk, plain",1820,"Yogurt, regular",,63,5.25,7.04,1.55,0,7.04,70,63.1,1.002,2022-10-28
2705414,11400000,"Yogurt, NFS",1820,"Yogurt, regular",,94,6.67,10.22,2.87,0.1,8.05,49,93.4,0.994,2022-10-28
2705436,11434300,"Yogurt, nonfat milk, flavors other than fruit",1820,"Yogurt, regular",,47,3.64,7.94,0.08,0,7.6,44,47.0,1.001,2022-10-28
2705428,11433000,"Yogurt, nonfat milk, fruit",1820,"Yogurt, regular",,46,3.64,7.64,0.08,0,7.09,45,45.8,0.997,2022-10-28
2705420,11411300,"Yogurt, nonfat milk, plain",1820,"Yogurt, regular",,50,4.23,8.08,0.09,0,7.68,51,50.1,1.001,2022-10-28
2705416,11410000,"Yogurt, NS as to type of milk or flavor",1820,"Yogurt, regular",,93,4.57,15.69,1.34,0.2,12.84,65,93.1,1.001,2022-10-28
2705433,11434090,"Yogurt, NS as to type of milk, flavors other than fruit",1820,"Yogurt, regular",,82,4.51,13.02,1.36,0,13.04,61,82.4,1.004,2022-10-28
2705425,11430000,"Yogurt, NS as to type of milk, fruit",1820,"Yogurt, regular",,93,4.57,15.69,1.34,0.2,12.84,65,93.1,1.001,2022-10-28
2705417,11411010,"Yogurt, NS as to type of milk, plain",1820,"Yogurt, regular",,63,5.25,7.04,1.55,0,7.04,70,63.1,1.002,2022-10-28
2707444,41420380,"Yogurt, soy",1904,Plant-based yogurt,,90,4.83,12.27,2.63,0.9,8.04,30,92.1,1.023,2022-10-28
2705434,11434100,"Yogurt, whole milk, flavors other than fruit",1820,"Yogurt, regular",,95,3.28,11.76,3.88,0,10.5,36,95.1,1.001,2022-10-28
2705426,11431000,"Yogurt, whole milk, fruit",1820,"Yogurt, regular",,106,3.34,14.43,3.86,0.2,10.31,41,105.8,0.998,2022-10-28
2705418,11411100,"Yogurt, whole milk, plain",1820,"Yogurt, regular",,78,3.82,5.57,4.48,0,4.09,42,77.9,0.998,2022-10-28
2710315,91520100,Yokan,5806,"Gelatins, ices, sorbets",,133,2.4,30.63,0.24,2,24.72,119,134.3,1.010,2022-10-28
2709565,71930190,Yuca fries,6430,Fried vegetables,,269,1.24,34.72,13.94,1.6,1.55,154,269.3,1.001,2022-10-28
2710104,75535000,"Zucchini, pickled",8408,"Olives, pickles, pickled vegetables",,35,1,7.44,0.28,0.8,6.94,951,36.3,1.037,2022-10-28
2707705,51188500,Zwieback toast,5202,"Crackers, excludes saltines",,426,10.1,74.2,9.7,2.5,12.5,227,424.5,0.996,2022-10-28
